marker_id,scan_distance,movement_id,px,py,pz,qx,qy,qz,qw,cam_px,cam_py,cam_pz,cam_qx,cam_qy,cam_qz,cam_qw
0,0.2625,1,-0.195715,-0.302021,0.092923,0.505794,0.480773,0.51953,0.493071,-0.022689,-0.018231,0.229156,0.999617,-0.024605,0.002498,0.012453
0,0.2625,1,-0.194709,-0.301877,0.092769,0.51449,0.48358,0.507572,0.493783,-0.022542,-0.018075,0.22815,0.999752,-0.02119,-0.006793,0.001096
0,0.2625,1,-0.195262,-0.301996,0.0928,0.521644,0.485436,0.500952,0.491209,-0.022662,-0.018107,0.228703,-0.999665,0.021797,0.011475,0.008003
0,0.2625,1,-0.194709,-0.301877,0.092769,0.51449,0.48358,0.507572,0.493783,-0.022542,-0.018075,0.22815,0.999752,-0.02119,-0.006793,0.001096
0,0.2625,1,-0.194709,-0.301877,0.092769,0.51449,0.48358,0.507572,0.493783,-0.022542,-0.018075,0.22815,0.999752,-0.02119,-0.006793,0.001096
0,0.2625,1,-0.195715,-0.302021,0.092923,0.505794,0.480773,0.51953,0.493071,-0.022689,-0.018231,0.229156,0.999617,-0.024605,0.002498,0.012453
0,0.2625,1,-0.194709,-0.301877,0.092769,0.51449,0.48358,0.507572,0.493783,-0.022542,-0.018075,0.22815,0.999752,-0.02119,-0.006793,0.001096
0,0.2625,1,-0.194673,-0.301862,0.092798,0.519521,0.498356,0.500605,0.480764,-0.022527,-0.018104,0.228114,-0.999636,0.019312,-0.001084,0.018807
0,0.2625,1,-0.195715,-0.302021,0.092923,0.505794,0.480773,0.51953,0.493071,-0.022689,-0.018231,0.229156,0.999617,-0.024605,0.002498,0.012453
0,0.2625,1,-0.194709,-0.301877,0.092769,0.51449,0.48358,0.507572,0.493783,-0.022542,-0.018075,0.22815,0.999752,-0.02119,-0.006793,0.001096
0,0.2625,1,-0.195212,-0.301892,0.092926,0.503367,0.495637,0.519519,0.480693,-0.022558,-0.018233,0.228653,0.999605,-0.022129,0.017314,2.8e-05
0,0.2625,1,-0.194928,-0.301888,0.092874,0.501618,0.475941,0.522673,0.498671,-0.022553,-0.01818,0.228369,0.999491,-0.02372,0.000952,0.021332
0,0.2625,1,-0.195212,-0.301892,0.092926,0.503367,0.495637,0.519519,0.480693,-0.022558,-0.018233,0.228653,0.999605,-0.022129,0.017314,2.8e-05
0,0.2625,1,-0.194928,-0.301888,0.092874,0.501618,0.475941,0.522673,0.498671,-0.022553,-0.01818,0.228369,0.999491,-0.02372,0.000952,0.021332
0,0.2625,1,-0.194928,-0.301888,0.092874,0.501618,0.475941,0.522673,0.498671,-0.022553,-0.01818,0.228369,0.999491,-0.02372,0.000952,0.021332
0,0.2625,1,-0.195212,-0.301892,0.092926,0.503367,0.495637,0.519519,0.480693,-0.022558,-0.018233,0.228653,0.999605,-0.022129,0.017314,2.8e-05
0,0.2625,1,-0.194928,-0.301888,0.092874,0.501618,0.475941,0.522673,0.498671,-0.022553,-0.01818,0.228369,0.999491,-0.02372,0.000952,0.021332
0,0.2625,1,-0.194928,-0.301888,0.092874,0.501618,0.475941,0.522673,0.498671,-0.022553,-0.01818,0.228369,0.999491,-0.02372,0.000952,0.021332
0,0.2625,1,-0.195715,-0.302021,0.092923,0.505794,0.480773,0.51953,0.493071,-0.022689,-0.018231,0.229156,0.999617,-0.024605,0.002498,0.012453
0,0.2625,1,-0.195212,-0.301892,0.092926,0.503367,0.495637,0.519519,0.480693,-0.022558,-0.018233,0.228653,0.999605,-0.022129,0.017314,2.8e-05
0,0.2625,1,-0.195212,-0.301892,0.092926,0.503367,0.495637,0.519519,0.480693,-0.022558,-0.018233,0.228653,0.999605,-0.022129,0.017314,2.8e-05
0,0.2625,1,-0.195212,-0.301892,0.092926,0.503367,0.495637,0.519519,0.480693,-0.022558,-0.018233,0.228653,0.999605,-0.022129,0.017314,2.8e-05
0,0.2625,1,-0.195212,-0.301892,0.092926,0.503367,0.495637,0.519519,0.480693,-0.022558,-0.018233,0.228653,0.999605,-0.022129,0.017314,2.8e-05
0,0.2625,1,-0.195212,-0.301892,0.092926,0.503367,0.495637,0.519519,0.480693,-0.022558,-0.018233,0.228653,0.999605,-0.022129,0.017314,2.8e-05
0,0.2625,1,-0.195212,-0.301892,0.092926,0.503367,0.495637,0.519519,0.480693,-0.022558,-0.018233,0.228653,0.999605,-0.022129,0.017314,2.8e-05
0,0.2625,1,-0.194928,-0.301888,0.092874,0.501618,0.475941,0.522673,0.498671,-0.022553,-0.01818,0.228369,0.999491,-0.02372,0.000952,0.021332
0,0.2625,1,-0.195212,-0.301892,0.092926,0.503367,0.495637,0.519519,0.480693,-0.022558,-0.018233,0.228653,0.999605,-0.022129,0.017314,2.8e-05
0,0.2625,1,-0.195212,-0.301892,0.092926,0.503367,0.495637,0.519519,0.480693,-0.022558,-0.018233,0.228653,0.999605,-0.022129,0.017314,2.8e-05
0,0.2625,1,-0.195212,-0.301892,0.092926,0.503367,0.495637,0.519519,0.480693,-0.022558,-0.018233,0.228653,0.999605,-0.022129,0.017314,2.8e-05
0,0.2625,1,-0.195212,-0.301892,0.092926,0.503367,0.495637,0.519519,0.480693,-0.022558,-0.018233,0.228653,0.999605,-0.022129,0.017314,2.8e-05
0,0.2625,1,-0.194428,-0.301926,0.092918,0.523171,0.478896,0.500372,0.496566,-0.022589,-0.018224,0.227869,-0.999563,0.022867,0.018473,0.003101
0,0.2625,1,-0.195212,-0.301892,0.092926,0.503367,0.495637,0.519519,0.480693,-0.022558,-0.018233,0.228653,0.999605,-0.022129,0.017314,2.8e-05
0,0.2625,1,-0.195212,-0.301892,0.092926,0.503367,0.495637,0.519519,0.480693,-0.022558,-0.018233,0.228653,0.999605,-0.022129,0.017314,2.8e-05
0,0.2625,1,-0.195212,-0.301892,0.092926,0.503367,0.495637,0.519519,0.480693,-0.022558,-0.018233,0.228653,0.999605,-0.022129,0.017314,2.8e-05
0,0.2625,1,-0.195212,-0.301892,0.092926,0.503367,0.495637,0.519519,0.480693,-0.022558,-0.018233,0.228653,0.999605,-0.022129,0.017314,2.8e-05
0,0.2625,1,-0.195212,-0.301892,0.092926,0.503367,0.495637,0.519519,0.480693,-0.022558,-0.018233,0.228653,0.999605,-0.022129,0.017314,2.8e-05
0,0.2625,1,-0.195212,-0.301892,0.092926,0.503367,0.495637,0.519519,0.480693,-0.022558,-0.018233,0.228653,0.999605,-0.022129,0.017314,2.8e-05
0,0.2625,1,-0.195212,-0.301892,0.092926,0.503367,0.495637,0.519519,0.480693,-0.022558,-0.018233,0.228653,0.999605,-0.022129,0.017314,2.8e-05
0,0.2625,1,-0.195212,-0.301892,0.092926,0.503367,0.495637,0.519519,0.480693,-0.022558,-0.018233,0.228653,0.999605,-0.022129,0.017314,2.8e-05
0,0.2625,1,-0.194428,-0.301926,0.092918,0.523171,0.478896,0.500372,0.496566,-0.022589,-0.018224,0.227869,-0.999563,0.022867,0.018473,0.003101
0,0.2625,1,-0.195212,-0.301892,0.092926,0.503367,0.495637,0.519519,0.480693,-0.022558,-0.018233,0.228653,0.999605,-0.022129,0.017314,2.8e-05
0,0.2625,1,-0.195212,-0.301892,0.092926,0.503367,0.495637,0.519519,0.480693,-0.022558,-0.018233,0.228653,0.999605,-0.022129,0.017314,2.8e-05
0,0.2625,1,-0.195212,-0.301892,0.092926,0.503367,0.495637,0.519519,0.480693,-0.022558,-0.018233,0.228653,0.999605,-0.022129,0.017314,2.8e-05
0,0.2625,1,-0.195212,-0.301892,0.092926,0.503367,0.495637,0.519519,0.480693,-0.022558,-0.018233,0.228653,0.999605,-0.022129,0.017314,2.8e-05
0,0.2625,1,-0.195212,-0.301892,0.092926,0.503367,0.495637,0.519519,0.480693,-0.022558,-0.018233,0.228653,0.999605,-0.022129,0.017314,2.8e-05
0,0.2625,1,-0.195212,-0.301892,0.092926,0.503367,0.495637,0.519519,0.480693,-0.022558,-0.018233,0.228653,0.999605,-0.022129,0.017314,2.8e-05
0,0.2625,1,-0.195212,-0.301892,0.092926,0.503367,0.495637,0.519519,0.480693,-0.022558,-0.018233,0.228653,0.999605,-0.022129,0.017314,2.8e-05
0,0.2625,1,-0.195212,-0.301892,0.092926,0.503367,0.495637,0.519519,0.480693,-0.022558,-0.018233,0.228653,0.999605,-0.022129,0.017314,2.8e-05
0,0.2625,1,-0.194428,-0.301926,0.092918,0.523171,0.478896,0.500372,0.496566,-0.022589,-0.018224,0.227869,-0.999563,0.022867,0.018473,0.003101
0,0.2625,1,-0.194428,-0.301926,0.092918,0.523171,0.478896,0.500372,0.496566,-0.022589,-0.018224,0.227869,-0.999563,0.022867,0.018473,0.003101
0,0.2625,1,-0.195212,-0.301892,0.092926,0.503367,0.495637,0.519519,0.480693,-0.022558,-0.018233,0.228653,0.999605,-0.022129,0.017314,2.8e-05
0,0.2625,1,-0.195212,-0.301892,0.092926,0.503367,0.495637,0.519519,0.480693,-0.022558,-0.018233,0.228653,0.999605,-0.022129,0.017314,2.8e-05
0,0.2625,1,-0.195212,-0.301892,0.092926,0.503367,0.495637,0.519519,0.480693,-0.022558,-0.018233,0.228653,0.999605,-0.022129,0.017314,2.8e-05
0,0.2625,1,-0.194799,-0.301958,0.092805,0.528352,0.491494,0.489642,0.489417,-0.022623,-0.018111,0.22824,-0.999493,0.017338,0.016573,0.020922
0,0.2625,1,-0.195212,-0.301892,0.092926,0.503367,0.495637,0.519519,0.480693,-0.022558,-0.018233,0.228653,0.999605,-0.022129,0.017314,2.8e-05
0,0.2625,1,-0.195212,-0.301892,0.092926,0.503367,0.495637,0.519519,0.480693,-0.022558,-0.018233,0.228653,0.999605,-0.022129,0.017314,2.8e-05
0,0.2625,1,-0.194428,-0.301926,0.092918,0.523171,0.478896,0.500372,0.496566,-0.022589,-0.018224,0.227869,-0.999563,0.022867,0.018473,0.003101
0,0.2625,1,-0.195212,-0.301892,0.092926,0.503367,0.495637,0.519519,0.480693,-0.022558,-0.018233,0.228653,0.999605,-0.022129,0.017314,2.8e-05
0,0.2625,1,-0.195212,-0.301892,0.092926,0.503367,0.495637,0.519519,0.480693,-0.022558,-0.018233,0.228653,0.999605,-0.022129,0.017314,2.8e-05
0,0.2625,1,-0.195212,-0.301892,0.092926,0.503367,0.495637,0.519519,0.480693,-0.022558,-0.018233,0.228653,0.999605,-0.022129,0.017314,2.8e-05
0,0.2625,1,-0.194428,-0.301926,0.092918,0.523171,0.478896,0.500372,0.496566,-0.022589,-0.018224,0.227869,-0.999563,0.022867,0.018473,0.003101
0,0.2625,1,-0.194428,-0.301926,0.092918,0.523171,0.478896,0.500372,0.496566,-0.022589,-0.018224,0.227869,-0.999563,0.022867,0.018473,0.003101
0,0.2625,1,-0.194428,-0.301926,0.092918,0.523171,0.478896,0.500372,0.496566,-0.022589,-0.018224,0.227869,-0.999563,0.022867,0.018473,0.003101
0,0.2625,1,-0.195212,-0.301892,0.092926,0.503367,0.495637,0.519519,0.480693,-0.022558,-0.018233,0.228653,0.999605,-0.022129,0.017314,2.8e-05
0,0.2625,1,-0.195212,-0.301892,0.092926,0.503367,0.495637,0.519519,0.480693,-0.022558,-0.018233,0.228653,0.999605,-0.022129,0.017314,2.8e-05
0,0.2625,1,-0.194854,-0.301753,0.092895,-0.485608,-0.554481,-0.531709,-0.417158,-0.022417,-0.018201,0.228296,-0.994316,0.021653,-0.093415,0.046272
0,0.2625,1,-0.194428,-0.301926,0.092918,0.523171,0.478896,0.500372,0.496566,-0.022589,-0.018224,0.227869,-0.999563,0.022867,0.018473,0.003101
0,0.2625,1,-0.195212,-0.301892,0.092926,0.503367,0.495637,0.519519,0.480693,-0.022558,-0.018233,0.228653,0.999605,-0.022129,0.017314,2.8e-05
0,0.2625,1,-0.194428,-0.301926,0.092918,0.523171,0.478896,0.500372,0.496566,-0.022589,-0.018224,0.227869,-0.999563,0.022867,0.018473,0.003101
0,0.2625,1,-0.194428,-0.301926,0.092918,0.523171,0.478896,0.500372,0.496566,-0.022589,-0.018224,0.227869,-0.999563,0.022867,0.018473,0.003101
0,0.2625,1,-0.194428,-0.301926,0.092918,0.523171,0.478896,0.500372,0.496566,-0.022589,-0.018224,0.227869,-0.999563,0.022867,0.018473,0.003101
0,0.2625,1,-0.195212,-0.301892,0.092926,0.503367,0.495637,0.519519,0.480693,-0.022558,-0.018233,0.228653,0.999605,-0.022129,0.017314,2.8e-05
0,0.2625,1,-0.194428,-0.301926,0.092918,0.523171,0.478896,0.500372,0.496566,-0.022589,-0.018224,0.227869,-0.999563,0.022867,0.018473,0.003101
0,0.2625,1,-0.194428,-0.301926,0.092918,0.523171,0.478896,0.500372,0.496566,-0.022589,-0.018224,0.227869,-0.999563,0.022867,0.018473,0.003101
0,0.2625,1,-0.194428,-0.301926,0.092918,0.523171,0.478896,0.500372,0.496566,-0.022589,-0.018224,0.227869,-0.999563,0.022867,0.018473,0.003101
0,0.2625,1,-0.195212,-0.301892,0.092926,0.503367,0.495637,0.519519,0.480693,-0.022558,-0.018233,0.228653,0.999605,-0.022129,0.017314,2.8e-05
0,0.2625,1,-0.194942,-0.30196,0.09304,0.510427,0.475717,0.515622,0.497284,-0.022624,-0.018346,0.228382,0.999575,-0.025385,-0.006407,0.012826
0,0.2625,1,-0.194428,-0.301926,0.092918,0.523171,0.478896,0.500372,0.496566,-0.022589,-0.018224,0.227869,-0.999563,0.022867,0.018473,0.003101
0,0.2625,1,-0.194428,-0.301926,0.092918,0.523171,0.478896,0.500372,0.496566,-0.022589,-0.018224,0.227869,-0.999563,0.022867,0.018473,0.003101
0,0.2625,1,-0.195212,-0.301892,0.092926,0.503367,0.495637,0.519519,0.480693,-0.022558,-0.018233,0.228653,0.999605,-0.022129,0.017314,2.8e-05
0,0.2625,1,-0.194428,-0.301926,0.092918,0.523171,0.478896,0.500372,0.496566,-0.022589,-0.018224,0.227869,-0.999563,0.022867,0.018473,0.003101
0,0.2625,1,-0.194428,-0.301926,0.092918,0.523171,0.478896,0.500372,0.496566,-0.022589,-0.018224,0.227869,-0.999563,0.022867,0.018473,0.003101
0,0.2625,1,-0.194428,-0.301926,0.092918,0.523171,0.478896,0.500372,0.496566,-0.022589,-0.018224,0.227869,-0.999563,0.022867,0.018473,0.003101
0,0.2625,1,-0.195212,-0.301892,0.092926,0.503367,0.495637,0.519519,0.480693,-0.022558,-0.018233,0.228653,0.999605,-0.022129,0.017314,2.8e-05
0,0.2625,1,-0.194428,-0.301926,0.092918,0.523171,0.478896,0.500372,0.496566,-0.022589,-0.018224,0.227869,-0.999563,0.022867,0.018473,0.003101
0,0.2625,1,-0.19388,-0.301809,0.092886,0.516802,0.477339,0.506124,0.498901,-0.02247,-0.018191,0.227322,0.999639,-0.022186,-0.014348,0.004902
0,0.2625,1,-0.19428,-0.301956,0.092997,0.505134,0.473652,0.51759,0.502588,-0.022619,-0.018303,0.227721,0.999532,-0.022116,-0.006451,0.020147
0,0.2625,1,-0.194854,-0.301753,0.092895,-0.485608,-0.554481,-0.531709,-0.417158,-0.022417,-0.018201,0.228296,-0.994316,0.021653,-0.093415,0.046272
0,0.2625,1,-0.193597,-0.301945,0.092772,0.542394,0.473286,0.475816,0.50538,-0.022605,-0.018077,0.227038,-0.998537,0.018559,0.047591,0.017736
0,0.2625,1,-0.194428,-0.301926,0.092918,0.523171,0.478896,0.500372,0.496566,-0.022589,-0.018224,0.227869,-0.999563,0.022867,0.018473,0.003101
0,0.2625,1,-0.194428,-0.301926,0.092918,0.523171,0.478896,0.500372,0.496566,-0.022589,-0.018224,0.227869,-0.999563,0.022867,0.018473,0.003101
0,0.2625,1,-0.193648,-0.301824,0.092996,0.503118,0.483019,0.517387,0.495859,-0.022484,-0.018301,0.227089,0.999719,-0.019679,0.002497,0.012999
0,0.2625,1,-0.194428,-0.301926,0.092918,0.523171,0.478896,0.500372,0.496566,-0.022589,-0.018224,0.227869,-0.999563,0.022867,0.018473,0.003101
0,0.2625,1,-0.19428,-0.301956,0.092997,0.505134,0.473652,0.51759,0.502588,-0.022619,-0.018303,0.227721,0.999532,-0.022116,-0.006451,0.020147
0,0.2625,1,-0.19428,-0.301956,0.092997,0.505134,0.473652,0.51759,0.502588,-0.022619,-0.018303,0.227721,0.999532,-0.022116,-0.006451,0.020147
0,0.2625,1,-0.194428,-0.301926,0.092918,0.523171,0.478896,0.500372,0.496566,-0.022589,-0.018224,0.227869,-0.999563,0.022867,0.018473,0.003101
0,0.2625,1,-0.195212,-0.301892,0.092926,0.503367,0.495637,0.519519,0.480693,-0.022558,-0.018233,0.228653,0.999605,-0.022129,0.017314,2.8e-05
0,0.2625,1,-0.194428,-0.301926,0.092918,0.523171,0.478896,0.500372,0.496566,-0.022589,-0.018224,0.227869,-0.999563,0.022867,0.018473,0.003101
0,0.2625,1,-0.194428,-0.301926,0.092918,0.523171,0.478896,0.500372,0.496566,-0.022589,-0.018224,0.227869,-0.999563,0.022867,0.018473,0.003101
0,0.2625,1,-0.194428,-0.301926,0.092918,0.523171,0.478896,0.500372,0.496566,-0.022589,-0.018224,0.227869,-0.999563,0.022867,0.018473,0.003101
0,0.2625,1,-0.19428,-0.301956,0.092997,0.505134,0.473652,0.51759,0.502588,-0.022619,-0.018303,0.227721,0.999532,-0.022116,-0.006451,0.020147
0,0.2625,1,-0.19428,-0.301956,0.092997,0.505134,0.473652,0.51759,0.502588,-0.022619,-0.018303,0.227721,0.999532,-0.022116,-0.006451,0.020147
0,0.2625,1,-0.194428,-0.301926,0.092918,0.523171,0.478896,0.500372,0.496566,-0.022589,-0.018224,0.227869,-0.999563,0.022867,0.018473,0.003101
0,0.2625,1,-0.194428,-0.301926,0.092918,0.523171,0.478896,0.500372,0.496566,-0.022589,-0.018224,0.227869,-0.999563,0.022867,0.018473,0.003101
0,0.2625,1,-0.194428,-0.301926,0.092918,0.523171,0.478896,0.500372,0.496566,-0.022589,-0.018224,0.227869,-0.999563,0.022867,0.018473,0.003101
0,0.2625,1,-0.194428,-0.301926,0.092918,0.523171,0.478896,0.500372,0.496566,-0.022589,-0.018224,0.227869,-0.999563,0.022867,0.018473,0.003101
0,0.2625,1,-0.194426,-0.301962,0.09309,0.494817,0.467231,0.529658,0.506275,-0.022625,-0.018396,0.227866,0.99904,-0.024392,-0.000296,0.036383
0,0.2625,1,-0.193597,-0.301945,0.092772,0.542394,0.473286,0.475816,0.50538,-0.022605,-0.018077,0.227038,-0.998537,0.018559,0.047591,0.017736
0,0.225,2,-0.193722,-0.30218,0.096455,-0.528562,-0.512531,-0.490301,-0.466411,-0.002471,-0.003302,0.185834,-0.998697,-0.004102,-0.010838,0.049707
0,0.225,2,-0.193722,-0.30218,0.096455,-0.528562,-0.512531,-0.490301,-0.466411,-0.002471,-0.003302,0.185834,-0.998697,-0.004102,-0.010838,0.049707
0,0.225,2,-0.193688,-0.302038,0.096664,0.481103,0.496218,0.537797,0.482786,-0.002318,-0.003503,0.185799,0.998959,0.003374,0.043479,0.013352
0,0.225,2,-0.193629,-0.302117,0.096504,-0.493131,-0.519555,-0.521871,-0.46318,-0.002404,-0.003346,0.185742,-0.998466,-0.007416,-0.050156,0.022231
0,0.225,2,-0.193506,-0.302202,0.09652,0.529352,0.50136,0.490827,0.476983,-0.002486,-0.003365,0.185617,-0.999245,-0.003147,-9e-05,0.03872
0,0.225,2,-0.193901,-0.301965,0.096503,-0.493426,-0.524156,-0.520375,-0.459349,-0.002257,-0.003342,0.186016,-0.998164,-0.008413,-0.053359,0.02741
0,0.225,2,-0.193722,-0.30218,0.096455,-0.528562,-0.512531,-0.490301,-0.466411,-0.002471,-0.003302,0.185834,-0.998697,-0.004102,-0.010838,0.049707
0,0.225,2,-0.193627,-0.302036,0.096514,-0.480478,-0.527034,-0.532621,-0.455732,-0.002323,-0.003352,0.185741,-0.997384,-0.008187,-0.069415,0.018436
0,0.225,2,-0.193629,-0.302117,0.096504,-0.493131,-0.519555,-0.521871,-0.46318,-0.002404,-0.003346,0.185742,-0.998466,-0.007416,-0.050156,0.022231
0,0.225,2,-0.192888,-0.302303,0.096558,0.543798,0.46077,0.470692,0.520023,-0.002576,-0.003398,0.184997,-0.998185,-0.007409,0.058396,0.012755
0,0.225,2,-0.193722,-0.30218,0.096455,-0.528562,-0.512531,-0.490301,-0.466411,-0.002471,-0.003302,0.185834,-0.998697,-0.004102,-0.010838,0.049707
0,0.225,2,-0.193505,-0.301967,0.096541,-0.49622,-0.526533,-0.51843,-0.455806,-0.002251,-0.003374,0.185619,-0.997986,-0.007441,-0.053814,0.032759
0,0.225,2,-0.193909,-0.302282,0.096557,0.528157,0.480124,0.49303,0.497446,-0.002571,-0.003411,0.186018,-0.999702,-0.002217,0.018523,0.015733
0,0.225,2,-0.193028,-0.302121,0.096355,-0.539578,-0.531571,-0.475491,-0.447434,-0.002406,-0.003189,0.185143,-0.996504,-0.006198,-0.016172,0.081734
0,0.225,2,-0.193722,-0.30218,0.096455,-0.528562,-0.512531,-0.490301,-0.466411,-0.002471,-0.003302,0.185834,-0.998697,-0.004102,-0.010838,0.049707
0,0.225,2,-0.194132,-0.302243,0.096455,0.532611,0.480457,0.483466,0.501744,-0.00254,-0.003311,0.186244,-0.999383,-0.007185,0.027598,0.020502
0,0.225,2,-0.193909,-0.302282,0.096557,0.528157,0.480124,0.49303,0.497446,-0.002571,-0.003411,0.186018,-0.999702,-0.002217,0.018523,0.015733
0,0.225,2,-0.193724,-0.302076,0.096569,-0.491534,-0.512437,-0.525584,-0.468576,-0.002362,-0.003411,0.185837,-0.998804,-0.005457,-0.046755,0.013253
0,0.225,2,-0.193722,-0.30218,0.096455,-0.528562,-0.512531,-0.490301,-0.466411,-0.002471,-0.003302,0.185834,-0.998697,-0.004102,-0.010838,0.049707
0,0.225,2,-0.193463,-0.302092,0.096606,-0.499038,-0.511274,-0.519268,-0.468957,-0.002372,-0.003444,0.185575,-0.999047,-0.004582,-0.038924,0.019217
0,0.225,2,-0.193909,-0.302282,0.096557,0.528157,0.480124,0.49303,0.497446,-0.002571,-0.003411,0.186018,-0.999702,-0.002217,0.018523,0.015733
0,0.225,2,-0.192932,-0.302371,0.096555,0.549811,0.453627,0.4647,0.525341,-0.002644,-0.003399,0.185039,-0.997406,-0.006552,0.070633,0.012237
0,0.225,2,-0.193724,-0.302076,0.096569,-0.491534,-0.512437,-0.525584,-0.468576,-0.002362,-0.003411,0.185837,-0.998804,-0.005457,-0.046755,0.013253
0,0.225,2,-0.193892,-0.302009,0.09658,-0.483057,-0.51621,-0.532613,-0.465303,-0.002297,-0.003421,0.186005,-0.998246,-0.006303,-0.05813,0.009282
0,0.225,2,-0.193909,-0.302282,0.096557,0.528157,0.480124,0.49303,0.497446,-0.002571,-0.003411,0.186018,-0.999702,-0.002217,0.018523,0.015733
0,0.225,2,-0.193618,-0.30221,0.096595,0.510452,0.476249,0.511926,0.500557,-0.002493,-0.003441,0.185728,0.999978,0.000961,-0.003208,0.005693
0,0.225,2,-0.193724,-0.302076,0.096569,-0.491534,-0.512437,-0.525584,-0.468576,-0.002362,-0.003411,0.185837,-0.998804,-0.005457,-0.046755,0.013253
0,0.225,2,-0.193506,-0.302202,0.09652,0.529352,0.50136,0.490827,0.476983,-0.002486,-0.003365,0.185617,-0.999245,-0.003147,-9e-05,0.03872
0,0.225,2,-0.193641,-0.302119,0.096498,-0.527089,-0.517999,-0.493417,-0.458687,-0.002407,-0.003341,0.185754,-0.998334,-0.002116,-0.019607,0.054232
0,0.225,2,-0.193909,-0.302282,0.096557,0.528157,0.480124,0.49303,0.497446,-0.002571,-0.003411,0.186018,-0.999702,-0.002217,0.018523,0.015733
0,0.225,2,-0.193722,-0.30218,0.096455,-0.528562,-0.512531,-0.490301,-0.466411,-0.002471,-0.003302,0.185834,-0.998697,-0.004102,-0.010838,0.049707
0,0.225,2,-0.192971,-0.302049,0.096757,0.469265,0.478288,0.551481,0.49689,-0.002314,-0.003586,0.185081,0.998273,0.000306,0.04088,0.042182
0,0.225,2,-0.193722,-0.302046,0.096638,0.475819,0.515349,0.541278,0.463712,-0.002328,-0.003478,0.185834,-0.997769,-0.00423,-0.066606,0.001907
0,0.225,2,-0.193722,-0.30218,0.096455,-0.528562,-0.512531,-0.490301,-0.466411,-0.002471,-0.003302,0.185834,-0.998697,-0.004102,-0.010838,0.049707
0,0.225,2,-0.193126,-0.302322,0.096484,0.545038,0.475097,0.472089,0.50433,-0.002602,-0.003328,0.185235,-0.998637,-0.005433,0.043676,0.02806
0,0.225,2,-0.193311,-0.302039,0.096621,0.479563,0.494112,0.538349,0.485853,-0.002316,-0.003454,0.185423,0.998962,0.004329,0.042033,0.017028
0,0.225,2,-0.193618,-0.30221,0.096595,0.510452,0.476249,0.511926,0.500557,-0.002493,-0.003441,0.185728,0.999978,0.000961,-0.003208,0.005693
0,0.225,2,-0.194132,-0.302243,0.096455,0.532611,0.480457,0.483466,0.501744,-0.00254,-0.003311,0.186244,-0.999383,-0.007185,0.027598,0.020502
0,0.225,2,-0.193618,-0.302328,0.096454,0.540586,0.497909,0.474171,0.484783,-0.002617,-0.003306,0.185728,-0.99869,-0.008227,0.01964,0.046529
0,0.225,2,-0.193669,-0.30227,0.09641,0.53911,0.498762,0.477681,0.482097,-0.002563,-0.00326,0.18578,-0.998807,-0.00626,0.015375,0.045923
0,0.225,2,-0.193722,-0.302046,0.096638,0.475819,0.515349,0.541278,0.463712,-0.002328,-0.003478,0.185834,-0.997769,-0.00423,-0.066606,0.001907
0,0.225,2,-0.193669,-0.30227,0.09641,0.53911,0.498762,0.477681,0.482097,-0.002563,-0.00326,0.18578,-0.998807,-0.00626,0.015375,0.045923
0,0.225,2,-0.193669,-0.30227,0.09641,0.53911,0.498762,0.477681,0.482097,-0.002563,-0.00326,0.18578,-0.998807,-0.00626,0.015375,0.045923
0,0.225,2,-0.193206,-0.302395,0.096491,0.549666,0.463723,0.467576,0.514005,-0.002676,-0.00334,0.185315,-0.998032,-0.00457,0.058638,0.021752
0,0.225,2,-0.193722,-0.30218,0.096455,-0.528562,-0.512531,-0.490301,-0.466411,-0.002471,-0.003302,0.185834,-0.998697,-0.004102,-0.010838,0.049707
0,0.225,2,-0.193511,-0.302144,0.096473,0.527367,0.503821,0.492823,0.474525,-0.00243,-0.003315,0.185623,-0.999213,-0.003115,-0.004528,0.039295
0,0.225,2,-0.193722,-0.30218,0.096455,-0.528562,-0.512531,-0.490301,-0.466411,-0.002471,-0.003302,0.185834,-0.998697,-0.004102,-0.010838,0.049707
0,0.225,2,-0.193233,-0.302176,0.096369,-0.509534,-0.523705,-0.508172,-0.455927,-0.002464,-0.003209,0.185347,-0.998261,-0.004744,-0.040293,0.042776
0,0.225,2,-0.194132,-0.302243,0.096455,0.532611,0.480457,0.483466,0.501744,-0.00254,-0.003311,0.186244,-0.999383,-0.007185,0.027598,0.020502
0,0.225,2,-0.193722,-0.30218,0.096455,-0.528562,-0.512531,-0.490301,-0.466411,-0.002471,-0.003302,0.185834,-0.998697,-0.004102,-0.010838,0.049707
0,0.225,2,-0.193457,-0.302183,0.096505,-0.500652,-0.509529,-0.521409,-0.466755,-0.002467,-0.003348,0.185568,-0.999039,-0.000727,-0.039387,0.019224
0,0.225,2,-0.193627,-0.302036,0.096514,-0.480478,-0.527034,-0.532621,-0.455732,-0.002323,-0.003352,0.185741,-0.997384,-0.008187,-0.069415,0.018436
0,0.225,2,-0.193511,-0.302144,0.096473,0.527367,0.503821,0.492823,0.474525,-0.00243,-0.003315,0.185623,-0.999213,-0.003115,-0.004528,0.039295
0,0.225,2,-0.19327,-0.302087,0.096671,0.47838,0.492563,0.541304,0.485308,-0.002361,-0.003506,0.185381,0.998853,0.002362,0.043645,0.019547
0,0.225,2,-0.193669,-0.30227,0.09641,0.53911,0.498762,0.477681,0.482097,-0.002563,-0.00326,0.18578,-0.998807,-0.00626,0.015375,0.045923
0,0.225,2,-0.193722,-0.302046,0.096638,0.475819,0.515349,0.541278,0.463712,-0.002328,-0.003478,0.185834,-0.997769,-0.00423,-0.066606,0.001907
0,0.225,2,-0.193722,-0.30218,0.096455,-0.528562,-0.512531,-0.490301,-0.466411,-0.002471,-0.003302,0.185834,-0.998697,-0.004102,-0.010838,0.049707
0,0.225,2,-0.193669,-0.30227,0.09641,0.53911,0.498762,0.477681,0.482097,-0.002563,-0.00326,0.18578,-0.998807,-0.00626,0.015375,0.045923
0,0.225,2,-0.193463,-0.302092,0.096606,-0.499038,-0.511274,-0.519268,-0.468957,-0.002372,-0.003444,0.185575,-0.999047,-0.004582,-0.038924,0.019217
0,0.225,2,-0.193722,-0.30218,0.096455,-0.528562,-0.512531,-0.490301,-0.466411,-0.002471,-0.003302,0.185834,-0.998697,-0.004102,-0.010838,0.049707
0,0.225,2,-0.193669,-0.30227,0.09641,0.53911,0.498762,0.477681,0.482097,-0.002563,-0.00326,0.18578,-0.998807,-0.00626,0.015375,0.045923
0,0.225,2,-0.193722,-0.30218,0.096455,-0.528562,-0.512531,-0.490301,-0.466411,-0.002471,-0.003302,0.185834,-0.998697,-0.004102,-0.010838,0.049707
0,0.225,2,-0.193511,-0.302144,0.096473,0.527367,0.503821,0.492823,0.474525,-0.00243,-0.003315,0.185623,-0.999213,-0.003115,-0.004528,0.039295
0,0.225,2,-0.193629,-0.302117,0.096504,-0.493131,-0.519555,-0.521871,-0.46318,-0.002404,-0.003346,0.185742,-0.998466,-0.007416,-0.050156,0.022231
0,0.225,2,-0.193669,-0.30227,0.09641,0.53911,0.498762,0.477681,0.482097,-0.002563,-0.00326,0.18578,-0.998807,-0.00626,0.015375,0.045923
0,0.225,2,-0.193892,-0.302009,0.09658,-0.483057,-0.51621,-0.532613,-0.465303,-0.002297,-0.003421,0.186005,-0.998246,-0.006303,-0.05813,0.009282
0,0.225,2,-0.193722,-0.30218,0.096455,-0.528562,-0.512531,-0.490301,-0.466411,-0.002471,-0.003302,0.185834,-0.998697,-0.004102,-0.010838,0.049707
0,0.225,2,-0.193892,-0.302009,0.09658,-0.483057,-0.51621,-0.532613,-0.465303,-0.002297,-0.003421,0.186005,-0.998246,-0.006303,-0.05813,0.009282
0,0.225,2,-0.192932,-0.302371,0.096555,0.549811,0.453627,0.4647,0.525341,-0.002644,-0.003399,0.185039,-0.997406,-0.006552,0.070633,0.012237
0,0.225,2,-0.193511,-0.302144,0.096473,0.527367,0.503821,0.492823,0.474525,-0.00243,-0.003315,0.185623,-0.999213,-0.003115,-0.004528,0.039295
0,0.225,2,-0.193722,-0.30218,0.096455,-0.528562,-0.512531,-0.490301,-0.466411,-0.002471,-0.003302,0.185834,-0.998697,-0.004102,-0.010838,0.049707
0,0.225,2,-0.193722,-0.30218,0.096455,-0.528562,-0.512531,-0.490301,-0.466411,-0.002471,-0.003302,0.185834,-0.998697,-0.004102,-0.010838,0.049707
0,0.225,2,-0.192888,-0.302303,0.096558,0.543798,0.46077,0.470692,0.520023,-0.002576,-0.003398,0.184997,-0.998185,-0.007409,0.058396,0.012755
0,0.225,2,-0.193722,-0.30218,0.096455,-0.528562,-0.512531,-0.490301,-0.466411,-0.002471,-0.003302,0.185834,-0.998697,-0.004102,-0.010838,0.049707
0,0.225,2,-0.193722,-0.30218,0.096455,-0.528562,-0.512531,-0.490301,-0.466411,-0.002471,-0.003302,0.185834,-0.998697,-0.004102,-0.010838,0.049707
0,0.225,2,-0.193669,-0.30227,0.09641,0.53911,0.498762,0.477681,0.482097,-0.002563,-0.00326,0.18578,-0.998807,-0.00626,0.015375,0.045923
0,0.225,2,-0.19276,-0.302007,0.096546,0.47798,0.510044,0.540395,0.468363,-0.002279,-0.00337,0.184874,0.99818,0.003292,0.060186,0.001692
0,0.225,2,-0.193909,-0.302282,0.096557,0.528157,0.480124,0.49303,0.497446,-0.002571,-0.003411,0.186018,-0.999702,-0.002217,0.018523,0.015733
0,0.225,2,-0.194321,-0.302116,0.096506,-0.510321,-0.504059,-0.508294,-0.476586,-0.002414,-0.003359,0.186433,-0.99953,-0.004809,-0.020295,0.022482
0,0.225,2,-0.193506,-0.302202,0.09652,0.529352,0.50136,0.490827,0.476983,-0.002486,-0.003365,0.185617,-0.999245,-0.003147,-9e-05,0.03872
0,0.225,2,-0.193606,-0.302016,0.096544,0.481318,0.510054,0.533621,0.472681,-0.002301,-0.003381,0.18572,-0.998571,-0.007259,-0.052941,0.00101
0,0.225,2,-0.193722,-0.30218,0.096455,-0.528562,-0.512531,-0.490301,-0.466411,-0.002471,-0.003302,0.185834,-0.998697,-0.004102,-0.010838,0.049707
0,0.225,2,-0.193669,-0.30227,0.09641,0.53911,0.498762,0.477681,0.482097,-0.002563,-0.00326,0.18578,-0.998807,-0.00626,0.015375,0.045923
0,0.225,2,-0.193793,-0.302337,0.096653,0.512638,0.464921,0.506368,0.514434,-0.002619,-0.003508,0.1859,0.999693,0.00396,-0.019451,0.014838
0,0.225,2,-0.193669,-0.30227,0.09641,0.53911,0.498762,0.477681,0.482097,-0.002563,-0.00326,0.18578,-0.998807,-0.00626,0.015375,0.045923
0,0.225,2,-0.192998,-0.302129,0.096719,0.476651,0.46383,0.545983,0.509478,-0.002396,-0.003552,0.185107,0.99854,-0.001483,0.021076,0.04972
0,0.225,2,-0.193722,-0.30218,0.096455,-0.528562,-0.512531,-0.490301,-0.466411,-0.002471,-0.003302,0.185834,-0.998697,-0.004102,-0.010838,0.049707
0,0.225,2,-0.193506,-0.302202,0.09652,0.529352,0.50136,0.490827,0.476983,-0.002486,-0.003365,0.185617,-0.999245,-0.003147,-9e-05,0.03872
0,0.1875,3,-0.191953,-0.299544,0.093706,0.509124,0.47156,0.506483,0.51176,-0.000252,0.002201,0.143601,0.998974,0.002773,-0.024994,0.037666
0,0.1875,3,-0.192304,-0.299373,0.093654,0.496576,0.496877,0.526142,0.47927,-8e-05,0.002272,0.143948,0.999507,-0.003592,0.019883,0.024035
0,0.1875,3,-0.192043,-0.299403,0.093507,-0.528491,-0.512021,-0.493978,-0.463159,-0.000117,0.002409,0.143682,-0.999715,0.004468,-0.002569,0.023309
0,0.1875,3,-0.192045,-0.299481,0.09358,-0.523762,-0.516105,-0.489938,-0.468263,-0.000193,0.002333,0.143688,-0.999734,-0.004512,-0.002253,0.022486
0,0.1875,3,-0.192324,-0.299524,0.09364,0.517601,0.480431,0.507909,0.493258,-0.000231,0.002281,0.143969,0.999658,-0.006874,-0.014988,0.020309
0,0.1875,3,-0.192333,-0.299518,0.093587,0.521886,0.500826,0.490066,0.486461,-0.000227,0.002334,0.143976,-0.999881,-0.006642,0.013181,0.004449
0,0.1875,3,-0.191985,-0.299485,0.093755,0.501708,0.474972,0.514107,0.508315,-0.000191,0.002155,0.143634,0.999035,0.002873,-0.013969,0.041547
0,0.1875,3,-0.191429,-0.299396,0.093741,0.483867,0.477962,0.531781,0.504613,-0.000106,0.002153,0.143077,0.998424,0.003042,0.007411,0.055542
0,0.1875,3,-0.192129,-0.299474,0.09368,0.498647,0.496877,0.514616,0.489524,-0.000181,0.002236,0.143775,0.999697,0.006039,0.007746,0.022559
0,0.1875,3,-0.191892,-0.299325,0.093691,0.483587,0.505689,0.53786,0.470244,-3.4e-05,0.002222,0.143537,0.998781,-0.002672,0.041206,0.027043
0,0.1875,3,-0.192145,-0.29948,0.09361,0.522791,0.488249,0.501894,0.486216,-0.00019,0.002307,0.143789,0.999865,-0.006096,-0.013427,0.007242
0,0.1875,3,-0.192385,-0.299449,0.093579,-0.509133,-0.501816,-0.503246,-0.485497,-0.000158,0.002348,0.144027,0.99995,0.006753,0.00099,0.007274
0,0.1875,3,-0.191539,-0.299224,0.093653,0.474896,0.512536,0.540991,0.468091,6.3e-05,0.002251,0.143182,0.998268,0.002643,0.051548,0.028223
0,0.1875,3,-0.192304,-0.299373,0.093654,0.496576,0.496877,0.526142,0.47927,-8e-05,0.002272,0.143948,0.999507,-0.003592,0.019883,0.024035
0,0.1875,3,-0.192177,-0.29939,0.093697,0.485563,0.486762,0.528145,0.498352,-9.6e-05,0.002224,0.143823,0.998889,0.005333,0.012035,0.04525
0,0.1875,3,-0.19239,-0.299449,0.093576,-0.515786,-0.496259,-0.50834,-0.478834,-0.000159,0.002351,0.144032,0.999968,-0.00524,0.00096,0.005993
0,0.1875,3,-0.192054,-0.299282,0.093702,0.480236,0.506163,0.540342,0.470322,1e-05,0.002219,0.1437,0.998572,-0.001896,0.04436,0.029694
0,0.1875,3,-0.191734,-0.299698,0.093496,0.55228,0.467934,0.467514,0.5074,-0.000415,0.002397,0.143376,-0.997783,0.004274,0.066351,0.002974
0,0.1875,3,-0.191469,-0.29931,0.093373,-0.528152,-0.533841,-0.492039,-0.440417,-3.4e-05,0.002525,0.143103,-0.998618,0.003523,-0.023592,0.046827
0,0.1875,3,-0.192145,-0.29948,0.093614,0.516073,0.493463,0.496894,0.493214,-0.00019,0.002303,0.143788,0.99985,0.005876,-0.013648,0.008947
0,0.1875,3,-0.191871,-0.299457,0.093483,-0.515064,-0.516853,-0.498227,-0.46834,-0.000174,0.002424,0.14351,-0.999818,-0.00533,-0.011224,0.0145
0,0.1875,3,-0.191947,-0.2994,0.093541,-0.499054,-0.523701,-0.517669,-0.456838,-0.000114,0.002371,0.143587,-0.999242,-0.001809,-0.038357,0.006463
0,0.1875,3,-0.192324,-0.299524,0.09364,0.517601,0.480431,0.507909,0.493258,-0.000231,0.002281,0.143969,0.999658,-0.006874,-0.014988,0.020309
0,0.1875,3,-0.192158,-0.2995,0.093594,0.512957,0.487764,0.510513,0.488198,-0.00021,0.002322,0.143801,0.999822,-0.004546,-0.005261,0.017541
0,0.1875,3,-0.192293,-0.299398,0.09366,-0.495082,-0.511893,-0.51717,-0.474756,-0.000105,0.002265,0.143938,0.999598,0.006942,0.025453,0.010375
0,0.1875,3,-0.191695,-0.299378,0.093704,0.4799,0.500788,0.535121,0.482238,-8.8e-05,0.0022,0.143342,0.998786,0.003982,0.033282,0.036092
0,0.1875,3,-0.191957,-0.299567,0.093672,0.521612,0.475073,0.49222,0.509849,-0.000276,0.002235,0.143604,0.999106,0.004194,-0.035993,0.021781
0,0.1875,3,-0.19154,-0.299316,0.093811,0.465343,0.481907,0.548064,0.500847,-2.3e-05,0.002089,0.14319,0.997211,0.004681,0.028905,0.068651
0,0.1875,3,-0.191979,-0.299368,0.093625,-0.49115,-0.511668,-0.52892,-0.466059,-7.8e-05,0.00229,0.143622,0.999192,-0.001199,0.037752,0.013772
0,0.1875,3,-0.191655,-0.299545,0.093729,0.488681,0.460545,0.532232,0.515575,-0.000254,0.002167,0.143304,0.997652,-0.003078,-0.008612,0.067873
0,0.1875,3,-0.191916,-0.299406,0.093763,0.481138,0.491727,0.533233,0.492314,-0.000112,0.002148,0.143564,0.998758,0.004647,0.022292,0.044308
0,0.1875,3,-0.192377,-0.299526,0.093651,-0.508648,-0.501859,-0.503745,-0.485444,-0.000232,0.002272,0.144022,0.999946,0.006753,0.001539,0.007707
0,0.1875,3,-0.192104,-0.299375,0.093775,0.480151,0.489381,0.533424,0.495399,-7.9e-05,0.002144,0.143753,0.998645,0.005388,0.020216,0.047648
0,0.1875,3,-0.192104,-0.299375,0.093775,0.480151,0.489381,0.533424,0.495399,-7.9e-05,0.002144,0.143753,0.998645,0.005388,0.020216,0.047648
0,0.1875,3,-0.192581,-0.299427,0.093613,-0.511472,-0.502456,-0.513349,-0.471601,-0.000134,0.002321,0.144224,0.9999,-0.005908,0.012309,0.003722
0,0.1875,3,-0.191892,-0.299325,0.093691,0.483587,0.505689,0.53786,0.470244,-3.4e-05,0.002222,0.143537,0.998781,-0.002672,0.041206,0.027043
0,0.1875,3,-0.19239,-0.299449,0.093576,-0.515786,-0.496259,-0.50834,-0.478834,-0.000159,0.002351,0.144032,0.999968,-0.00524,0.00096,0.005993
0,0.1875,3,-0.191826,-0.299423,0.093634,0.492066,0.504802,0.527545,0.47407,-0.000134,0.002273,0.14347,0.999367,-0.000521,0.029275,0.02023
0,0.1875,3,-0.192065,-0.29949,0.093633,0.501478,0.480571,0.521949,0.495116,-0.000199,0.00228,0.143709,0.999343,-0.004505,-0.000501,0.035961
0,0.1875,3,-0.191646,-0.299348,0.093471,-0.502929,-0.516815,-0.512755,-0.465882,-6.7e-05,0.002432,0.143283,-0.999652,-0.003205,-0.026038,0.002653
0,0.1875,3,-0.191604,-0.29936,0.093841,0.468857,0.481737,0.54621,0.499757,-6.5e-05,0.00206,0.143256,0.997488,0.003171,0.026648,0.065561
0,0.1875,3,-0.192377,-0.299526,0.093651,-0.508648,-0.501859,-0.503745,-0.485444,-0.000232,0.002272,0.144022,0.999946,0.006753,0.001539,0.007707
0,0.1875,3,-0.192324,-0.299524,0.09364,0.517601,0.480431,0.507909,0.493258,-0.000231,0.002281,0.143969,0.999658,-0.006874,-0.014988,0.020309
0,0.1875,3,-0.192065,-0.29949,0.093633,0.501478,0.480571,0.521949,0.495116,-0.000199,0.00228,0.143709,0.999343,-0.004505,-0.000501,0.035961
0,0.1875,3,-0.191815,-0.299422,0.093633,0.488884,0.508007,0.524845,0.476925,-0.000133,0.002273,0.143459,0.999342,0.005457,0.029582,0.020265
0,0.1875,3,-0.191999,-0.299504,0.093751,0.493905,0.483879,0.530942,0.489918,-0.000209,0.002159,0.143648,0.999118,-0.005916,0.012138,0.03975
0,0.1875,3,-0.19154,-0.299316,0.093811,0.465343,0.481907,0.548064,0.500847,-2.3e-05,0.002089,0.14319,0.997211,0.004681,0.028905,0.068651
0,0.1875,3,-0.192324,-0.299524,0.09364,0.517601,0.480431,0.507909,0.493258,-0.000231,0.002281,0.143969,0.999658,-0.006874,-0.014988,0.020309
0,0.1875,3,-0.192151,-0.299527,0.093485,-0.529501,-0.519634,-0.481452,-0.466704,-0.000241,0.002429,0.143791,-0.99946,-0.006737,0.002541,0.032068
0,0.1875,3,-0.19154,-0.299316,0.093811,0.465343,0.481907,0.548064,0.500847,-2.3e-05,0.002089,0.14319,0.997211,0.004681,0.028905,0.068651
0,0.1875,3,-0.19188,-0.299384,0.093561,-0.519357,-0.512323,-0.50274,-0.46373,-9.8e-05,0.00235,0.143521,-0.999823,0.003639,-0.011541,0.014398
0,0.1875,3,-0.191959,-0.299448,0.093644,-0.515151,-0.49602,-0.508977,-0.479088,-0.000158,0.002267,0.143604,0.999962,-0.005223,0.001366,0.006868
0,0.1875,3,-0.192298,-0.299398,0.093662,-0.500731,-0.505423,-0.523294,-0.46902,-0.000105,0.002263,0.143942,0.9996,-0.005048,0.025557,0.011029
0,0.1875,3,-0.191856,-0.299455,0.093657,0.49564,0.490806,0.527093,0.48541,-0.000166,0.00225,0.143501,0.999397,-0.00363,0.014857,0.031181
0,0.1875,3,-0.191815,-0.299393,0.093818,0.474283,0.47149,0.541459,0.509485,-9.7e-05,0.002089,0.143465,0.997423,0.002318,0.011682,0.070752
0,0.1875,3,-0.192309,-0.299453,0.093584,-0.507021,-0.516849,-0.503531,-0.471437,-0.000163,0.002339,0.143952,-0.999809,-0.008378,-0.016448,0.006386
0,0.1875,3,-0.192071,-0.299372,0.093528,-0.512817,-0.518649,-0.50263,-0.464096,-8.5e-05,0.00239,0.143711,-0.999737,-0.003144,-0.017616,0.014309
0,0.15,4,-0.186838,-0.298466,0.084585,-0.506003,-0.507418,-0.508846,-0.477037,-0.002407,0.008859,0.105072,-0.999844,-0.004116,-0.002402,0.016988
0,0.15,4,-0.18707,-0.298668,0.084778,0.504234,0.472334,0.509035,0.513354,-0.002595,0.008658,0.105308,0.999275,0.006136,-0.031584,0.020341
0,0.15,4,-0.186978,-0.298607,0.084591,0.513261,0.492585,0.506516,0.487201,-0.002544,0.008847,0.105216,-0.999852,0.000518,0.014751,0.008881
0,0.15,4,-0.18706,-0.298597,0.084773,0.499778,0.479142,0.516798,0.503552,-0.002525,0.008665,0.105296,0.999687,0.002914,-0.01723,0.017907
0,0.15,4,-0.187284,-0.298398,0.084845,0.474204,0.492785,0.545532,0.484447,-0.002317,0.008599,0.105514,0.999259,-0.001404,0.0265,0.027897
0,0.15,4,-0.187224,-0.298571,0.084587,0.505856,0.485081,0.511672,0.49699,-0.002501,0.008851,0.105461,0.999838,0.001963,-0.016818,0.006056
0,0.15,4,-0.187297,-0.298366,0.08484,0.466537,0.492876,0.546523,0.490643,-0.002285,0.008605,0.105526,0.998978,0.00517,0.027943,0.035162
0,0.15,4,-0.187324,-0.298401,0.084783,0.472669,0.48658,0.541329,0.496777,-0.002321,0.008661,0.105554,0.999213,0.004673,0.016072,0.035952
0,0.15,4,-0.186868,-0.298603,0.084592,-0.512285,-0.505132,-0.502359,-0.479627,-0.002544,0.008847,0.105106,-0.999754,-0.004343,0.006495,0.020764
0,0.15,4,-0.18714,-0.29843,0.084736,0.4871,0.493841,0.531071,0.48664,-0.002358,0.008708,0.105372,0.999815,0.00088,0.011996,0.015033
0,0.15,4,-0.187211,-0.29858,0.084789,0.495138,0.473766,0.520912,0.508955,-0.002503,0.008649,0.105447,0.999448,0.003324,-0.018046,0.027688
0,0.15,4,-0.187211,-0.29858,0.084789,0.495138,0.473766,0.520912,0.508955,-0.002503,0.008649,0.105447,0.999448,0.003324,-0.018046,0.027688
0,0.15,4,-0.187059,-0.298697,0.084739,0.507808,0.481292,0.50838,0.502033,-0.002626,0.008695,0.105298,0.999679,0.003306,-0.023814,0.00797
0,0.15,4,-0.187337,-0.298495,0.084707,0.485398,0.498463,0.52629,0.488817,-0.002417,0.008733,0.10557,0.99983,0.007485,0.011643,0.012185
0,0.15,4,-0.187052,-0.298543,0.084676,-0.50059,-0.502211,-0.511008,-0.485865,-0.002475,0.008764,0.105288,-0.999951,-0.007714,0.000607,0.006171
0,0.15,4,-0.187324,-0.298373,0.084625,0.481567,0.503855,0.532435,0.480351,-0.0023,0.00882,0.105555,0.999662,0.004721,0.023516,0.01005
0,0.15,4,-0.187423,-0.298506,0.08485,0.484661,0.475993,0.538367,0.498694,-0.00242,0.00859,0.105656,0.999372,-0.004145,0.002293,0.035118
0,0.15,4,-0.187054,-0.298388,0.084707,0.481446,0.493992,0.533821,0.489099,-0.002319,0.008739,0.105285,0.999672,0.003699,0.015158,0.02029
0,0.15,4,-0.187349,-0.298587,0.084838,0.492842,0.463677,0.531094,0.509951,-0.002504,0.008599,0.105584,0.999057,-0.005013,-0.017137,0.039572
0,0.15,4,-0.187024,-0.298556,0.084618,-0.506061,-0.498971,-0.509011,-0.485631,-0.00249,0.008822,0.10526,-0.99994,-0.004227,0.005897,0.008251
0,0.15,4,-0.186971,-0.298752,0.084737,0.518765,0.453998,0.505056,0.519315,-0.002684,0.008695,0.105212,0.998299,-0.005235,-0.052949,0.023814
0,0.15,4,-0.187279,-0.298463,0.084775,0.476558,0.495178,0.53925,0.486725,-0.002385,0.008667,0.105511,0.999473,0.002854,0.022162,0.023544
0,0.15,4,-0.187047,-0.29846,0.084653,0.488158,0.504658,0.526218,0.479705,-0.002393,0.00879,0.10528,0.999829,0.004536,0.017694,0.003036
0,0.15,4,-0.187262,-0.298677,0.084758,0.501318,0.475208,0.515458,0.507111,-0.002599,0.008675,0.1055,0.99954,0.002672,-0.022369,0.02032
0,0.15,4,-0.187133,-0.298488,0.084545,-0.500779,-0.507414,-0.514921,-0.476034,-0.002423,0.008896,0.105367,-0.999886,-0.003238,-0.008649,0.011946
0,0.15,4,-0.187323,-0.298483,0.084673,0.491069,0.495967,0.523148,0.489064,-0.002408,0.008768,0.105556,0.999927,0.005076,0.005798,0.009297
0,0.15,4,-0.187075,-0.298701,0.084811,0.505616,0.467718,0.512012,0.51326,-0.002627,0.008623,0.105314,0.999178,0.001646,-0.032999,0.023491
0,0.15,4,-0.187323,-0.29854,0.08471,0.493706,0.48974,0.520024,0.495968,-0.002463,0.008729,0.105557,0.999891,0.005741,-0.003572,0.013157
0,0.15,4,-0.18746,-0.298533,0.084776,0.491261,0.484462,0.521073,0.502435,-0.00245,0.008663,0.105694,0.999729,0.007149,-0.007542,0.020838
0,0.15,4,-0.187318,-0.298409,0.084825,0.476634,0.487465,0.538657,0.495022,-0.002327,0.008619,0.105548,0.999404,0.003537,0.013977,0.031368
0,0.15,4,-0.187367,-0.298484,0.084745,0.486909,0.492822,0.527283,0.491954,-0.002404,0.008695,0.1056,0.999827,0.005054,0.00707,0.01644
0,0.15,4,-0.1871,-0.298622,0.08463,-0.507459,-0.499404,-0.506062,-0.486808,-0.002554,0.008807,0.105338,-0.999897,-0.00579,0.008473,0.010025
0,0.15,4,-0.18729,-0.298576,0.08478,0.485221,0.483654,0.531938,0.497676,-0.002497,0.008657,0.105525,0.999624,0.002005,0.002998,0.027181
0,0.15,4,-0.187006,-0.298566,0.084759,0.493855,0.482441,0.522844,0.499992,-0.002496,0.008681,0.105241,0.99976,0.002727,-0.007769,0.02028
0,0.15,4,-0.18729,-0.298608,0.084704,0.497836,0.487666,0.517219,0.496815,-0.002532,0.008732,0.105527,0.99989,0.004453,-0.008543,0.011265
0,0.15,4,-0.187183,-0.298507,0.08473,0.493096,0.497096,0.521652,0.487474,-0.002433,0.008711,0.105417,0.999956,0.004539,0.005334,0.006191
0,0.15,4,-0.187144,-0.298509,0.084664,0.498906,0.49643,0.520203,0.483777,-0.002439,0.008777,0.105378,0.999995,0.000113,0.003106,0.00115
0,0.15,4,-0.187199,-0.298431,0.084814,0.479391,0.482616,0.533837,0.502279,-0.002354,0.008629,0.10543,0.999403,0.005838,0.004187,0.033793
0,0.15,4,-0.187013,-0.298634,0.084679,-0.508061,-0.494272,-0.506367,-0.491082,-0.002566,0.008758,0.10525,-0.999886,-0.004987,0.013237,0.005364
0,0.15,4,-0.18714,-0.298562,0.084608,0.497889,0.497407,0.519079,0.485025,-0.002495,0.008831,0.105376,0.999992,0.002298,0.002924,0.001205
0,0.15,4,-0.187506,-0.298411,0.084765,0.471637,0.497315,0.539599,0.488946,-0.002327,0.008678,0.105737,0.999324,0.007345,0.024823,0.026109
0,0.15,4,-0.187284,-0.298651,0.084742,0.498089,0.483563,0.516152,0.501659,-0.002573,0.008692,0.105521,0.999778,0.005299,-0.013597,0.015166
0,0.15,4,-0.187019,-0.298594,0.084647,-0.507288,-0.496759,-0.507979,-0.487696,-0.002527,0.008791,0.105256,-0.999924,-0.00408,0.009146,0.007176
0,0.15,4,-0.186842,-0.298653,0.084871,0.502982,0.457036,0.516825,0.520596,-0.002583,0.008566,0.105079,0.998614,-0.000934,-0.038036,0.036363
0,0.15,4,-0.187086,-0.298644,0.084778,0.496043,0.479702,0.519331,0.504106,-0.002571,0.008658,0.105323,0.999673,0.004104,-0.014029,0.020961
0,0.15,4,-0.187228,-0.2983,0.084855,0.464859,0.500989,0.550385,0.479575,-0.00222,0.008594,0.105455,0.998794,0.002461,0.040163,0.028139
0,0.15,4,-0.187024,-0.298556,0.084618,-0.506061,-0.498971,-0.509011,-0.485631,-0.00249,0.008822,0.10526,-0.99994,-0.004227,0.005897,0.008251
0,0.15,4,-0.187498,-0.298421,0.084748,0.477655,0.497295,0.536081,0.486992,-0.002338,0.008694,0.105729,0.999559,0.005046,0.0209,0.020479
0,0.15,4,-0.187427,-0.298394,0.08479,0.472865,0.490687,0.541413,0.49244,-0.002311,0.008654,0.105657,0.999288,0.004346,0.020152,0.031598
0,0.15,5,-0.186522,-0.299217,0.083793,0.507571,0.466096,0.513648,0.511167,-0.0019,0.001522,0.110793,0.999379,-0.004924,-0.033626,0.009325
0,0.15,5,-0.1868,-0.299148,0.083721,0.499534,0.486024,0.521753,0.491955,-0.001826,0.001587,0.111071,-0.999964,0.005224,0.006184,0.002633
0,0.15,5,-0.186498,-0.299252,0.083821,0.506047,0.468537,0.508374,0.515699,-0.001936,0.001494,0.110768,0.999298,0.001998,-0.036444,0.008445
0,0.15,5,-0.186792,-0.299027,0.083723,0.499126,0.497246,0.522695,0.48001,-0.001705,0.00159,0.111059,-0.999869,0.006216,-0.005882,0.013728
0,0.15,5,-0.186883,-0.299186,0.083906,0.474774,0.472381,0.544028,0.50545,-0.001855,0.001398,0.111148,0.999396,-0.003719,0.004406,0.034281
0,0.15,5,-0.186662,-0.29931,0.08378,0.51361,0.461101,0.507605,0.515681,-0.00199,0.001527,0.110935,0.998966,-0.005003,-0.04444,0.008223
0,0.15,5,-0.186906,-0.299195,0.083902,0.487801,0.471356,0.53286,0.505899,-0.001864,0.001401,0.111172,0.999683,-0.00487,-0.008638,0.023142
0,0.15,5,-0.187197,-0.299134,0.083791,0.484396,0.479348,0.539231,0.494788,-0.001799,0.001505,0.111465,0.999783,-0.008222,0.005668,0.018289
0,0.15,5,-0.186827,-0.299089,0.083828,0.478493,0.488621,0.540674,0.489863,-0.001762,0.001481,0.111092,0.999749,-0.004052,0.016456,0.014626
0,0.15,5,-0.18695,-0.299119,0.083743,0.49312,0.492251,0.528248,0.485259,-0.001792,0.001561,0.111219,-0.999957,0.00572,-0.006725,0.002844
0,0.15,5,-0.186803,-0.298926,0.083865,0.458122,0.496143,0.558452,0.481765,-0.001599,0.00145,0.111063,0.998721,-0.003363,0.043553,0.025459
0,0.15,5,-0.186397,-0.299037,0.083707,0.492474,0.505267,0.524831,0.476159,-0.001727,0.001618,0.110666,-0.999746,0.002073,-0.016259,0.015497
0,0.15,5,-0.186954,-0.299124,0.083751,0.486929,0.495545,0.523153,0.493606,-0.001797,0.001553,0.111223,0.999971,0.005818,0.004989,9.5e-05
0,0.15,5,-0.186828,-0.299264,0.08378,0.504129,0.468579,0.519296,0.506576,-0.001939,0.001524,0.1111,0.999595,-0.007202,-0.025568,0.01023
0,0.15,5,-0.186873,-0.299214,0.08371,0.505236,0.48266,0.5135,0.49809,-0.00189,0.001594,0.111146,-0.999826,0.002395,0.0179,0.004708
0,0.15,5,-0.186852,-0.299076,0.083959,0.464384,0.475468,0.548138,0.507763,-0.001745,0.00135,0.111113,0.999084,0.00208,0.012258,0.040942
0,0.15,5,-0.186801,-0.299188,0.083712,0.498219,0.48968,0.523975,0.48728,-0.001866,0.001594,0.111074,-0.999967,0.006321,0.000306,0.005112
0,0.15,5,-0.186892,-0.299234,0.083748,0.497679,0.48621,0.513045,0.502693,-0.001909,0.001554,0.111164,-0.999876,-0.005692,0.014674,0.000798
0,0.15,5,-0.186718,-0.299262,0.083897,0.488484,0.464574,0.532776,0.511571,-0.001936,0.001411,0.110986,0.999446,-0.005534,-0.015162,0.029108
0,0.15,5,-0.186523,-0.298922,0.083872,0.459344,0.50741,0.554544,0.473306,-0.001603,0.001453,0.110783,0.998631,-0.000916,0.050691,0.012876
0,0.15,5,-0.186888,-0.299165,0.08368,0.503959,0.494372,0.518679,0.48228,-0.001841,0.001625,0.111161,-0.999857,0.006832,0.001156,0.015457
0,0.15,5,-0.187045,-0.299211,0.083902,0.48303,0.473508,0.536817,0.504281,-0.001876,0.001396,0.111311,0.999663,-0.004269,-0.002339,0.025511
0,0.15,5,-0.186801,-0.299188,0.083712,0.498219,0.48968,0.523975,0.48728,-0.001866,0.001594,0.111074,-0.999967,0.006321,0.000306,0.005112
0,0.15,5,-0.186563,-0.299374,0.083689,0.516026,0.472365,0.502319,0.508196,-0.00206,0.001619,0.110842,-0.999221,0.001953,0.039085,0.005143
0,0.15,5,-0.18695,-0.299176,0.083798,0.492616,0.482843,0.528021,0.495364,-0.001847,0.001504,0.111219,0.999959,-0.004704,-0.002715,0.007195
0,0.15,5,-0.186852,-0.299076,0.083959,0.464384,0.475468,0.548138,0.507763,-0.001745,0.00135,0.111113,0.999084,0.00208,0.012258,0.040942
0,0.15,5,-0.186763,-0.299233,0.083783,0.503429,0.480237,0.518118,0.49748,-0.00191,0.001524,0.111034,-0.999864,0.005299,0.015575,0.000585
0,0.15,5,-0.186731,-0.299234,0.083707,0.50783,0.482754,0.513706,0.49514,-0.001914,0.0016,0.111005,-0.999803,0.005268,0.017663,0.007388
0,0.15,5,-0.186949,-0.299183,0.083796,0.484453,0.490996,0.53765,0.484933,-0.001854,0.001506,0.111218,0.999836,-0.006894,0.015434,0.006534
0,0.15,5,-0.186888,-0.299165,0.08368,0.503959,0.494372,0.518679,0.48228,-0.001841,0.001625,0.111161,-0.999857,0.006832,0.001156,0.015457
0,0.15,5,-0.186954,-0.299124,0.083751,0.486929,0.495545,0.523153,0.493606,-0.001797,0.001553,0.111223,0.999971,0.005818,0.004989,9.5e-05
0,0.15,5,-0.187042,-0.299257,0.083756,0.498289,0.479378,0.524285,0.497022,-0.001927,0.00154,0.111315,0.999915,-0.006482,-0.010046,0.005197
0,0.15,5,-0.186826,-0.299221,0.083641,-0.511207,-0.49159,-0.510544,-0.48616,-0.0019,0.001664,0.111101,-0.999716,0.005714,0.012231,0.019651
0,0.15,5,-0.186984,-0.299036,0.083697,-0.490842,-0.510406,-0.528676,-0.468041,-0.00171,0.001608,0.111252,-0.999472,0.004888,-0.02552,0.019496
0,0.15,5,-0.186699,-0.299115,0.083758,0.493255,0.491073,0.527079,0.48758,-0.001795,0.001555,0.110968,-0.999979,0.004575,-0.00436,0.001724
0,0.15,5,-0.186826,-0.299221,0.083641,-0.511207,-0.49159,-0.510544,-0.48616,-0.0019,0.001664,0.111101,-0.999716,0.005714,0.012231,0.019651
0,0.15,5,-0.186953,-0.299179,0.083852,0.482877,0.482886,0.537304,0.494929,-0.001848,0.00145,0.11122,0.99983,-0.004712,0.00719,0.01631
0,0.15,5,-0.186697,-0.299175,0.083861,0.485395,0.481828,0.536029,0.49488,-0.001851,0.00145,0.110964,0.999859,-0.005864,0.004746,0.014972
0,0.15,5,-0.186803,-0.299151,0.083827,0.491919,0.4759,0.531591,0.498945,-0.001825,0.001481,0.11107,0.999846,-0.007667,-0.005771,0.014686
0,0.15,5,-0.186807,-0.299063,0.083791,0.480396,0.500547,0.537201,0.479674,-0.001739,0.00152,0.111074,0.999693,-0.002734,0.024624,0.000724
0,0.15,5,-0.187046,-0.299209,0.083702,0.500385,0.487069,0.523083,0.488634,-0.00188,0.001596,0.111319,-0.999954,0.007521,0.003832,0.004584
0,0.15,5,-0.187085,-0.299157,0.083762,0.489291,0.486485,0.532721,0.490036,-0.001826,0.001536,0.111354,0.999941,-0.006386,0.005748,0.006607
0,0.15,5,-0.186754,-0.299429,0.083863,0.504098,0.46929,0.510303,0.515018,-0.002103,0.001437,0.111028,0.999381,0.002017,-0.033768,0.009621
0,0.15,5,-0.18656,-0.299085,0.083783,0.479279,0.497968,0.538396,0.48213,-0.001768,0.001535,0.110827,0.999714,-0.00276,0.023321,0.00442
0,0.15,5,-0.18666,-0.299056,0.083826,0.470872,0.489455,0.548237,0.488006,-0.001734,0.00149,0.110925,0.999449,-0.004604,0.025491,0.02074
0,0.15,5,-0.186688,-0.299332,0.083674,0.510333,0.48163,0.510128,0.497355,-0.002014,0.001632,0.110966,-0.999703,0.004125,0.022376,0.008697
0,0.15,5,-0.186944,-0.299176,0.083869,0.47618,0.48376,0.537057,0.500798,-0.001845,0.001434,0.11121,0.999724,0.002196,0.008128,0.021923
0,0.15,5,-0.18684,-0.29915,0.083832,0.487268,0.488393,0.53023,0.492847,-0.001824,0.001475,0.111107,0.999962,-0.001755,0.005143,0.006769
0,0.15,5,-0.1869,-0.299058,0.083682,0.49365,0.504308,0.52592,0.474753,-0.001734,0.001625,0.11117,-0.999732,0.004395,-0.016396,0.015733
0,0.15,5,-0.186729,-0.299201,0.083676,-0.507409,-0.494628,-0.513607,-0.483825,-0.001882,0.001632,0.111003,-0.999788,0.005089,0.006091,0.019017
0,0.15,5,-0.186832,-0.299281,0.083701,0.509338,0.481599,0.510566,0.497956,-0.001958,0.001602,0.111108,-0.999723,0.003553,0.021949,0.00768
0,0.15,5,-0.186838,-0.299147,0.083832,0.487816,0.487771,0.5319,0.491118,-0.00182,0.001475,0.111105,0.999949,-0.004059,0.00622,0.006792
0,0.15,5,-0.186725,-0.299228,0.083693,0.508285,0.488033,0.51084,0.492456,-0.001909,0.001615,0.110999,-0.999791,0.002883,0.015395,0.013103
0,0.15,5,-0.186514,-0.299323,0.083957,0.485176,0.458732,0.534215,0.518443,-0.002001,0.001355,0.110782,0.999094,-0.003901,-0.018971,0.037887
0,0.15,5,-0.186769,-0.29903,0.083728,0.487167,0.506879,0.531405,0.4726,-0.001709,0.001585,0.111036,-0.99961,0.003781,-0.024815,0.012255
0,0.15,5,-0.18689,-0.299236,0.083862,0.481997,0.470516,0.538372,0.506408,-0.001906,0.001441,0.111158,0.99955,-0.004889,-0.003549,0.029397
0,0.15,5,-0.18695,-0.299183,0.083845,0.486107,0.482507,0.536428,0.493084,-0.001853,0.001457,0.111218,0.999866,-0.007016,0.005786,0.013578
0,0.15,5,-0.187201,-0.299194,0.083847,0.483146,0.480361,0.53822,0.496128,-0.001856,0.001446,0.111469,0.999795,-0.005911,0.005667,0.018538
0,0.15,5,-0.187049,-0.299275,0.083823,0.487883,0.475571,0.532189,0.50257,-0.001943,0.001472,0.11132,0.999798,-0.004247,-0.005302,0.018927
0,0.15,5,-0.187005,-0.299336,0.083814,0.501876,0.475669,0.520866,0.500558,-0.002004,0.001481,0.111277,0.999817,-0.00653,-0.017169,0.005435
0,0.15,5,-0.186625,-0.299324,0.083583,0.515175,0.489991,0.502732,0.491695,-0.002011,0.001725,0.110905,-0.999525,0.001698,0.021656,0.021874
0,0.15,5,-0.186918,-0.299123,0.083855,0.473414,0.492108,0.54685,0.484421,-0.001793,0.001451,0.111183,0.999509,-0.005738,0.026543,0.015652
0,0.15,5,-0.186802,-0.299208,0.083777,0.498423,0.487,0.520606,0.493331,-0.001884,0.001529,0.111073,-0.999972,0.002912,0.006361,0.002481
0,0.15,5,-0.186581,-0.299136,0.083787,0.488053,0.487635,0.53167,0.491267,-0.001818,0.001529,0.110849,0.999952,-0.004051,0.005842,0.006706
0,0.15,5,-0.186729,-0.299201,0.083676,-0.507409,-0.494628,-0.513607,-0.483825,-0.001882,0.001632,0.111003,-0.999788,0.005089,0.006091,0.019017
1,0.2625,6,-0.206172,-0.520058,0.101478,0.510332,0.493864,0.495278,0.50036,-0.021353,-0.026927,0.238216,-0.999921,0.00412,0.011039,0.004451
1,0.2625,6,-0.206172,-0.520058,0.101478,0.510332,0.493864,0.495278,0.50036,-0.021353,-0.026927,0.238216,-0.999921,0.00412,0.011039,0.004451
1,0.2625,6,-0.206172,-0.520058,0.101478,0.510332,0.493864,0.495278,0.50036,-0.021353,-0.026927,0.238216,-0.999921,0.00412,0.011039,0.004451
1,0.2625,6,-0.206172,-0.520058,0.101478,0.510332,0.493864,0.495278,0.50036,-0.021353,-0.026927,0.238216,-0.999921,0.00412,0.011039,0.004451
1,0.2625,6,-0.206172,-0.520058,0.101478,0.510332,0.493864,0.495278,0.50036,-0.021353,-0.026927,0.238216,-0.999921,0.00412,0.011039,0.004451
1,0.2625,6,-0.206172,-0.520058,0.101478,0.510332,0.493864,0.495278,0.50036,-0.021353,-0.026927,0.238216,-0.999921,0.00412,0.011039,0.004451
1,0.2625,6,-0.206172,-0.520058,0.101478,0.510332,0.493864,0.495278,0.50036,-0.021353,-0.026927,0.238216,-0.999921,0.00412,0.011039,0.004451
1,0.2625,6,-0.206172,-0.520058,0.101478,0.510332,0.493864,0.495278,0.50036,-0.021353,-0.026927,0.238216,-0.999921,0.00412,0.011039,0.004451
1,0.2625,6,-0.206172,-0.520058,0.101478,0.510332,0.493864,0.495278,0.50036,-0.021353,-0.026927,0.238216,-0.999921,0.00412,0.011039,0.004451
1,0.2625,6,-0.206172,-0.520058,0.101478,0.510332,0.493864,0.495278,0.50036,-0.021353,-0.026927,0.238216,-0.999921,0.00412,0.011039,0.004451
1,0.2625,6,-0.206172,-0.520058,0.101478,0.510332,0.493864,0.495278,0.50036,-0.021353,-0.026927,0.238216,-0.999921,0.00412,0.011039,0.004451
1,0.2625,6,-0.206063,-0.520058,0.101426,0.506571,0.481104,0.500411,0.511384,-0.021354,-0.026875,0.238107,0.999743,-0.005669,-0.018459,0.0119
1,0.2625,6,-0.206063,-0.520058,0.101426,0.506571,0.481104,0.500411,0.511384,-0.021354,-0.026875,0.238107,0.999743,-0.005669,-0.018459,0.0119
1,0.2625,6,-0.206172,-0.520058,0.101478,0.510332,0.493864,0.495278,0.50036,-0.021353,-0.026927,0.238216,-0.999921,0.00412,0.011039,0.004451
1,0.2625,6,-0.206172,-0.520058,0.101478,0.510332,0.493864,0.495278,0.50036,-0.021353,-0.026927,0.238216,-0.999921,0.00412,0.011039,0.004451
1,0.2625,6,-0.206172,-0.520058,0.101478,0.510332,0.493864,0.495278,0.50036,-0.021353,-0.026927,0.238216,-0.999921,0.00412,0.011039,0.004451
1,0.2625,6,-0.206172,-0.520058,0.101478,0.510332,0.493864,0.495278,0.50036,-0.021353,-0.026927,0.238216,-0.999921,0.00412,0.011039,0.004451
1,0.2625,6,-0.206063,-0.520058,0.101426,0.506571,0.481104,0.500411,0.511384,-0.021354,-0.026875,0.238107,0.999743,-0.005669,-0.018459,0.0119
1,0.2625,6,-0.206172,-0.520058,0.101478,0.510332,0.493864,0.495278,0.50036,-0.021353,-0.026927,0.238216,-0.999921,0.00412,0.011039,0.004451
1,0.2625,6,-0.206172,-0.520058,0.101478,0.510332,0.493864,0.495278,0.50036,-0.021353,-0.026927,0.238216,-0.999921,0.00412,0.011039,0.004451
1,0.2625,6,-0.206172,-0.520058,0.101478,0.510332,0.493864,0.495278,0.50036,-0.021353,-0.026927,0.238216,-0.999921,0.00412,0.011039,0.004451
1,0.2625,6,-0.206172,-0.520058,0.101478,0.510332,0.493864,0.495278,0.50036,-0.021353,-0.026927,0.238216,-0.999921,0.00412,0.011039,0.004451
1,0.2625,6,-0.206172,-0.520058,0.101478,0.510332,0.493864,0.495278,0.50036,-0.021353,-0.026927,0.238216,-0.999921,0.00412,0.011039,0.004451
1,0.2625,6,-0.206172,-0.520058,0.101478,0.510332,0.493864,0.495278,0.50036,-0.021353,-0.026927,0.238216,-0.999921,0.00412,0.011039,0.004451
1,0.2625,6,-0.206063,-0.520058,0.101426,0.506571,0.481104,0.500411,0.511384,-0.021354,-0.026875,0.238107,0.999743,-0.005669,-0.018459,0.0119
1,0.2625,6,-0.206063,-0.520058,0.101426,0.506571,0.481104,0.500411,0.511384,-0.021354,-0.026875,0.238107,0.999743,-0.005669,-0.018459,0.0119
1,0.2625,6,-0.206172,-0.520058,0.101478,0.510332,0.493864,0.495278,0.50036,-0.021353,-0.026927,0.238216,-0.999921,0.00412,0.011039,0.004451
1,0.2625,6,-0.206172,-0.520058,0.101478,0.510332,0.493864,0.495278,0.50036,-0.021353,-0.026927,0.238216,-0.999921,0.00412,0.011039,0.004451
1,0.2625,6,-0.206063,-0.520058,0.101426,0.506571,0.481104,0.500411,0.511384,-0.021354,-0.026875,0.238107,0.999743,-0.005669,-0.018459,0.0119
1,0.2625,6,-0.206063,-0.520058,0.101426,0.506571,0.481104,0.500411,0.511384,-0.021354,-0.026875,0.238107,0.999743,-0.005669,-0.018459,0.0119
1,0.2625,6,-0.206063,-0.520058,0.101426,0.506571,0.481104,0.500411,0.511384,-0.021354,-0.026875,0.238107,0.999743,-0.005669,-0.018459,0.0119
1,0.2625,6,-0.206063,-0.520058,0.101426,0.506571,0.481104,0.500411,0.511384,-0.021354,-0.026875,0.238107,0.999743,-0.005669,-0.018459,0.0119
1,0.2625,6,-0.206063,-0.520058,0.101426,0.506571,0.481104,0.500411,0.511384,-0.021354,-0.026875,0.238107,0.999743,-0.005669,-0.018459,0.0119
1,0.2625,6,-0.206172,-0.520058,0.101478,0.510332,0.493864,0.495278,0.50036,-0.021353,-0.026927,0.238216,-0.999921,0.00412,0.011039,0.004451
1,0.2625,6,-0.206172,-0.520058,0.101478,0.510332,0.493864,0.495278,0.50036,-0.021353,-0.026927,0.238216,-0.999921,0.00412,0.011039,0.004451
1,0.2625,6,-0.206172,-0.520058,0.101478,0.510332,0.493864,0.495278,0.50036,-0.021353,-0.026927,0.238216,-0.999921,0.00412,0.011039,0.004451
1,0.2625,6,-0.206172,-0.520058,0.101478,0.510332,0.493864,0.495278,0.50036,-0.021353,-0.026927,0.238216,-0.999921,0.00412,0.011039,0.004451
1,0.2625,6,-0.206172,-0.520058,0.101478,0.510332,0.493864,0.495278,0.50036,-0.021353,-0.026927,0.238216,-0.999921,0.00412,0.011039,0.004451
1,0.2625,6,-0.206172,-0.520058,0.101478,0.510332,0.493864,0.495278,0.50036,-0.021353,-0.026927,0.238216,-0.999921,0.00412,0.011039,0.004451
1,0.2625,6,-0.206172,-0.520058,0.101478,0.510332,0.493864,0.495278,0.50036,-0.021353,-0.026927,0.238216,-0.999921,0.00412,0.011039,0.004451
1,0.2625,6,-0.206063,-0.520058,0.101426,0.506571,0.481104,0.500411,0.511384,-0.021354,-0.026875,0.238107,0.999743,-0.005669,-0.018459,0.0119
1,0.2625,6,-0.206063,-0.520058,0.101426,0.506571,0.481104,0.500411,0.511384,-0.021354,-0.026875,0.238107,0.999743,-0.005669,-0.018459,0.0119
1,0.2625,6,-0.206063,-0.520058,0.101426,0.506571,0.481104,0.500411,0.511384,-0.021354,-0.026875,0.238107,0.999743,-0.005669,-0.018459,0.0119
1,0.2625,6,-0.206063,-0.520058,0.101426,0.506571,0.481104,0.500411,0.511384,-0.021354,-0.026875,0.238107,0.999743,-0.005669,-0.018459,0.0119
1,0.2625,6,-0.206172,-0.520058,0.101478,0.510332,0.493864,0.495278,0.50036,-0.021353,-0.026927,0.238216,-0.999921,0.00412,0.011039,0.004451
1,0.2625,6,-0.206172,-0.520058,0.101478,0.510332,0.493864,0.495278,0.50036,-0.021353,-0.026927,0.238216,-0.999921,0.00412,0.011039,0.004451
1,0.2625,6,-0.206172,-0.520058,0.101478,0.510332,0.493864,0.495278,0.50036,-0.021353,-0.026927,0.238216,-0.999921,0.00412,0.011039,0.004451
1,0.2625,6,-0.206063,-0.520058,0.101426,0.506571,0.481104,0.500411,0.511384,-0.021354,-0.026875,0.238107,0.999743,-0.005669,-0.018459,0.0119
1,0.2625,6,-0.206063,-0.520058,0.101426,0.506571,0.481104,0.500411,0.511384,-0.021354,-0.026875,0.238107,0.999743,-0.005669,-0.018459,0.0119
1,0.2625,6,-0.206172,-0.520058,0.101478,0.510332,0.493864,0.495278,0.50036,-0.021353,-0.026927,0.238216,-0.999921,0.00412,0.011039,0.004451
1,0.2625,6,-0.206172,-0.520058,0.101478,0.510332,0.493864,0.495278,0.50036,-0.021353,-0.026927,0.238216,-0.999921,0.00412,0.011039,0.004451
1,0.2625,6,-0.206172,-0.520058,0.101478,0.510332,0.493864,0.495278,0.50036,-0.021353,-0.026927,0.238216,-0.999921,0.00412,0.011039,0.004451
1,0.2625,6,-0.206063,-0.520058,0.101426,0.506571,0.481104,0.500411,0.511384,-0.021354,-0.026875,0.238107,0.999743,-0.005669,-0.018459,0.0119
1,0.2625,6,-0.206172,-0.520058,0.101478,0.510332,0.493864,0.495278,0.50036,-0.021353,-0.026927,0.238216,-0.999921,0.00412,0.011039,0.004451
1,0.2625,6,-0.206063,-0.520058,0.101426,0.506571,0.481104,0.500411,0.511384,-0.021354,-0.026875,0.238107,0.999743,-0.005669,-0.018459,0.0119
1,0.2625,6,-0.206172,-0.520058,0.101478,0.510332,0.493864,0.495278,0.50036,-0.021353,-0.026927,0.238216,-0.999921,0.00412,0.011039,0.004451
1,0.2625,6,-0.206172,-0.520058,0.101478,0.510332,0.493864,0.495278,0.50036,-0.021353,-0.026927,0.238216,-0.999921,0.00412,0.011039,0.004451
1,0.2625,6,-0.206063,-0.520058,0.101426,0.506571,0.481104,0.500411,0.511384,-0.021354,-0.026875,0.238107,0.999743,-0.005669,-0.018459,0.0119
1,0.2625,6,-0.206172,-0.520058,0.101478,0.510332,0.493864,0.495278,0.50036,-0.021353,-0.026927,0.238216,-0.999921,0.00412,0.011039,0.004451
1,0.2625,6,-0.206063,-0.520058,0.101426,0.506571,0.481104,0.500411,0.511384,-0.021354,-0.026875,0.238107,0.999743,-0.005669,-0.018459,0.0119
1,0.2625,6,-0.206172,-0.520058,0.101478,0.510332,0.493864,0.495278,0.50036,-0.021353,-0.026927,0.238216,-0.999921,0.00412,0.011039,0.004451
1,0.2625,6,-0.206172,-0.520058,0.101478,0.510332,0.493864,0.495278,0.50036,-0.021353,-0.026927,0.238216,-0.999921,0.00412,0.011039,0.004451
1,0.2625,6,-0.206172,-0.520058,0.101478,0.510332,0.493864,0.495278,0.50036,-0.021353,-0.026927,0.238216,-0.999921,0.00412,0.011039,0.004451
1,0.2625,6,-0.206063,-0.520058,0.101426,0.506571,0.481104,0.500411,0.511384,-0.021354,-0.026875,0.238107,0.999743,-0.005669,-0.018459,0.0119
1,0.2625,6,-0.206063,-0.520058,0.101426,0.506571,0.481104,0.500411,0.511384,-0.021354,-0.026875,0.238107,0.999743,-0.005669,-0.018459,0.0119
1,0.2625,6,-0.206063,-0.520058,0.101426,0.506571,0.481104,0.500411,0.511384,-0.021354,-0.026875,0.238107,0.999743,-0.005669,-0.018459,0.0119
1,0.2625,6,-0.206172,-0.520058,0.101478,0.510332,0.493864,0.495278,0.50036,-0.021353,-0.026927,0.238216,-0.999921,0.00412,0.011039,0.004451
1,0.2625,6,-0.206063,-0.520058,0.101426,0.506571,0.481104,0.500411,0.511384,-0.021354,-0.026875,0.238107,0.999743,-0.005669,-0.018459,0.0119
1,0.2625,6,-0.206172,-0.520058,0.101478,0.510332,0.493864,0.495278,0.50036,-0.021353,-0.026927,0.238216,-0.999921,0.00412,0.011039,0.004451
1,0.2625,6,-0.206063,-0.520058,0.101426,0.506571,0.481104,0.500411,0.511384,-0.021354,-0.026875,0.238107,0.999743,-0.005669,-0.018459,0.0119
1,0.2625,6,-0.206063,-0.520058,0.101426,0.506571,0.481104,0.500411,0.511384,-0.021354,-0.026875,0.238107,0.999743,-0.005669,-0.018459,0.0119
1,0.2625,6,-0.206063,-0.520058,0.101426,0.506571,0.481104,0.500411,0.511384,-0.021354,-0.026875,0.238107,0.999743,-0.005669,-0.018459,0.0119
1,0.2625,6,-0.206063,-0.520058,0.101426,0.506571,0.481104,0.500411,0.511384,-0.021354,-0.026875,0.238107,0.999743,-0.005669,-0.018459,0.0119
1,0.2625,6,-0.206172,-0.520058,0.101478,0.510332,0.493864,0.495278,0.50036,-0.021353,-0.026927,0.238216,-0.999921,0.00412,0.011039,0.004451
1,0.2625,6,-0.206063,-0.520058,0.101426,0.506571,0.481104,0.500411,0.511384,-0.021354,-0.026875,0.238107,0.999743,-0.005669,-0.018459,0.0119
1,0.2625,6,-0.206063,-0.520058,0.101426,0.506571,0.481104,0.500411,0.511384,-0.021354,-0.026875,0.238107,0.999743,-0.005669,-0.018459,0.0119
1,0.2625,6,-0.206063,-0.520058,0.101426,0.506571,0.481104,0.500411,0.511384,-0.021354,-0.026875,0.238107,0.999743,-0.005669,-0.018459,0.0119
1,0.2625,6,-0.206063,-0.520058,0.101426,0.506571,0.481104,0.500411,0.511384,-0.021354,-0.026875,0.238107,0.999743,-0.005669,-0.018459,0.0119
1,0.2625,6,-0.206063,-0.520058,0.101426,0.506571,0.481104,0.500411,0.511384,-0.021354,-0.026875,0.238107,0.999743,-0.005669,-0.018459,0.0119
1,0.2625,6,-0.206172,-0.520058,0.101478,0.510332,0.493864,0.495278,0.50036,-0.021353,-0.026927,0.238216,-0.999921,0.00412,0.011039,0.004451
1,0.2625,6,-0.206063,-0.520058,0.101426,0.506571,0.481104,0.500411,0.511384,-0.021354,-0.026875,0.238107,0.999743,-0.005669,-0.018459,0.0119
1,0.2625,6,-0.206063,-0.520058,0.101426,0.506571,0.481104,0.500411,0.511384,-0.021354,-0.026875,0.238107,0.999743,-0.005669,-0.018459,0.0119
1,0.2625,6,-0.206063,-0.520058,0.101426,0.506571,0.481104,0.500411,0.511384,-0.021354,-0.026875,0.238107,0.999743,-0.005669,-0.018459,0.0119
1,0.2625,6,-0.206172,-0.520058,0.101478,0.510332,0.493864,0.495278,0.50036,-0.021353,-0.026927,0.238216,-0.999921,0.00412,0.011039,0.004451
1,0.2625,6,-0.206063,-0.520058,0.101426,0.506571,0.481104,0.500411,0.511384,-0.021354,-0.026875,0.238107,0.999743,-0.005669,-0.018459,0.0119
1,0.2625,6,-0.206063,-0.520058,0.101426,0.506571,0.481104,0.500411,0.511384,-0.021354,-0.026875,0.238107,0.999743,-0.005669,-0.018459,0.0119
1,0.2625,6,-0.206172,-0.520058,0.101478,0.510332,0.493864,0.495278,0.50036,-0.021353,-0.026927,0.238216,-0.999921,0.00412,0.011039,0.004451
1,0.2625,6,-0.206063,-0.520058,0.101426,0.506571,0.481104,0.500411,0.511384,-0.021354,-0.026875,0.238107,0.999743,-0.005669,-0.018459,0.0119
1,0.2625,6,-0.206063,-0.520058,0.101426,0.506571,0.481104,0.500411,0.511384,-0.021354,-0.026875,0.238107,0.999743,-0.005669,-0.018459,0.0119
1,0.2625,6,-0.206172,-0.520058,0.101478,0.510332,0.493864,0.495278,0.50036,-0.021353,-0.026927,0.238216,-0.999921,0.00412,0.011039,0.004451
1,0.2625,6,-0.206063,-0.520058,0.101426,0.506571,0.481104,0.500411,0.511384,-0.021354,-0.026875,0.238107,0.999743,-0.005669,-0.018459,0.0119
1,0.2625,6,-0.206063,-0.520058,0.101426,0.506571,0.481104,0.500411,0.511384,-0.021354,-0.026875,0.238107,0.999743,-0.005669,-0.018459,0.0119
1,0.2625,6,-0.206063,-0.520058,0.101426,0.506571,0.481104,0.500411,0.511384,-0.021354,-0.026875,0.238107,0.999743,-0.005669,-0.018459,0.0119
1,0.2625,6,-0.206172,-0.520058,0.101478,0.510332,0.493864,0.495278,0.50036,-0.021353,-0.026927,0.238216,-0.999921,0.00412,0.011039,0.004451
1,0.2625,6,-0.206172,-0.520058,0.101478,0.510332,0.493864,0.495278,0.50036,-0.021353,-0.026927,0.238216,-0.999921,0.00412,0.011039,0.004451
1,0.2625,6,-0.206063,-0.520058,0.101426,0.506571,0.481104,0.500411,0.511384,-0.021354,-0.026875,0.238107,0.999743,-0.005669,-0.018459,0.0119
1,0.2625,6,-0.206172,-0.520058,0.101478,0.510332,0.493864,0.495278,0.50036,-0.021353,-0.026927,0.238216,-0.999921,0.00412,0.011039,0.004451
1,0.2625,6,-0.206063,-0.520058,0.101426,0.506571,0.481104,0.500411,0.511384,-0.021354,-0.026875,0.238107,0.999743,-0.005669,-0.018459,0.0119
1,0.2625,6,-0.206063,-0.520058,0.101426,0.506571,0.481104,0.500411,0.511384,-0.021354,-0.026875,0.238107,0.999743,-0.005669,-0.018459,0.0119
1,0.2625,6,-0.206063,-0.520058,0.101426,0.506571,0.481104,0.500411,0.511384,-0.021354,-0.026875,0.238107,0.999743,-0.005669,-0.018459,0.0119
1,0.2625,6,-0.206063,-0.520058,0.101426,0.506571,0.481104,0.500411,0.511384,-0.021354,-0.026875,0.238107,0.999743,-0.005669,-0.018459,0.0119
1,0.2625,6,-0.206172,-0.520058,0.101478,0.510332,0.493864,0.495278,0.50036,-0.021353,-0.026927,0.238216,-0.999921,0.00412,0.011039,0.004451
1,0.2625,6,-0.206063,-0.520058,0.101426,0.506571,0.481104,0.500411,0.511384,-0.021354,-0.026875,0.238107,0.999743,-0.005669,-0.018459,0.0119
1,0.2625,6,-0.206063,-0.520058,0.101426,0.506571,0.481104,0.500411,0.511384,-0.021354,-0.026875,0.238107,0.999743,-0.005669,-0.018459,0.0119
1,0.225,7,-0.202735,-0.527548,0.096707,0.432999,0.46459,0.554226,0.538053,-0.009179,0.004348,0.182207,0.99488,0.013434,0.04009,0.091789
1,0.225,7,-0.20265,-0.527558,0.096313,-0.514958,-0.536527,-0.479194,-0.466188,-0.009192,0.004742,0.182126,-0.997678,-0.012404,-0.032417,0.058606
1,0.225,7,-0.202882,-0.527742,0.096469,0.503942,0.479251,0.487944,0.527515,-0.009381,0.004582,0.182349,0.999695,0.014767,-0.016449,0.010978
1,0.225,7,-0.203322,-0.527602,0.096312,-0.487149,-0.523108,-0.502646,-0.486201,-0.009258,0.004735,0.182796,-0.998851,-0.017181,-0.041692,0.016253
1,0.225,7,-0.203322,-0.527602,0.096312,-0.487149,-0.523108,-0.502646,-0.486201,-0.009258,0.004735,0.182796,-0.998851,-0.017181,-0.041692,0.016253
1,0.225,7,-0.202754,-0.527546,0.096636,0.440353,0.472515,0.548939,0.530552,-0.009179,0.004419,0.182226,0.996032,0.012832,0.041393,0.077729
1,0.225,7,-0.203576,-0.5276,0.096378,-0.505383,-0.517281,-0.485782,-0.490942,-0.009262,0.004667,0.183049,-0.999289,-0.01627,-0.018767,0.028368
1,0.225,7,-0.203344,-0.527612,0.096453,0.505516,0.506457,0.487106,0.500682,-0.009266,0.004595,0.182816,-0.999695,-0.014885,-0.00916,0.017441
1,0.225,7,-0.203322,-0.527602,0.096312,-0.487149,-0.523108,-0.502646,-0.486201,-0.009258,0.004735,0.182796,-0.998851,-0.017181,-0.041692,0.016253
1,0.225,7,-0.203359,-0.52748,0.096446,0.46898,0.518056,0.523973,0.486958,-0.009135,0.004603,0.182835,0.998173,0.013006,0.058671,0.006215
1,0.225,7,-0.203322,-0.527602,0.096312,-0.487149,-0.523108,-0.502646,-0.486201,-0.009258,0.004735,0.182796,-0.998851,-0.017181,-0.041692,0.016253
1,0.225,7,-0.20275,-0.527621,0.096539,0.494411,0.479332,0.502265,0.522999,-0.009255,0.004515,0.182221,0.99974,0.009929,-0.002178,0.020425
1,0.225,7,-0.203322,-0.527602,0.096312,-0.487149,-0.523108,-0.502646,-0.486201,-0.009258,0.004735,0.182796,-0.998851,-0.017181,-0.041692,0.016253
1,0.225,7,-0.202995,-0.527753,0.096472,0.516731,0.490168,0.47203,0.519531,-0.009396,0.004577,0.182462,-0.999522,-0.018191,0.02151,0.012737
1,0.225,7,-0.202949,-0.527698,0.096235,0.517223,0.518427,0.474575,0.488357,-0.009342,0.004816,0.18242,-0.99897,-0.015492,-0.009,0.041697
1,0.225,7,-0.20246,-0.527866,0.096473,0.518774,0.469773,0.474502,0.533887,-0.009492,0.004581,0.181924,0.999162,0.01273,-0.038579,0.0049
1,0.225,7,-0.20265,-0.527558,0.096313,-0.514958,-0.536527,-0.479194,-0.466188,-0.009192,0.004742,0.182126,-0.997678,-0.012404,-0.032417,0.058606
1,0.225,7,-0.202745,-0.52777,0.096308,0.531903,0.519637,0.456148,0.488861,-0.009407,0.004743,0.182214,-0.998092,-0.018566,0.007324,0.058433
1,0.225,7,-0.203322,-0.527602,0.096312,-0.487149,-0.523108,-0.502646,-0.486201,-0.009258,0.004735,0.182796,-0.998851,-0.017181,-0.041692,0.016253
1,0.225,7,-0.203605,-0.527427,0.096467,0.456592,0.512463,0.534804,0.492839,-0.009089,0.00458,0.183083,0.997536,0.013622,0.064667,0.023533
1,0.225,7,-0.203001,-0.527637,0.096685,0.477381,0.458939,0.514168,0.545081,-0.009276,0.004365,0.18247,0.998298,0.012806,-0.008691,0.056236
1,0.225,7,-0.203322,-0.527602,0.096312,-0.487149,-0.523108,-0.502646,-0.486201,-0.009258,0.004735,0.182796,-0.998851,-0.017181,-0.041692,0.016253
1,0.225,7,-0.20302,-0.527478,0.096443,0.460526,0.507339,0.531444,0.498087,-0.009122,0.00461,0.182496,0.998033,0.013424,0.05585,0.025132
1,0.225,7,-0.203298,-0.527534,0.09637,-0.479221,-0.525486,-0.511979,-0.481756,-0.009188,0.004679,0.182773,-0.998375,-0.015295,-0.053755,0.01115
1,0.225,7,-0.202745,-0.52777,0.096308,0.531903,0.519637,0.456148,0.488861,-0.009407,0.004743,0.182214,-0.998092,-0.018566,0.007324,0.058433
1,0.225,7,-0.202937,-0.527727,0.096267,0.52972,0.514602,0.460692,0.492285,-0.009371,0.004783,0.182408,-0.998536,-0.01647,0.008139,0.050867
1,0.225,7,-0.202266,-0.527827,0.096424,0.526304,0.467557,0.468559,0.53371,-0.009448,0.004632,0.181732,-0.998864,-0.01087,0.046394,0.000788
1,0.225,7,-0.203178,-0.527642,0.096495,0.489933,0.500059,0.501852,0.507988,-0.00929,0.004553,0.182648,0.999716,0.015371,0.017639,0.004524
1,0.225,7,-0.20309,-0.527579,0.096331,-0.493687,-0.511368,-0.497805,-0.496956,-0.009227,0.00472,0.182565,-0.999511,-0.015849,-0.024798,0.010594
1,0.225,7,-0.20302,-0.527478,0.096443,0.460526,0.507339,0.531444,0.498087,-0.009122,0.00461,0.182496,0.998033,0.013424,0.05585,0.025132
1,0.225,7,-0.202949,-0.527698,0.096235,0.517223,0.518427,0.474575,0.488357,-0.009342,0.004816,0.18242,-0.99897,-0.015492,-0.009,0.041697
1,0.225,7,-0.202793,-0.527694,0.096395,0.513388,0.487878,0.478436,0.519142,-0.009332,0.004657,0.182263,-0.999706,-0.01521,0.017557,0.006988
1,0.225,7,-0.203381,-0.5275,0.096332,0.462795,0.532997,0.52418,0.476413,-0.009156,0.004716,0.182857,-0.997044,-0.018247,-0.074553,0.003363
1,0.225,7,-0.202793,-0.527694,0.096395,0.513388,0.487878,0.478436,0.519142,-0.009332,0.004657,0.182263,-0.999706,-0.01521,0.017557,0.006988
1,0.225,7,-0.202887,-0.527647,0.096501,0.497592,0.466827,0.49974,0.533605,-0.009286,0.004551,0.182357,0.999399,0.00859,-0.016537,0.029217
1,0.225,7,-0.202745,-0.52777,0.096308,0.531903,0.519637,0.456148,0.488861,-0.009407,0.004743,0.182214,-0.998092,-0.018566,0.007324,0.058433
1,0.225,7,-0.203345,-0.52769,0.096339,0.518485,0.503987,0.470973,0.505326,-0.009345,0.004707,0.182816,-0.999401,-0.017821,0.009021,0.028255
1,0.225,7,-0.202864,-0.527621,0.096273,-0.513316,-0.529373,-0.479698,-0.475563,-0.009263,0.004779,0.182337,-0.998371,-0.013982,-0.025314,0.049194
1,0.225,7,-0.202949,-0.527698,0.096235,0.517223,0.518427,0.474575,0.488357,-0.009342,0.004816,0.18242,-0.99897,-0.015492,-0.009,0.041697
1,0.225,7,-0.202841,-0.527504,0.096468,0.478516,0.507388,0.515499,0.497836,-0.009142,0.004587,0.182316,0.999129,0.012666,0.038917,0.008119
1,0.225,7,-0.203345,-0.52769,0.096339,0.518485,0.503987,0.470973,0.505326,-0.009345,0.004707,0.182816,-0.999401,-0.017821,0.009021,0.028255
1,0.225,7,-0.203322,-0.527602,0.096312,-0.487149,-0.523108,-0.502646,-0.486201,-0.009258,0.004735,0.182796,-0.998851,-0.017181,-0.041692,0.016253
1,0.225,7,-0.203298,-0.527534,0.09637,-0.479221,-0.525486,-0.511979,-0.481756,-0.009188,0.004679,0.182773,-0.998375,-0.015295,-0.053755,0.01115
1,0.225,7,-0.202735,-0.527548,0.096707,0.432999,0.46459,0.554226,0.538053,-0.009179,0.004348,0.182207,0.99488,0.013434,0.04009,0.091789
1,0.225,7,-0.202949,-0.527698,0.096235,0.517223,0.518427,0.474575,0.488357,-0.009342,0.004816,0.18242,-0.99897,-0.015492,-0.009,0.041697
1,0.225,7,-0.203286,-0.527553,0.096396,0.505966,0.512766,0.486392,0.494463,-0.009206,0.004653,0.18276,-0.99948,-0.015137,-0.014789,0.024325
1,0.225,7,-0.203322,-0.527602,0.096312,-0.487149,-0.523108,-0.502646,-0.486201,-0.009258,0.004735,0.182796,-0.998851,-0.017181,-0.041692,0.016253
1,0.225,7,-0.203381,-0.5275,0.096332,0.462795,0.532997,0.52418,0.476413,-0.009156,0.004716,0.182857,-0.997044,-0.018247,-0.074553,0.003363
1,0.225,7,-0.20302,-0.527478,0.096443,0.460526,0.507339,0.531444,0.498087,-0.009122,0.00461,0.182496,0.998033,0.013424,0.05585,0.025132
1,0.225,7,-0.202913,-0.527683,0.096394,0.52054,0.506387,0.467834,0.503728,-0.009324,0.004657,0.182383,-0.999237,-0.018837,0.00965,0.032831
1,0.225,7,-0.202864,-0.527621,0.096273,-0.513316,-0.529373,-0.479698,-0.475563,-0.009263,0.004779,0.182337,-0.998371,-0.013982,-0.025314,0.049194
1,0.225,7,-0.203322,-0.527602,0.096312,-0.487149,-0.523108,-0.502646,-0.486201,-0.009258,0.004735,0.182796,-0.998851,-0.017181,-0.041692,0.016253
1,0.225,7,-0.203293,-0.527706,0.096358,0.503635,0.508164,0.485133,0.50276,-0.00936,0.004688,0.182763,-0.999636,-0.018703,-0.008949,0.01724
1,0.225,7,-0.202793,-0.527694,0.096395,0.513388,0.487878,0.478436,0.519142,-0.009332,0.004657,0.182263,-0.999706,-0.01521,0.017557,0.006988
1,0.225,7,-0.202686,-0.527677,0.096462,0.507453,0.484587,0.491244,0.516087,-0.00931,0.004592,0.182156,0.999928,0.008405,-0.008267,0.002327
1,0.225,7,-0.203015,-0.527513,0.096632,0.440319,0.469076,0.546014,0.536615,-0.009154,0.00442,0.182488,0.995959,0.015604,0.035234,0.081124
1,0.225,7,-0.20302,-0.527478,0.096443,0.460526,0.507339,0.531444,0.498087,-0.009122,0.00461,0.182496,0.998033,0.013424,0.05585,0.025132
1,0.225,7,-0.202745,-0.52777,0.096308,0.531903,0.519637,0.456148,0.488861,-0.009407,0.004743,0.182214,-0.998092,-0.018566,0.007324,0.058433
1,0.225,7,-0.202255,-0.527718,0.096319,0.536128,0.5196,0.45262,0.487563,-0.00934,0.004739,0.181726,-0.997806,-0.017636,0.010613,0.062928
1,0.225,7,-0.203322,-0.527602,0.096312,-0.487149,-0.523108,-0.502646,-0.486201,-0.009258,0.004735,0.182796,-0.998851,-0.017181,-0.041692,0.016253
1,0.225,7,-0.2019,-0.52773,0.096499,0.522857,0.462843,0.471004,0.539029,-0.009338,0.004563,0.181368,0.998735,0.011559,-0.048404,0.007202
1,0.225,7,-0.202864,-0.527621,0.096273,-0.513316,-0.529373,-0.479698,-0.475563,-0.009263,0.004779,0.182337,-0.998371,-0.013982,-0.025314,0.049194
1,0.225,7,-0.203322,-0.527602,0.096312,-0.487149,-0.523108,-0.502646,-0.486201,-0.009258,0.004735,0.182796,-0.998851,-0.017181,-0.041692,0.016253
1,0.225,7,-0.202504,-0.527581,0.096286,-0.518308,-0.525044,-0.475855,-0.478797,-0.009211,0.004771,0.181979,-0.99853,-0.012915,-0.017106,0.049787
1,0.225,7,-0.203605,-0.527427,0.096467,0.456592,0.512463,0.534804,0.492839,-0.009089,0.00458,0.183083,0.997536,0.013622,0.064667,0.023533
1,0.225,7,-0.203322,-0.527602,0.096312,-0.487149,-0.523108,-0.502646,-0.486201,-0.009258,0.004735,0.182796,-0.998851,-0.017181,-0.041692,0.016253
1,0.225,7,-0.203576,-0.5276,0.096378,-0.505383,-0.517281,-0.485782,-0.490942,-0.009262,0.004667,0.183049,-0.999289,-0.01627,-0.018767,0.028368
1,0.225,7,-0.203001,-0.527637,0.096685,0.477381,0.458939,0.514168,0.545081,-0.009276,0.004365,0.18247,0.998298,0.012806,-0.008691,0.056236
1,0.225,7,-0.203298,-0.527534,0.09637,-0.479221,-0.525486,-0.511979,-0.481756,-0.009188,0.004679,0.182773,-0.998375,-0.015295,-0.053755,0.01115
1,0.225,7,-0.20374,-0.527624,0.096468,0.482077,0.483698,0.505661,0.527204,-0.00929,0.004574,0.183211,0.999411,0.018515,0.005869,0.028287
1,0.225,7,-0.203322,-0.527602,0.096312,-0.487149,-0.523108,-0.502646,-0.486201,-0.009258,0.004735,0.182796,-0.998851,-0.017181,-0.041692,0.016253
1,0.225,7,-0.20302,-0.527478,0.096443,0.460526,0.507339,0.531444,0.498087,-0.009122,0.00461,0.182496,0.998033,0.013424,0.05585,0.025132
1,0.225,7,-0.203065,-0.527718,0.096549,0.513424,0.474728,0.481115,0.528732,-0.009361,0.0045,0.182533,0.999533,0.011929,-0.027533,0.00573
1,0.225,7,-0.203345,-0.52769,0.096339,0.518485,0.503987,0.470973,0.505326,-0.009345,0.004707,0.182816,-0.999401,-0.017821,0.009021,0.028255
1,0.225,7,-0.203312,-0.527475,0.096363,0.4631,0.517372,0.525869,0.49125,-0.009129,0.004687,0.182789,0.997971,0.016693,0.060136,0.01264
1,0.225,7,-0.202829,-0.527704,0.096524,0.507345,0.472861,0.488252,0.52973,-0.009341,0.004528,0.182298,0.999599,0.010812,-0.022303,0.013715
1,0.225,7,-0.203252,-0.527426,0.096447,0.453612,0.506462,0.536873,0.499499,-0.009077,0.004604,0.18273,0.997513,0.014289,0.060929,0.032428
1,0.225,7,-0.202504,-0.527581,0.096286,-0.518308,-0.525044,-0.475855,-0.478797,-0.009211,0.004771,0.181979,-0.99853,-0.012915,-0.017106,0.049787
1,0.225,7,-0.20243,-0.527583,0.096358,0.513659,0.517088,0.482154,0.486108,-0.00921,0.0047,0.181904,-0.999146,-0.01158,-0.015046,0.036686
1,0.225,7,-0.203445,-0.527597,0.096436,0.474701,0.488079,0.513781,0.521984,-0.009254,0.00461,0.182917,0.99919,0.017609,0.018432,0.031129
1,0.225,7,-0.202171,-0.527737,0.096521,0.527459,0.467464,0.465354,0.535454,-0.009353,0.004538,0.181639,-0.998691,-0.012755,0.049494,0.001996
1,0.225,7,-0.202435,-0.527812,0.09649,0.525906,0.481084,0.467355,0.52303,-0.009437,0.004564,0.1819,-0.999219,-0.013228,0.034766,0.013348
1,0.225,7,-0.203524,-0.527599,0.096433,0.478757,0.48413,0.517429,0.518341,-0.009259,0.004612,0.182996,0.999308,0.009965,0.018034,0.030961
1,0.225,7,-0.203322,-0.527602,0.096312,-0.487149,-0.523108,-0.502646,-0.486201,-0.009258,0.004735,0.182796,-0.998851,-0.017181,-0.041692,0.016253
1,0.225,7,-0.20309,-0.527579,0.096331,-0.493687,-0.511368,-0.497805,-0.496956,-0.009227,0.00472,0.182565,-0.999511,-0.015849,-0.024798,0.010594
1,0.225,7,-0.202573,-0.52754,0.096582,0.443628,0.478072,0.545224,0.526662,-0.009168,0.004475,0.182046,0.996574,0.01401,0.042576,0.069515
1,0.225,7,-0.202723,-0.527718,0.096312,0.518717,0.504323,0.474652,0.501295,-0.009355,0.00474,0.182193,-0.999474,-0.014005,0.005137,0.028803
1,0.225,7,-0.2019,-0.52773,0.096499,0.522857,0.462843,0.471004,0.539029,-0.009338,0.004563,0.181368,0.998735,0.011559,-0.048404,0.007202
1,0.225,7,-0.203298,-0.527534,0.09637,-0.479221,-0.525486,-0.511979,-0.481756,-0.009188,0.004679,0.182773,-0.998375,-0.015295,-0.053755,0.01115
1,0.225,7,-0.203298,-0.527534,0.09637,-0.479221,-0.525486,-0.511979,-0.481756,-0.009188,0.004679,0.182773,-0.998375,-0.015295,-0.053755,0.01115
1,0.225,7,-0.203298,-0.527534,0.09637,-0.479221,-0.525486,-0.511979,-0.481756,-0.009188,0.004679,0.182773,-0.998375,-0.015295,-0.053755,0.01115
1,0.225,7,-0.20252,-0.527833,0.096444,0.531231,0.473347,0.462528,0.528965,-0.009461,0.00461,0.181985,-0.99877,-0.012112,0.046679,0.011515
1,0.225,7,-0.203374,-0.527575,0.096413,0.507064,0.499602,0.487638,0.505463,-0.00923,0.004634,0.182847,-0.999841,-0.012761,-0.002862,0.012117
1,0.225,7,-0.203381,-0.5275,0.096332,0.462795,0.532997,0.52418,0.476413,-0.009156,0.004716,0.182857,-0.997044,-0.018247,-0.074553,0.003363
1,0.225,7,-0.203322,-0.527602,0.096312,-0.487149,-0.523108,-0.502646,-0.486201,-0.009258,0.004735,0.182796,-0.998851,-0.017181,-0.041692,0.016253
1,0.225,7,-0.203431,-0.527625,0.096413,-0.49014,-0.514712,-0.500184,-0.494622,-0.009282,0.004633,0.182903,-0.999334,-0.016904,-0.030604,0.010496
1,0.225,7,-0.202266,-0.527827,0.096424,0.526304,0.467557,0.468559,0.53371,-0.009448,0.004632,0.181732,-0.998864,-0.01087,0.046394,0.000788
1,0.225,7,-0.2019,-0.52773,0.096499,0.522857,0.462843,0.471004,0.539029,-0.009338,0.004563,0.181368,0.998735,0.011559,-0.048404,0.007202
1,0.225,7,-0.203208,-0.527463,0.096437,0.467967,0.526996,0.522542,0.479825,-0.009113,0.004614,0.182684,-0.997672,-0.015213,-0.066444,0.002052
1,0.225,7,-0.202933,-0.52757,0.096565,0.45389,0.4983,0.54139,0.502571,-0.009209,0.004487,0.182405,0.997499,0.009245,0.05746,0.040114
1,0.225,7,-0.203297,-0.527736,0.096383,0.5183,0.506303,0.46916,0.504887,-0.00939,0.004663,0.182766,-0.999305,-0.019789,0.008464,0.03042
1,0.225,7,-0.203322,-0.527602,0.096312,-0.487149,-0.523108,-0.502646,-0.486201,-0.009258,0.004735,0.182796,-0.998851,-0.017181,-0.041692,0.016253
1,0.225,7,-0.202255,-0.527718,0.096319,0.536128,0.5196,0.45262,0.487563,-0.00934,0.004739,0.181726,-0.997806,-0.017636,0.010613,0.062928
1,0.225,7,-0.203252,-0.527426,0.096447,0.453612,0.506462,0.536873,0.499499,-0.009077,0.004604,0.18273,0.997513,0.014289,0.060929,0.032428
1,0.1875,8,-0.202101,-0.524158,0.095822,-0.512379,-0.534021,-0.488403,-0.462334,0.003977,0.00112,0.146157,-0.998939,0.010374,-0.01797,0.041112
1,0.1875,8,-0.202595,-0.524305,0.096062,0.485809,0.487655,0.516237,0.50959,0.003832,0.000889,0.146656,0.999409,-0.010231,-0.002237,0.032747
1,0.1875,8,-0.202487,-0.524185,0.095799,-0.52506,-0.533009,-0.473865,-0.464399,0.003955,0.001148,0.146542,-0.998532,0.00909,-0.002913,0.053316
1,0.1875,8,-0.202301,-0.524297,0.095971,0.50276,0.494603,0.498192,0.504386,0.003838,0.000976,0.14636,0.999827,-0.009039,-0.01348,0.009076
1,0.1875,8,-0.202873,-0.52421,0.095921,-0.50616,-0.515475,-0.495554,-0.482197,0.003933,0.001032,0.146931,-0.999818,0.010109,-0.005236,0.015318
1,0.1875,8,-0.202033,-0.524295,0.096123,0.472566,0.469199,0.524128,0.53087,0.003834,0.000821,0.146094,0.997921,-0.006003,-0.011801,0.06307
1,0.1875,8,-0.202622,-0.524339,0.09598,0.52471,0.487568,0.477559,0.508816,0.003752,0.000974,0.146681,-0.999104,0.010876,0.040363,0.006675
1,0.1875,8,-0.202902,-0.524271,0.096077,0.497724,0.488386,0.50732,0.506336,0.003823,0.00088,0.146962,0.999657,-0.012734,-0.010535,0.020294
1,0.1875,8,-0.202914,-0.524253,0.096018,0.494707,0.499919,0.508578,0.496684,0.003889,0.000936,0.146973,0.999863,-0.011278,0.002241,0.011927
1,0.1875,8,-0.202731,-0.52429,0.096044,0.505843,0.494158,0.498192,0.501733,0.003849,0.000909,0.146791,0.999809,-0.012148,-0.013876,0.006447
1,0.1875,8,-0.202162,-0.524173,0.095857,-0.519679,-0.529917,-0.480036,-0.46764,0.003914,0.001089,0.146218,-0.998961,0.008949,-0.005432,0.044349
1,0.1875,8,-0.202438,-0.524249,0.095996,-0.497272,-0.506295,-0.507523,-0.488678,0.003887,0.000951,0.146497,0.999883,-0.012869,0.007705,0.002979
1,0.1875,8,-0.202104,-0.524192,0.095936,-0.510916,-0.535473,-0.488314,-0.462367,0.003942,0.001007,0.146161,-0.998927,0.008846,-0.019357,0.041133
1,0.1875,8,-0.202521,-0.524216,0.096069,0.48051,0.506437,0.521576,0.4905,0.00392,0.000879,0.14658,0.999515,-0.010332,0.022128,0.019325
1,0.1875,8,-0.202511,-0.524152,0.095906,-0.504167,-0.52315,-0.499531,-0.471803,0.003986,0.001042,0.146568,-0.999547,0.012417,-0.01732,0.021259
1,0.1875,8,-0.202243,-0.524372,0.09616,0.475296,0.467494,0.523756,0.530305,0.003759,0.000787,0.146305,0.997939,-0.008337,-0.013899,0.062087
1,0.1875,8,-0.202914,-0.524206,0.096021,0.494907,0.499719,0.508769,0.49649,0.003889,0.000936,0.146973,0.999863,-0.011278,0.002241,0.011927
1,0.1875,8,-0.202697,-0.524122,0.096082,0.476582,0.505686,0.524974,0.491481,0.003969,0.00087,0.146755,0.99936,-0.009512,0.024895,0.023864
1,0.1875,8,-0.202732,-0.524242,0.096046,0.506045,0.493962,0.498381,0.501534,0.003849,0.000909,0.146791,0.999809,-0.012148,-0.013876,0.006447
1,0.1875,8,-0.202243,-0.524372,0.09616,0.475296,0.467494,0.523756,0.530305,0.003759,0.000787,0.146305,0.997939,-0.008337,-0.013899,0.062087
1,0.1875,8,-0.202004,-0.524252,0.09606,0.479917,0.474994,0.517101,0.525991,0.00383,0.000885,0.146064,0.998616,-0.005411,-0.013538,0.050538
1,0.1875,8,-0.202496,-0.524258,0.09612,0.479428,0.501885,0.524101,0.493537,0.003877,0.000829,0.146557,0.999418,-0.011789,0.020101,0.024916
1,0.1875,8,-0.202422,-0.524293,0.09609,0.496729,0.481637,0.506489,0.514543,0.003794,0.000861,0.146482,0.99939,-0.011092,-0.017999,0.027786
1,0.1875,8,-0.202101,-0.524158,0.095822,-0.512379,-0.534021,-0.488403,-0.462334,0.003977,0.00112,0.146157,-0.998939,0.010374,-0.01797,0.041112
1,0.1875,8,-0.202107,-0.524102,0.096145,0.472134,0.514038,0.529053,0.482657,0.00398,0.0008,0.146166,0.999048,-0.009504,0.037782,0.019635
1,0.1875,8,-0.2021,-0.524119,0.096167,0.462156,0.512999,0.539098,0.482304,0.003963,0.000777,0.14616,0.998373,-0.0101,0.04738,0.030063
1,0.1875,8,-0.202757,-0.52427,0.096121,0.484826,0.479972,0.516523,0.51747,0.003821,0.000835,0.146817,0.999066,-0.009384,-0.009436,0.041104
1,0.1875,8,-0.202731,-0.52429,0.096044,0.505843,0.494158,0.498192,0.501733,0.003849,0.000909,0.146791,0.999809,-0.012148,-0.013876,0.006447
1,0.1875,8,-0.202033,-0.524295,0.096123,0.472566,0.469199,0.524128,0.53087,0.003834,0.000821,0.146094,0.997921,-0.006003,-0.011801,0.06307
1,0.1875,8,-0.202129,-0.524152,0.095872,-0.493478,-0.532049,-0.506371,-0.465823,0.003934,0.001073,0.146185,-0.999206,0.008523,-0.033485,0.019842
1,0.1875,8,-0.202732,-0.524242,0.096046,0.506045,0.493962,0.498381,0.501534,0.003849,0.000909,0.146791,0.999809,-0.012148,-0.013876,0.006447
1,0.1875,8,-0.20229,-0.524599,0.096023,0.525099,0.464782,0.472296,0.534028,0.003535,0.000929,0.146354,0.997597,-0.00765,-0.06737,0.014234
1,0.1875,8,-0.202914,-0.524253,0.096018,0.494707,0.499919,0.508578,0.496684,0.003889,0.000936,0.146973,0.999863,-0.011278,0.002241,0.011927
1,0.1875,8,-0.202249,-0.524524,0.095965,0.532997,0.466649,0.466136,0.529972,0.003563,0.000987,0.146311,0.9974,-0.00931,-0.071341,0.004251
1,0.1875,8,-0.202622,-0.52415,0.096106,0.486865,0.502218,0.515855,0.494605,0.003939,0.000846,0.146681,0.999724,-0.010394,0.01195,0.017367
1,0.1875,8,-0.202346,-0.524187,0.095848,-0.523044,-0.529949,-0.476909,-0.467051,0.003951,0.001098,0.146402,-0.9988,0.00978,-0.002547,0.047926
1,0.1875,8,-0.202233,-0.524276,0.095785,0.530242,0.5171,0.467545,0.482549,0.003861,0.001161,0.14629,-0.99888,0.007483,0.019971,0.042228
1,0.1875,8,-0.202902,-0.524319,0.096075,0.49752,0.488586,0.507133,0.506531,0.003823,0.00088,0.146962,0.999657,-0.012734,-0.010535,0.020294
1,0.1875,8,-0.202914,-0.524206,0.096021,0.494907,0.499719,0.508769,0.49649,0.003889,0.000936,0.146973,0.999863,-0.011278,0.002241,0.011927
1,0.1875,8,-0.202106,-0.52415,0.096142,0.471939,0.514245,0.528856,0.482842,0.00398,0.0008,0.146166,0.999048,-0.009504,0.037782,0.019635
1,0.1875,8,-0.202269,-0.52416,0.095866,-0.521111,-0.522933,-0.480011,-0.473892,0.003977,0.001078,0.146325,-0.999202,0.010425,0.001938,0.038508
1,0.1875,8,-0.202353,-0.524183,0.096034,0.48286,0.503664,0.518952,0.49382,0.003904,0.000915,0.146412,0.99962,-0.009563,0.016594,0.019832
1,0.1875,8,-0.20271,-0.524241,0.096076,0.497159,0.488784,0.504029,0.509782,0.00385,0.000878,0.146769,0.999662,-0.008903,-0.013449,0.020409
1,0.1875,8,-0.202744,-0.524382,0.096154,0.492111,0.473739,0.510269,0.522516,0.003756,0.0008,0.146806,0.998906,-0.010973,-0.021844,0.039877
1,0.1875,8,-0.202731,-0.52429,0.096044,0.505843,0.494158,0.498192,0.501733,0.003849,0.000909,0.146791,0.999809,-0.012148,-0.013876,0.006447
1,0.1875,8,-0.202335,-0.524163,0.096199,0.463703,0.514156,0.538021,0.480787,0.003969,0.000746,0.146395,0.998439,-0.010924,0.047417,0.027435
1,0.1875,8,-0.202346,-0.524187,0.095848,-0.523044,-0.529949,-0.476909,-0.467051,0.003951,0.001098,0.146402,-0.9988,0.00978,-0.002547,0.047926
1,0.1875,8,-0.202432,-0.524261,0.095952,-0.507785,-0.515992,-0.492361,-0.483206,0.003876,0.000996,0.14649,-0.999806,0.008593,-0.002588,0.017513
1,0.1875,8,-0.202253,-0.524214,0.095824,0.525104,0.521355,0.474379,0.476885,0.003923,0.001121,0.14631,-0.999074,0.008959,0.009025,0.041102
1,0.1875,8,-0.202521,-0.524216,0.096069,0.48051,0.506437,0.521576,0.4905,0.00392,0.000879,0.14658,0.999515,-0.010332,0.022128,0.019325
1,0.1875,8,-0.202417,-0.524199,0.096017,-0.496797,-0.514133,-0.504892,-0.483677,0.003937,0.00093,0.146476,-0.999855,0.009909,-0.013087,0.004494
1,0.1875,8,-0.202346,-0.524187,0.095848,-0.523044,-0.529949,-0.476909,-0.467051,0.003951,0.001098,0.146402,-0.9988,0.00978,-0.002547,0.047926
1,0.1875,8,-0.202646,-0.524273,0.095995,-0.493446,-0.511343,-0.507506,-0.487317,0.003866,0.000956,0.146705,0.999875,-0.009078,0.012799,0.001696
1,0.1875,8,-0.202496,-0.524258,0.09612,0.479428,0.501885,0.524101,0.493537,0.003877,0.000829,0.146557,0.999418,-0.011789,0.020101,0.024916
1,0.1875,8,-0.202563,-0.524371,0.096107,0.490897,0.478705,0.512477,0.516943,0.003766,0.000844,0.146625,0.999159,-0.011752,-0.014831,0.036381
1,0.1875,8,-0.202731,-0.52429,0.096044,0.505843,0.494158,0.498192,0.501733,0.003849,0.000909,0.146791,0.999809,-0.012148,-0.013876,0.006447
1,0.1875,8,-0.202922,-0.524255,0.096079,-0.500015,-0.502004,-0.504863,-0.493041,0.003886,0.000875,0.146982,0.999906,-0.012911,0.000662,0.004549
1,0.1875,8,-0.202346,-0.524139,0.09585,-0.523232,-0.529762,-0.477112,-0.466845,0.003951,0.001098,0.146402,-0.9988,0.00978,-0.002547,0.047926
1,0.1875,8,-0.20201,-0.524356,0.096091,0.485996,0.471343,0.512155,0.528527,0.003774,0.000853,0.146071,0.998575,-0.006999,-0.022136,0.048052
1,0.1875,8,-0.202731,-0.52429,0.096044,0.505843,0.494158,0.498192,0.501733,0.003849,0.000909,0.146791,0.999809,-0.012148,-0.013876,0.006447
1,0.1875,8,-0.202129,-0.524097,0.095887,-0.500646,-0.533138,-0.500292,-0.463493,0.004037,0.001054,0.146184,-0.99914,0.010165,-0.028655,0.028194
1,0.1875,8,-0.20231,-0.524153,0.095934,-0.512638,-0.535364,-0.487319,-0.461636,0.003983,0.001011,0.146367,-0.998869,0.009647,-0.018329,0.042806
1,0.1875,8,-0.202346,-0.524187,0.095848,-0.523044,-0.529949,-0.476909,-0.467051,0.003951,0.001098,0.146402,-0.9988,0.00978,-0.002547,0.047926
1,0.1875,8,-0.202701,-0.524448,0.09588,0.534078,0.488955,0.464948,0.509419,0.003694,0.001075,0.14676,-0.998501,0.008787,0.050879,0.018177
1,0.1875,8,-0.202902,-0.524271,0.096077,0.497724,0.488386,0.50732,0.506336,0.003823,0.00088,0.146962,0.999657,-0.012734,-0.010535,0.020294
1,0.1875,8,-0.202346,-0.524187,0.095848,-0.523044,-0.529949,-0.476909,-0.467051,0.003951,0.001098,0.146402,-0.9988,0.00978,-0.002547,0.047926
1,0.1875,8,-0.202902,-0.524319,0.096075,0.49752,0.488586,0.507133,0.506531,0.003823,0.00088,0.146962,0.999657,-0.012734,-0.010535,0.020294
1,0.1875,8,-0.202421,-0.524341,0.096088,0.496522,0.481836,0.506305,0.514738,0.003794,0.000861,0.146482,0.99939,-0.011092,-0.017999,0.027786
1,0.1875,8,-0.201754,-0.52407,0.095979,-0.467088,-0.539534,-0.525109,-0.463674,0.004058,0.000957,0.14581,-0.998152,0.002123,-0.060695,0.001911
1,0.1875,8,-0.202188,-0.524135,0.096121,0.464351,0.5138,0.535234,0.483645,0.003996,0.000822,0.146247,0.998618,-0.008627,0.044077,0.027285
1,0.1875,8,-0.202521,-0.524216,0.096069,0.48051,0.506437,0.521576,0.4905,0.00392,0.000879,0.14658,0.999515,-0.010332,0.022128,0.019325
1,0.1875,8,-0.202294,-0.524246,0.095873,0.530107,0.528536,0.46804,0.469654,0.00389,0.001073,0.146352,-0.99848,0.008381,0.007387,0.053975
1,0.1875,8,-0.202434,-0.524245,0.096087,0.492193,0.504223,0.511021,0.492303,0.00389,0.00086,0.146494,0.999844,-0.011247,0.009077,0.010117
1,0.1875,8,-0.20222,-0.524082,0.096027,-0.481503,-0.52279,-0.516598,-0.477464,0.004051,0.000915,0.146277,0.999399,-0.006714,0.033956,0.001716
1,0.1875,8,-0.202935,-0.524319,0.096013,0.511571,0.503614,0.491742,0.492806,0.003824,0.000942,0.146995,-0.999837,0.011598,0.010655,0.008812
1,0.1875,8,-0.202379,-0.524073,0.096046,-0.485177,-0.528547,-0.513561,-0.470635,0.004062,0.000898,0.146437,-0.999256,0.007608,-0.036977,0.007905
1,0.1875,8,-0.20222,-0.524082,0.096027,-0.481503,-0.52279,-0.516598,-0.477464,0.004051,0.000915,0.146277,0.999399,-0.006714,0.033956,0.001716
1,0.1875,8,-0.202033,-0.524247,0.096125,0.47278,0.468994,0.524307,0.530685,0.003834,0.000821,0.146094,0.997921,-0.006003,-0.011801,0.06307
1,0.1875,8,-0.202731,-0.52429,0.096044,0.505843,0.494158,0.498192,0.501733,0.003849,0.000909,0.146791,0.999809,-0.012148,-0.013876,0.006447
1,0.1875,8,-0.202152,-0.524193,0.095889,-0.513073,-0.520637,-0.486085,-0.478972,0.003942,0.001054,0.146208,-0.999582,0.007964,-0.001324,0.027751
1,0.1875,8,-0.20206,-0.524492,0.09596,0.540218,0.478319,0.45786,0.519365,0.003641,0.000987,0.146121,-0.997553,0.008739,0.067808,0.014643
1,0.1875,8,-0.202731,-0.52429,0.096044,0.505843,0.494158,0.498192,0.501733,0.003849,0.000909,0.146791,0.999809,-0.012148,-0.013876,0.006447
1,0.1875,8,-0.202521,-0.524341,0.096189,0.482038,0.484656,0.519768,0.512435,0.003793,0.000761,0.146584,0.999174,-0.010141,-0.001559,0.039323
1,0.1875,8,-0.202418,-0.524151,0.096019,-0.496992,-0.513935,-0.505089,-0.483482,0.003937,0.00093,0.146476,-0.999855,0.009909,-0.013087,0.004494
1,0.1875,8,-0.20222,-0.524082,0.096027,-0.481503,-0.52279,-0.516598,-0.477464,0.004051,0.000915,0.146277,0.999399,-0.006714,0.033956,0.001716
1,0.1875,8,-0.202914,-0.524253,0.096018,0.494707,0.499919,0.508578,0.496684,0.003889,0.000936,0.146973,0.999863,-0.011278,0.002241,0.011927
1,0.1875,8,-0.202346,-0.524187,0.095848,-0.523044,-0.529949,-0.476909,-0.467051,0.003951,0.001098,0.146402,-0.9988,0.00978,-0.002547,0.047926
1,0.1875,8,-0.202731,-0.52429,0.096044,0.505843,0.494158,0.498192,0.501733,0.003849,0.000909,0.146791,0.999809,-0.012148,-0.013876,0.006447
1,0.1875,8,-0.202732,-0.524242,0.096046,0.506045,0.493962,0.498381,0.501534,0.003849,0.000909,0.146791,0.999809,-0.012148,-0.013876,0.006447
1,0.1875,8,-0.202731,-0.52429,0.096044,0.505843,0.494158,0.498192,0.501733,0.003849,0.000909,0.146791,0.999809,-0.012148,-0.013876,0.006447
1,0.1875,8,-0.20223,-0.524324,0.095786,0.523031,0.524375,0.473366,0.476858,0.003813,0.00116,0.146287,-0.999072,0.005912,0.006983,0.042099
1,0.1875,8,-0.20206,-0.524492,0.09596,0.540218,0.478319,0.45786,0.519365,0.003641,0.000987,0.146121,-0.997553,0.008739,0.067808,0.014643
1,0.1875,8,-0.202521,-0.524168,0.096072,0.480708,0.506232,0.52177,0.490312,0.00392,0.000879,0.14658,0.999515,-0.010332,0.022128,0.019325
1,0.1875,8,-0.202521,-0.524216,0.096069,0.48051,0.506437,0.521576,0.4905,0.00392,0.000879,0.14658,0.999515,-0.010332,0.022128,0.019325
1,0.1875,8,-0.202287,-0.524271,0.096093,0.477437,0.497835,0.523723,0.499929,0.003862,0.000853,0.146348,0.999356,-0.009424,0.015624,0.030893
1,0.1875,8,-0.202159,-0.524544,0.096049,0.525851,0.47031,0.471508,0.529121,0.00354,0.000902,0.146222,0.997963,-0.006941,-0.062875,0.008308
1,0.1875,8,-0.202764,-0.524443,0.095994,0.525821,0.479036,0.476467,0.516736,0.003698,0.000961,0.146825,-0.998695,0.011597,0.049741,-0.000359
1,0.1875,8,-0.202731,-0.52429,0.096044,0.505843,0.494158,0.498192,0.501733,0.003849,0.000909,0.146791,0.999809,-0.012148,-0.013876,0.006447
1,0.1875,8,-0.202004,-0.524318,0.096168,0.477328,0.479704,0.520988,0.520205,0.00381,0.000776,0.146066,0.998781,-0.006948,-0.005049,0.048599
1,0.1875,8,-0.202239,-0.524337,0.095828,0.527862,0.519196,0.467315,0.483129,0.003752,0.001122,0.146297,-0.998946,0.004434,0.018174,0.041905
1,0.1875,8,-0.202417,-0.524199,0.096017,-0.496797,-0.514133,-0.504892,-0.483677,0.003937,0.00093,0.146476,-0.999855,0.009909,-0.013087,0.004494
1,0.1875,8,-0.202003,-0.5243,0.096058,0.479706,0.475197,0.51692,0.526179,0.00383,0.000885,0.146064,0.998616,-0.005411,-0.013538,0.050538
1,0.15,9,-0.199429,-0.52313,0.096728,0.501785,0.505802,0.493409,0.498924,0.000445,-0.001125,0.108465,-0.999763,-0.00565,0.01163,0.01752
1,0.15,9,-0.1997,-0.523073,0.096722,0.495727,0.503406,0.507354,0.493386,0.000509,-0.001125,0.108735,-0.999957,0.002281,0.000128,0.009015
1,0.15,9,-0.199941,-0.523079,0.096776,0.491698,0.507347,0.502342,0.498482,0.000508,-0.001184,0.108975,-0.999936,-0.006768,0.001108,0.009027
1,0.15,9,-0.199512,-0.523108,0.09702,0.476489,0.47696,0.519243,0.525218,0.00047,-0.001419,0.108542,0.999261,0.004706,-0.013585,0.035635
1,0.15,9,-0.199586,-0.52293,0.096948,0.460128,0.488535,0.530023,0.518355,0.000649,-0.001349,0.108613,0.999113,0.009675,0.009261,0.039913
1,0.15,9,-0.199543,-0.523269,0.096944,0.495894,0.463952,0.505984,0.531807,0.00031,-0.001344,0.108578,0.998781,-0.00139,-0.039779,0.029198
1,0.15,9,-0.200049,-0.52305,0.096702,-0.49388,-0.51137,-0.499502,-0.495057,0.000539,-0.001112,0.109084,-0.999857,-0.007316,-0.000106,0.015269
1,0.15,9,-0.200063,-0.523048,0.096747,0.49203,0.497489,0.513888,0.496316,0.000541,-0.001156,0.109097,0.999987,-0.005096,0.000546,0.000555
1,0.15,9,-0.199457,-0.522871,0.096719,-0.48469,-0.52513,-0.514546,-0.473873,0.000705,-0.001117,0.108487,-0.999349,-0.000327,-0.02963,0.020571
1,0.15,9,-0.199807,-0.523106,0.096748,0.496608,0.502923,0.496957,0.50347,0.000478,-0.001153,0.108842,-0.999868,-0.00738,0.010956,0.009465
1,0.15,9,-0.199622,-0.522848,0.096621,-0.491493,-0.522916,-0.506382,-0.478091,0.000732,-0.001022,0.108654,-0.99951,-0.002068,-0.01894,0.024849
1,0.15,9,-0.199812,-0.52305,0.096698,-0.500492,-0.506558,-0.50308,-0.489711,0.000534,-0.001103,0.108847,-0.999852,0.002864,0.001246,0.016941
1,0.15,9,-0.199659,-0.523134,0.09678,0.501745,0.497021,0.492388,0.508701,0.000447,-0.001182,0.108695,-0.99971,-0.006871,0.021379,0.008734
1,0.15,9,-0.199658,-0.523072,0.096849,0.481184,0.493029,0.517264,0.507763,0.000509,-0.001251,0.108691,0.999877,0.002305,-0.000209,0.015542
1,0.15,9,-0.199706,-0.523014,0.096727,0.493767,0.503738,0.508179,0.494163,0.000568,-0.00113,0.10874,-0.999971,0.001154,-0.001055,0.007413
1,0.15,9,-0.199421,-0.523072,0.096684,-0.499916,-0.513269,-0.496212,-0.490319,0.000503,-0.001081,0.108457,-0.99972,-0.00445,0.001273,0.023217
1,0.15,9,-0.19975,-0.523172,0.096694,0.509616,0.498942,0.487204,0.503965,0.00041,-0.001098,0.108788,-0.999517,-0.004044,0.024613,0.018555
1,0.15,9,-0.199755,-0.523198,0.096877,0.505337,0.478334,0.488388,0.5266,0.000385,-0.001281,0.10879,0.999014,0.007056,-0.043447,0.00579
1,0.15,9,-0.199466,-0.522862,0.096619,-0.489014,-0.526443,-0.506983,-0.476121,0.000715,-0.001017,0.108499,-0.999383,-0.00373,-0.023245,0.026079
1,0.15,9,-0.199578,-0.523045,0.096808,0.487456,0.501636,0.508325,0.502348,0.000534,-0.001208,0.108611,0.999986,0.00508,-0.000791,0.000893
1,0.15,9,-0.199942,-0.523021,0.096723,0.49079,0.507202,0.503247,0.498612,0.000566,-0.001131,0.108976,-0.999945,-0.006766,0.000337,0.007983
1,0.15,9,-0.199763,-0.522979,0.096852,0.475485,0.497154,0.51663,0.50975,0.000604,-0.001256,0.108793,0.999814,0.008506,0.003456,0.016935
1,0.15,9,-0.19986,-0.522923,0.0968,0.471439,0.509136,0.524206,0.493694,0.000662,-0.001205,0.10889,0.999682,0.00442,0.023242,0.008754
1,0.15,9,-0.199374,-0.523224,0.096888,0.505727,0.474741,0.490797,0.527238,0.00035,-0.001284,0.108409,0.998957,0.004224,-0.044577,0.008949
1,0.15,9,-0.199928,-0.522961,0.096776,0.48156,0.507532,0.513414,0.496907,0.000625,-0.001183,0.10896,0.99993,0.005599,0.010377,0.000701
1,0.15,9,-0.199789,-0.522976,0.096757,0.48221,0.513886,0.510954,0.492261,0.000607,-0.001161,0.108822,-0.999851,-0.007242,-0.014332,0.006375
1,0.15,9,-0.199642,-0.523197,0.096608,0.518916,0.509718,0.476239,0.494075,0.000383,-0.00101,0.108682,-0.998927,-0.005094,0.024416,0.039029
1,0.15,9,-0.19982,-0.522987,0.096749,0.486224,0.503191,0.508386,0.501926,0.000597,-0.001154,0.108853,0.99998,0.006212,0.000855,0.000537
1,0.15,9,-0.199659,-0.523134,0.09678,0.501745,0.497021,0.492388,0.508701,0.000447,-0.001182,0.108695,-0.99971,-0.006871,0.021379,0.008734
1,0.15,9,-0.199823,-0.523037,0.0968,0.490286,0.50083,0.513328,0.495261,0.000547,-0.001206,0.108856,-0.99999,0.002846,-0.003356,0.001078
1,0.15,9,-0.199755,-0.523056,0.096694,0.50716,0.51117,0.486094,0.495184,0.000527,-0.001098,0.10879,-0.999479,-0.007333,0.013411,0.028434
1,0.15,9,-0.199676,-0.522951,0.096732,-0.491728,-0.513634,-0.509886,-0.484149,0.00063,-0.001134,0.108708,-0.999796,0.001251,-0.012878,0.015505
1,0.15,9,-0.199771,-0.522968,0.096854,0.479453,0.502546,0.524898,0.491991,0.000615,-0.001258,0.108802,0.999817,-0.004031,0.017051,0.007632
1,0.15,9,-0.199633,-0.523186,0.096593,0.523038,0.491551,0.479051,0.505291,0.000394,-0.000995,0.108673,-0.998895,0.001544,0.039815,0.024903
1,0.15,9,-0.199585,-0.522869,0.096878,0.472416,0.510997,0.529732,0.484861,0.00071,-0.001278,0.108612,0.999506,-0.002425,0.030796,0.00575
1,0.15,9,-0.199621,-0.523158,0.09683,0.508337,0.492239,0.487949,0.511077,0.000422,-0.001231,0.108656,-0.999467,-0.00466,0.030495,0.010636
1,0.15,9,-0.199691,-0.522992,0.096871,0.485044,0.50134,0.517885,0.495162,0.000589,-0.001273,0.108721,0.999954,-0.0023,0.008571,0.003506
1,0.15,9,-0.199633,-0.523179,0.096946,0.496453,0.472762,0.500064,0.529118,0.000401,-0.001348,0.108666,0.999095,0.004228,-0.037226,0.020142
1,0.15,9,-0.199677,-0.522967,0.096721,-0.493006,-0.516104,-0.501911,-0.488535,0.000614,-0.001123,0.108709,-0.999772,-0.00554,-0.007355,0.019243
1,0.15,9,-0.199894,-0.523088,0.096878,0.496417,0.486881,0.499937,0.516313,0.000498,-0.001285,0.108926,0.999683,0.004687,-0.023824,0.006609
1,0.15,9,-0.199859,-0.523133,0.096832,0.501179,0.488631,0.491725,0.517943,0.000452,-0.001238,0.108893,0.99951,0.008094,-0.030222,3.2e-05
1,0.15,9,-0.199681,-0.522908,0.096664,-0.496239,-0.513246,-0.50544,-0.48462,0.000673,-0.001066,0.108714,-0.999776,0.001238,-0.007966,0.019549
1,0.15,9,-0.199816,-0.522985,0.096707,-0.493576,-0.510632,-0.50208,-0.493511,0.000599,-0.001112,0.10885,-0.999885,-0.00503,-0.001929,0.014208
1,0.15,9,-0.199928,-0.523079,0.096776,0.49127,0.498172,0.501744,0.508657,0.000508,-0.001183,0.108962,0.999909,0.007982,-0.010847,0.000561
1,0.15,9,-0.199771,-0.522945,0.096882,0.475554,0.496757,0.518792,0.507874,0.000638,-0.001286,0.1088,0.999818,0.006241,0.00522,0.017265
1,0.15,9,-0.199707,-0.523018,0.09678,0.492266,0.506264,0.504053,0.497293,0.000564,-0.001183,0.10874,-0.999954,-0.004492,0.000505,0.008484
1,0.15,9,-0.199662,-0.523073,0.096827,0.497214,0.484861,0.505943,0.511577,0.000508,-0.001229,0.108695,0.999768,-0.002117,-0.019927,0.007925
1,0.15,9,-0.199456,-0.523008,0.096844,0.489648,0.49695,0.505637,0.507559,0.000569,-0.001242,0.108488,0.999945,0.005691,-0.008171,0.003403
1,0.15,9,-0.199739,-0.522816,0.096682,-0.471781,-0.530092,-0.519664,-0.475789,0.000766,-0.001085,0.10877,-0.999074,-0.007639,-0.04025,0.013167
1,0.15,9,-0.199529,-0.52282,0.096926,0.462832,0.494296,0.533611,0.506673,0.000758,-0.001324,0.108554,0.999323,0.003389,0.018354,0.03169
1,0.15,9,-0.200065,-0.522995,0.096701,-0.499391,-0.506134,-0.504203,-0.490119,0.000594,-0.001111,0.109099,-0.999877,0.002873,0.000549,0.015413
1,0.15,9,-0.199809,-0.522995,0.096849,0.489007,0.494828,0.504553,0.511315,0.00059,-0.001254,0.108839,0.99989,0.007431,-0.011312,0.006106
1,0.15,9,-0.199447,-0.522775,0.096711,-0.478528,-0.524126,-0.519494,-0.475845,0.000801,-0.001108,0.108476,-0.999339,-0.001455,-0.033715,0.013544
1,0.15,9,-0.199542,-0.523241,0.096819,0.514336,0.489895,0.480577,0.514302,0.000337,-0.001219,0.108579,-0.999079,-0.005837,0.039954,0.014537
1,0.15,9,-0.199759,-0.522918,0.096655,-0.490494,-0.52174,-0.503593,-0.483319,0.000665,-0.001059,0.108792,-0.999616,-0.006054,-0.014883,0.022583
1,0.15,9,-0.199816,-0.522985,0.096707,-0.493576,-0.510632,-0.50208,-0.493511,0.000599,-0.001112,0.10885,-0.999885,-0.00503,-0.001929,0.014208
1,0.15,9,-0.199516,-0.523159,0.096748,0.507531,0.502483,0.487034,0.502714,0.000418,-0.001147,0.108553,-0.999554,-0.006267,0.02124,0.020021
1,0.15,9,-0.199679,-0.523101,0.096765,0.502792,0.491224,0.500414,0.505456,0.00048,-0.001167,0.108714,-0.999805,0.002155,0.019251,0.003872
1,0.15,9,-0.199451,-0.523028,0.096831,0.495295,0.495887,0.500026,0.508678,0.000548,-0.001229,0.108483,-0.999872,-0.005717,0.014896,0.001129
1,0.15,9,-0.199558,-0.522678,0.096715,-0.462878,-0.536805,-0.529721,-0.465812,0.000901,-0.001114,0.108585,-0.998227,-0.005266,-0.058064,0.012015
1,0.15,9,-0.199859,-0.523133,0.096832,0.501179,0.488631,0.491725,0.517943,0.000452,-0.001238,0.108893,0.99951,0.008094,-0.030222,3.2e-05
1,0.15,9,-0.199688,-0.522985,0.096572,-0.51102,-0.520196,-0.490739,-0.476896,0.000596,-0.000975,0.108725,-0.999132,0.001833,-0.00054,0.04161
1,0.15,9,-0.199938,-0.522963,0.096826,0.488107,0.503594,0.517061,0.490707,0.000624,-0.001233,0.108969,-0.999938,0.004591,-0.009955,0.001768
1,0.15,9,-0.199826,-0.522988,0.096763,-0.498071,-0.506144,-0.505512,-0.490103,0.000596,-0.001168,0.108858,-0.999896,0.002869,-0.00078,0.014113
1,0.15,9,-0.199905,-0.523091,0.096775,0.50832,0.491234,0.494823,0.505421,0.000495,-0.001182,0.108939,-0.999646,0.002143,0.024792,0.009448
1,0.15,9,-0.199574,-0.523074,0.096611,0.511655,0.516485,0.482989,0.488031,0.000505,-0.001011,0.108612,-0.999184,-0.005585,0.011,0.038449
1,0.15,9,-0.199599,-0.523144,0.096817,0.507969,0.487291,0.48827,0.515857,0.000435,-0.001218,0.108634,-0.999361,-0.004701,0.035009,0.005421
1,0.15,9,-0.199526,-0.523119,0.096798,0.502718,0.490033,0.494231,0.512717,0.000459,-0.001197,0.108561,-0.999638,-0.004091,0.026467,0.00276
1,0.15,9,-0.1998,-0.522937,0.09686,0.478909,0.501156,0.517757,0.501414,0.000647,-0.001264,0.108829,0.99991,0.003936,0.008425,0.009661
1,0.15,9,-0.199443,-0.522737,0.096668,-0.488783,-0.529275,-0.508131,-0.471976,0.000839,-0.001065,0.108472,-0.999204,-0.002543,-0.027412,0.028867
1,0.15,9,-0.199691,-0.523014,0.096781,0.489892,0.498301,0.503128,0.508492,0.000567,-0.001184,0.108723,0.999923,0.007959,-0.009317,0.001794
1,0.15,9,-0.199799,-0.522918,0.096751,0.484682,0.513769,0.511856,0.489008,0.000666,-0.001155,0.10883,-0.999841,-0.003837,-0.01508,0.008693
1,0.15,9,-0.199807,-0.523053,0.0967,-0.496223,-0.510265,-0.498325,-0.495039,0.000531,-0.001105,0.108842,-0.999843,-0.006181,0.00221,0.016471
1,0.15,9,-0.199597,-0.523093,0.096911,0.493474,0.478552,0.504974,0.521989,0.000487,-0.001312,0.108629,0.999481,0.002464,-0.026845,0.017632
1,0.15,9,-0.199585,-0.522918,0.096807,0.489367,0.499974,0.515336,0.494949,0.000662,-0.001207,0.108615,0.999982,-0.003967,0.004538,0.000668
1,0.15,9,-0.199442,-0.523065,0.096778,0.502963,0.49698,0.495716,0.504286,0.000511,-0.001175,0.108476,-0.999784,-0.002326,0.018182,0.00982
1,0.15,9,-0.199807,-0.522992,0.096919,0.48791,0.491115,0.508997,0.511539,0.000592,-0.001324,0.108836,0.999877,0.004057,-0.010538,0.010881
1,0.15,9,-0.199819,-0.522993,0.09681,0.485781,0.501777,0.507717,0.50444,0.000591,-0.001215,0.108851,0.999969,0.007359,-0.001209,0.002378
1,0.15,9,-0.199703,-0.522909,0.09683,0.4886,0.502103,0.516603,0.492222,0.000673,-0.001233,0.108733,-0.999957,0.004565,-0.007977,0.000739
1,0.15,9,-0.199388,-0.5232,0.096747,0.518015,0.48266,0.481866,0.516242,0.000375,-0.001143,0.108426,-0.99889,-0.0008,0.045781,0.011081
1,0.15,9,-0.199808,-0.52299,0.0967,-0.494683,-0.511929,-0.498705,-0.49448,0.000594,-0.001104,0.108841,-0.999835,-0.007292,0.000127,0.016636
1,0.15,9,-0.199711,-0.523049,0.096666,0.511922,0.515913,0.483303,0.488045,0.000533,-0.001069,0.108746,-0.999197,-0.005021,0.011275,0.038126
1,0.15,9,-0.199646,-0.52277,0.096899,0.46625,0.509649,0.536109,0.485237,0.00081,-0.0013,0.108671,0.999257,-0.002993,0.03621,0.012887
1,0.15,9,-0.199322,-0.522787,0.09694,0.466046,0.505976,0.532655,0.49302,0.000787,-0.001335,0.108347,0.999438,0.001008,0.028898,0.016952
1,0.15,9,-0.199708,-0.523047,0.096969,0.479275,0.482178,0.517272,0.519836,0.000535,-0.001372,0.108737,0.999544,0.004105,-0.01068,0.027958
1,0.15,9,-0.19945,-0.523003,0.09686,0.489379,0.491427,0.512608,0.506202,0.000573,-0.001258,0.108481,0.999935,-0.001052,-0.006694,0.009179
1,0.15,9,-0.199676,-0.522952,0.096732,-0.489684,-0.515515,-0.507432,-0.486791,0.000629,-0.001134,0.108708,-0.9998,-0.003266,-0.012336,0.015378
1,0.15,9,-0.199799,-0.522972,0.09695,0.482309,0.49579,0.521155,0.499968,0.000612,-0.001354,0.108827,0.999907,-0.002828,0.006398,0.011696
1,0.15,9,-0.199743,-0.523157,0.0968,0.506453,0.49461,0.487006,0.511557,0.000426,-0.001204,0.108778,-0.999488,-0.007479,0.029052,0.011143
1,0.15,9,-0.199528,-0.523054,0.096961,0.48056,0.473978,0.521971,0.521492,0.000524,-0.001361,0.108558,0.999299,-0.002055,-0.013953,0.034666
1,0.15,9,-0.199731,-0.522758,0.096923,0.464632,0.512288,0.538061,0.481839,0.000825,-0.001325,0.108755,0.999084,-0.0036,0.041009,0.011657
1,0.15,9,-0.199759,-0.5231,0.096739,0.506531,0.505838,0.485721,0.501627,0.000483,-0.001143,0.108795,-0.999529,-0.008511,0.019154,0.022426
1,0.15,9,-0.199757,-0.523117,0.096751,0.508428,0.499858,0.486124,0.505297,0.000466,-0.001155,0.108792,-0.999506,-0.006306,0.024745,0.018318
1,0.15,9,-0.199619,-0.523021,0.09665,-0.505745,-0.518253,-0.490105,-0.485215,0.000558,-0.001051,0.108654,-0.999402,-0.004417,0.002204,0.034226
1,0.15,9,-0.199808,-0.52299,0.0967,-0.494683,-0.511929,-0.498705,-0.49448,0.000594,-0.001104,0.108841,-0.999835,-0.007292,0.000127,0.016636
1,0.15,9,-0.199919,-0.522857,0.096778,0.487831,0.510607,0.517108,0.483632,0.00073,-0.001185,0.108948,-0.999805,0.004654,-0.017155,0.008656
1,0.15,9,-0.199645,-0.523118,0.096824,0.500988,0.49175,0.493133,0.513822,0.000463,-0.001226,0.108679,-0.999639,-0.006911,0.025817,0.002782
1,0.15,9,-0.199691,-0.523015,0.096886,0.486358,0.494589,0.516678,0.501877,0.000567,-0.001289,0.108721,0.999957,-0.002232,0.000582,0.008986
1,0.15,9,-0.199757,-0.523117,0.096751,0.508428,0.499858,0.486124,0.505297,0.000466,-0.001155,0.108792,-0.999506,-0.006306,0.024745,0.018318
1,0.15,9,-0.199694,-0.522942,0.09688,0.483957,0.499073,0.517869,0.498521,0.000639,-0.001283,0.108723,0.999956,-0.001143,0.006308,0.006845
1,0.15,9,-0.19991,-0.523036,0.096679,-0.501707,-0.511971,-0.493306,-0.492772,0.00055,-0.001085,0.108945,-0.999688,-0.005621,0.005487,0.023699
1,0.15,10,-0.200709,-0.519784,0.100131,0.48095,0.512207,0.518254,0.48759,0.003251,-0.002721,0.112097,0.99956,-0.001532,0.029608,7.5e-05
1,0.15,10,-0.200977,-0.51997,0.100115,0.494958,0.484621,0.508173,0.511781,0.003066,-0.002708,0.112366,0.999857,-0.004935,-0.008371,0.013859
1,0.15,10,-0.200764,-0.519862,0.099982,-0.508734,-0.507332,-0.495017,-0.488633,0.003173,-0.002572,0.112154,-0.99973,0.005572,-0.001149,0.022519
1,0.15,10,-0.200755,-0.520128,0.099953,0.532843,0.48204,0.465231,0.516987,0.002908,-0.002543,0.112146,-0.998357,0.000861,0.052591,0.02273
1,0.15,10,-0.200866,-0.520073,0.099856,0.534472,0.505749,0.460015,0.496934,0.002963,-0.002447,0.112259,-0.998262,-0.00261,0.034068,0.048008
1,0.15,10,-0.201083,-0.519824,0.100092,0.483988,0.50424,0.508363,0.503055,0.003212,-0.002687,0.112472,0.999904,0.005765,0.011464,0.005284
1,0.15,10,-0.201026,-0.519856,0.1,-0.499618,-0.511,-0.491305,-0.497876,0.00318,-0.002594,0.112416,-0.999827,-0.007305,-0.001136,0.017048
1,0.15,10,-0.200778,-0.519919,0.100143,0.498445,0.491211,0.501473,0.508714,0.003116,-0.002734,0.112167,0.999954,-0.001579,-0.008598,0.003932
1,0.15,10,-0.200647,-0.519905,0.100042,0.496938,0.496865,0.50138,0.504773,0.003129,-0.002631,0.112037,-0.999995,-3.7e-05,0.003076,0.000152
1,0.15,10,-0.20104,-0.519864,0.099987,0.509528,0.505754,0.493058,0.491414,0.003172,-0.002581,0.11243,-0.999752,0.004365,0.002401,0.021724
1,0.15,10,-0.201012,-0.519963,0.100129,0.496785,0.488192,0.495863,0.518646,0.003072,-0.002723,0.112401,0.999804,0.005572,-0.017011,0.00841
1,0.15,10,-0.201057,-0.519911,0.100053,0.506641,0.495493,0.496979,0.500812,0.003125,-0.002647,0.112446,-0.999911,0.005255,0.008854,0.008501
1,0.15,10,-0.200839,-0.519781,0.100097,0.486273,0.498925,0.510697,0.503786,0.003254,-0.002689,0.112228,0.999929,0.001187,0.008432,0.008333
1,0.15,10,-0.20093,-0.519941,0.100019,0.511564,0.491664,0.491318,0.505149,0.003095,-0.002612,0.11232,-0.999776,0.004574,0.018223,0.009726
1,0.15,10,-0.200923,-0.519886,0.100014,0.513272,0.502241,0.489822,0.494348,0.00315,-0.002606,0.112313,-0.999705,0.004866,0.009117,0.022001
1,0.15,10,-0.200969,-0.519825,0.1001,0.493376,0.50226,0.51137,0.492763,0.00321,-0.002693,0.112358,-0.9999,0.006584,-0.012363,0.002044
1,0.15,10,-0.201023,-0.519881,0.099998,-0.49986,-0.501268,-0.502671,-0.496179,0.003155,-0.002592,0.112413,-0.99996,0.00421,-0.002591,0.007451
1,0.15,10,-0.200977,-0.520018,0.100169,0.504054,0.476439,0.498737,0.519805,0.003017,-0.002762,0.112365,0.999577,-0.004735,-0.025736,0.012669
1,0.15,10,-0.201057,-0.519911,0.100053,0.506641,0.495493,0.496979,0.500812,0.003125,-0.002647,0.112446,-0.999911,0.005255,0.008854,0.008501
1,0.15,10,-0.200604,-0.52009,0.10003,0.517815,0.49077,0.472842,0.517138,0.002945,-0.002618,0.111994,-0.999168,-0.007198,0.036943,0.01569
1,0.15,10,-0.200869,-0.519872,0.100203,0.48172,0.496933,0.521387,0.499158,0.003163,-0.002795,0.112257,0.999729,-0.005239,0.01732,0.014662
1,0.15,10,-0.201049,-0.519974,0.099998,0.512132,0.499579,0.480826,0.5069,0.003062,-0.002592,0.11244,-0.999606,-0.005225,0.020594,0.018354
1,0.15,10,-0.20061,-0.519735,0.100157,0.482653,0.510894,0.517196,0.488407,0.003299,-0.002747,0.111997,-0.999629,0.002087,-0.027159,0.000244
1,0.15,10,-0.200557,-0.519704,0.100097,0.475236,0.508502,0.520845,0.494264,0.00333,-0.002685,0.111945,0.999546,0.001533,0.028575,0.009412
1,0.15,10,-0.200806,-0.519781,0.100092,0.488688,0.508656,0.511941,0.490275,0.003254,-0.002683,0.112195,-0.9998,0.002619,-0.019463,0.003849
1,0.15,10,-0.200948,-0.519758,0.10011,0.487865,0.503766,0.513289,0.494715,0.003277,-0.002703,0.112336,0.999868,-0.003076,0.015871,0.001896
1,0.15,10,-0.200825,-0.519824,0.100143,0.483932,0.495329,0.509362,0.510891,0.003211,-0.002734,0.112213,0.999881,0.004817,0.003597,0.014174
1,0.15,10,-0.200877,-0.519764,0.100231,0.472454,0.495807,0.529558,0.500531,0.003271,-0.002823,0.112264,0.999379,-0.004602,0.024777,0.024642
1,0.15,10,-0.200897,-0.520043,0.100009,0.518888,0.487681,0.480079,0.512295,0.002992,-0.002601,0.112288,-0.999363,0.000946,0.03304,0.013469
1,0.15,10,-0.200861,-0.519834,0.100194,0.487916,0.494109,0.506624,0.511006,0.0032,-0.002786,0.112248,0.999927,0.003664,-0.000434,0.011476
1,0.15,10,-0.200475,-0.520048,0.100147,0.505207,0.481178,0.488269,0.524239,0.002986,-0.002733,0.111863,0.999477,0.004537,-0.031326,0.006685
1,0.15,10,-0.200991,-0.519831,0.100005,-0.495328,-0.513579,-0.497926,-0.492906,0.003205,-0.002598,0.11238,-0.999817,-0.004888,-0.010348,0.015349
1,0.15,10,-0.201041,-0.519971,0.100037,0.5105,0.48674,0.495181,0.507217,0.003065,-0.002631,0.112431,-0.99978,0.007387,0.019283,0.003763
1,0.15,10,-0.20074,-0.519816,0.099959,-0.501859,-0.512024,-0.497254,-0.488576,0.00322,-0.00255,0.112131,-0.99976,0.000977,-0.008105,0.020333
1,0.15,10,-0.200668,-0.519844,0.100228,0.473906,0.49468,0.524729,0.505336,0.00319,-0.002817,0.112055,0.999526,-0.001036,0.018694,0.024453
1,0.15,10,-0.200873,-0.519958,0.099921,0.517258,0.510486,0.477505,0.493798,0.003078,-0.002513,0.112264,-0.999316,-0.003154,0.0128,0.034565
1,0.15,10,-0.200794,-0.519905,0.100164,0.489188,0.48234,0.514257,0.513403,0.003129,-0.002755,0.112182,0.999739,-0.005435,-0.004411,0.021746
1,0.15,10,-0.2009,-0.519885,0.100087,0.499838,0.500109,0.503253,0.496779,0.00315,-0.002679,0.112289,-0.999967,0.004765,-0.002009,0.006269
1,0.15,10,-0.200997,-0.519769,0.100062,-0.49826,-0.510893,-0.501998,-0.488593,0.003267,-0.002656,0.112386,-0.999808,0.002122,-0.011688,0.01558
1,0.15,10,-0.200885,-0.520012,0.099959,0.523707,0.490189,0.477619,0.507273,0.003023,-0.002551,0.112276,-0.999234,0.003393,0.032917,0.020869
1,0.15,10,-0.200749,-0.519854,0.100201,0.482822,0.485679,0.519381,0.511119,0.003181,-0.002791,0.112137,0.999677,-0.004336,0.004148,0.024693
1,0.15,10,-0.200717,-0.519694,0.100072,-0.487025,-0.516881,-0.514628,-0.480416,0.003341,-0.002663,0.112106,-0.999464,0.004028,-0.030683,0.010694
1,0.15,10,-0.201047,-0.519778,0.10018,0.485731,0.502152,0.517061,0.494527,0.003257,-0.002774,0.112435,0.999809,-0.004805,0.018094,0.005568
1,0.15,10,-0.201044,-0.51998,0.100101,0.504999,0.490581,0.48775,0.516146,0.003055,-0.002695,0.112433,-0.999725,-0.005489,0.022713,0.002207
1,0.15,10,-0.200509,-0.519913,0.100238,0.475924,0.477596,0.517919,0.526458,0.003121,-0.002825,0.111896,0.999217,0.003548,-0.004819,0.039099
1,0.15,10,-0.201157,-0.519932,0.100085,0.500313,0.490768,0.503735,0.505058,0.003104,-0.002681,0.112546,0.999957,-0.005706,-0.006818,0.002531
1,0.15,10,-0.200932,-0.519777,0.100124,0.489143,0.507594,0.513221,0.489583,0.003259,-0.002718,0.11232,-0.999792,0.004365,-0.019679,0.003249
1,0.15,10,-0.200505,-0.519919,0.100297,0.477075,0.475853,0.517903,0.527011,0.003114,-0.002884,0.111892,0.999189,0.002397,-0.006558,0.039663
1,0.15,10,-0.200948,-0.519993,0.099898,0.520837,0.514718,0.46962,0.493205,0.003043,-0.002491,0.11234,-0.998932,-0.007138,0.01608,0.042717
1,0.15,10,-0.201057,-0.519911,0.100053,0.506641,0.495493,0.496979,0.500812,0.003125,-0.002647,0.112446,-0.999911,0.005255,0.008854,0.008501
1,0.15,10,-0.200785,-0.519915,0.10001,0.508533,0.508105,0.485842,0.497174,0.00312,-0.002601,0.112175,-0.999699,-0.003825,0.007162,0.023149
1,0.15,10,-0.200795,-0.519912,0.100053,0.504331,0.496522,0.498128,0.500983,0.003122,-0.002644,0.112185,-0.999943,0.004086,0.00669,0.007198
1,0.15,10,-0.200744,-0.5199,0.100239,0.482356,0.482677,0.516191,0.517593,0.003134,-0.002829,0.112131,0.999604,-0.00073,-0.001935,0.028054
1,0.15,10,-0.201038,-0.519913,0.09995,0.51047,0.508057,0.483866,0.497165,0.003123,-0.002544,0.112428,-0.999636,-0.003826,0.009135,0.025088
1,0.15,10,-0.200756,-0.519807,0.100115,0.490233,0.498669,0.502749,0.508177,0.003228,-0.002706,0.112145,0.999975,0.005295,0.000186,0.004684
1,0.15,10,-0.20077,-0.519774,0.1002,0.473527,0.49479,0.527945,0.502224,0.00326,-0.002792,0.112157,0.999444,-0.003976,0.022084,0.02465
1,0.15,10,-0.201053,-0.520086,0.099867,0.532785,0.494183,0.465794,0.504935,0.00295,-0.00246,0.112445,-0.998597,0.001163,0.040165,0.034498
1,0.15,10,-0.200574,-0.519868,0.100259,0.479051,0.488463,0.523669,0.507627,0.003166,-0.002847,0.111961,0.999596,-0.004993,0.01131,0.025597
1,0.15,10,-0.20075,-0.519789,0.100101,0.49298,0.501029,0.507114,0.498774,0.003246,-0.002692,0.112138,-0.999975,0.001831,-0.00684,0.000369
1,0.15,10,-0.200693,-0.519966,0.100346,0.478453,0.467663,0.517143,0.533794,0.003067,-0.002935,0.112079,0.998823,0.001448,-0.01513,0.04607
1,0.15,10,-0.200908,-0.520121,0.100094,0.520834,0.475653,0.473102,0.527882,0.002914,-0.002685,0.112297,-0.998669,-0.003479,0.051295,0.004154
1,0.15,10,-0.200832,-0.520047,0.099963,0.527398,0.484554,0.471088,0.514912,0.002988,-0.002554,0.112223,-0.998815,0.000894,0.044651,0.019363
1,0.15,10,-0.200923,-0.519946,0.100029,0.505533,0.50471,0.487056,0.502474,0.003089,-0.002622,0.112313,-0.9998,-0.005693,0.009401,0.0167
1,0.15,10,-0.200907,-0.51989,0.100149,0.49647,0.491618,0.499307,0.512369,0.003145,-0.002741,0.112295,0.999929,0.002536,-0.010294,0.005452
1,0.15,10,-0.200897,-0.519842,0.100232,0.470937,0.48655,0.52024,0.520421,0.003192,-0.002824,0.112284,0.999338,0.006263,0.006354,0.035271
1,0.15,10,-0.200325,-0.519815,0.100299,0.460707,0.46902,0.530996,0.534614,0.003218,-0.002884,0.111711,0.998089,0.004404,0.000932,0.061629
1,0.15,10,-0.201049,-0.519974,0.099998,0.512132,0.499579,0.480826,0.5069,0.003062,-0.002592,0.11244,-0.999606,-0.005225,0.020594,0.018354
1,0.15,10,-0.200988,-0.520043,0.099944,0.52727,0.49256,0.473376,0.505259,0.002993,-0.002537,0.11238,-0.999033,0.002871,0.034614,0.026967
1,0.15,10,-0.201057,-0.519911,0.100053,0.506641,0.495493,0.496979,0.500812,0.003125,-0.002647,0.112446,-0.999911,0.005255,0.008854,0.008501
1,0.15,10,-0.200872,-0.519871,0.100019,-0.493604,-0.509704,-0.499041,-0.497508,0.003165,-0.002611,0.112262,-0.999909,-0.005581,-0.007524,0.009696
1,0.15,10,-0.201037,-0.519988,0.100003,0.512405,0.497349,0.47806,0.511413,0.003047,-0.002597,0.112427,-0.99951,-0.007647,0.025474,0.016512
1,0.15,10,-0.200777,-0.519926,0.099992,-0.503801,-0.5085,-0.491806,-0.495721,0.003109,-0.002583,0.112167,-0.999821,-0.002646,0.000905,0.018713
1,0.15,10,-0.201049,-0.519974,0.099998,0.512132,0.499579,0.480826,0.5069,0.003062,-0.002592,0.11244,-0.999606,-0.005225,0.020594,0.018354
1,0.15,10,-0.200844,-0.51975,0.10006,0.482632,0.515919,0.514908,0.485555,0.003285,-0.002652,0.112233,-0.999536,-0.000129,-0.029986,0.005314
1,0.15,10,-0.201057,-0.519911,0.100053,0.506641,0.495493,0.496979,0.500812,0.003125,-0.002647,0.112446,-0.999911,0.005255,0.008854,0.008501
1,0.15,10,-0.201005,-0.519863,0.100129,0.490463,0.494722,0.504741,0.509836,0.003172,-0.002723,0.112394,0.999959,0.003057,-0.001757,0.008367
1,0.15,10,-0.200449,-0.519963,0.10028,0.483612,0.47559,0.513373,0.52572,0.00307,-0.002866,0.111836,0.999368,0.000641,-0.011579,0.033608
1,0.15,10,-0.200709,-0.519744,0.100172,0.473744,0.494162,0.519082,0.511785,0.00329,-0.002762,0.112096,0.999593,0.004874,0.012503,0.025175
1,0.15,10,-0.20087,-0.519865,0.100085,-0.495252,-0.505314,-0.505519,-0.493796,0.00317,-0.002677,0.112259,-0.999927,0.002542,-0.009544,0.006928
1,0.15,10,-0.200673,-0.519894,0.10002,0.511035,0.501036,0.490886,0.496827,0.003141,-0.00261,0.112063,-0.999779,0.003637,0.009307,0.018511
1,0.15,10,-0.20052,-0.519718,0.100013,-0.48909,-0.514535,-0.51038,-0.485342,0.003316,-0.002601,0.11191,-0.999661,0.001603,-0.023905,0.01023
1,0.15,10,-0.200923,-0.519946,0.100029,0.505533,0.50471,0.487056,0.502474,0.003089,-0.002622,0.112313,-0.9998,-0.005693,0.009401,0.0167
1,0.15,10,-0.200885,-0.520012,0.099963,0.519049,0.504234,0.474402,0.501277,0.003024,-0.002554,0.112276,-0.99929,-0.004488,0.022111,0.030163
1,0.15,10,-0.201057,-0.519911,0.100053,0.506641,0.495493,0.496979,0.500812,0.003125,-0.002647,0.112446,-0.999911,0.005255,0.008854,0.008501
1,0.15,10,-0.200917,-0.520003,0.100026,0.505885,0.495102,0.486449,0.512173,0.003033,-0.002618,0.112307,-0.999763,-0.005943,0.019548,0.007543
1,0.15,10,-0.200616,-0.520088,0.100028,0.520171,0.48908,0.475182,0.514224,0.002947,-0.002616,0.112006,-0.999202,-0.002543,0.036368,0.016303
1,0.15,10,-0.200661,-0.51975,0.100182,0.476289,0.508573,0.523829,0.490006,0.003284,-0.002772,0.112049,0.999461,-0.0026,0.031681,0.008223
1,0.15,10,-0.200984,-0.519827,0.100004,-0.499439,-0.509871,-0.503136,-0.487285,0.003209,-0.002597,0.112373,-0.999797,0.004447,-0.011795,0.01574
1,0.15,10,-0.200788,-0.519968,0.10005,0.500478,0.501971,0.493866,0.50363,0.003067,-0.002641,0.112177,-0.999938,-0.004009,0.00544,0.008813
1,0.15,10,-0.200795,-0.520145,0.09995,0.526892,0.479169,0.472562,0.519102,0.00289,-0.00254,0.112186,-0.998731,0.001943,0.048465,0.01359
1,0.15,10,-0.200788,-0.51973,0.100187,0.481397,0.502571,0.51548,0.49996,0.003305,-0.002778,0.112176,0.99981,0.00109,0.016994,0.009442
1,0.15,10,-0.201157,-0.519932,0.100085,0.500313,0.490768,0.503735,0.505058,0.003104,-0.002681,0.112546,0.999957,-0.005706,-0.006818,0.002531
1,0.15,10,-0.200762,-0.520249,0.099959,0.54394,0.467739,0.454844,0.527699,0.002786,-0.002548,0.112153,-0.996894,0.002859,0.075853,0.020992
1,0.15,10,-0.200931,-0.519942,0.100078,0.512127,0.490671,0.491894,0.504983,0.003094,-0.002671,0.11232,-0.999767,0.00572,0.018638,0.009304
1,0.15,10,-0.200794,-0.520001,0.100167,0.494192,0.475986,0.506669,0.522014,0.003033,-0.002758,0.112182,0.999568,-0.002926,-0.018176,0.022908
1,0.15,10,-0.201017,-0.51992,0.099934,0.51309,0.510773,0.478833,0.496556,0.003116,-0.002527,0.112408,-0.99945,-0.006092,0.011275,0.030583
1,0.15,10,-0.20078,-0.519922,0.099997,0.513153,0.507757,0.4835,0.495059,0.003113,-0.002588,0.112171,-0.999573,-0.001465,0.009767,0.027514
1,0.15,10,-0.200795,-0.519912,0.100053,0.504331,0.496522,0.498128,0.500983,0.003122,-0.002644,0.112185,-0.999943,0.004086,0.00669,0.007198
1,0.15,10,-0.201057,-0.519911,0.100053,0.506641,0.495493,0.496979,0.500812,0.003125,-0.002647,0.112446,-0.999911,0.005255,0.008854,0.008501
1,0.15,10,-0.20043,-0.51989,0.100283,0.478464,0.479378,0.515024,0.525375,0.003143,-0.002869,0.111817,0.999362,0.004078,-0.006093,0.034945
1,0.15,10,-0.20068,-0.520078,0.099936,0.531787,0.489063,0.46727,0.509586,0.002957,-0.002525,0.112071,-0.998635,0.001605,0.043827,0.028381
1,0.15,10,-0.200892,-0.519882,0.100091,0.49896,0.488916,0.504991,0.506935,0.003153,-0.002683,0.112281,0.999941,-0.005637,-0.007383,0.005699
1,0.15,10,-0.201004,-0.519848,0.099926,0.518495,0.507991,0.48629,0.486447,0.003188,-0.00252,0.112395,-0.999403,0.006817,0.006663,0.033196
1,0.15,10,-0.200923,-0.519886,0.100014,0.513272,0.502241,0.489822,0.494348,0.00315,-0.002606,0.112313,-0.999705,0.004866,0.009117,0.022001
1,0.15,10,-0.200865,-0.519845,0.100084,0.491698,0.49844,0.508898,0.500813,0.00319,-0.002677,0.112254,0.999973,-0.002347,0.006049,0.003477
1,0.15,10,-0.200895,-0.52001,0.100029,0.517377,0.492644,0.475803,0.513064,0.003025,-0.002621,0.112285,-0.999323,-0.004805,0.032282,0.016954
1,0.15,10,-0.200596,-0.519887,0.10025,0.47441,0.474789,0.518573,0.52971,0.003147,-0.002839,0.111983,0.999034,0.004219,-0.006767,0.043211
2,0.2625,11,0.080749,-0.581166,0.053407,0.004,0.714707,0.699339,0.010109,0.019126,0.032599,0.262454,-0.99992,-0.004593,0.008707,0.007913
2,0.2625,11,0.080937,-0.579826,0.053543,0.017057,0.72781,0.685306,0.018894,0.018942,0.032456,0.261114,-0.99934,-0.001551,0.024149,0.027102
2,0.2625,11,0.080937,-0.579826,0.053543,0.017057,0.72781,0.685306,0.018894,0.018942,0.032456,0.261114,-0.99934,-0.001551,0.024149,0.027102
2,0.2625,11,0.080937,-0.579826,0.053543,0.017057,0.72781,0.685306,0.018894,0.018942,0.032456,0.261114,-0.99934,-0.001551,0.024149,0.027102
2,0.2625,11,0.080937,-0.579826,0.053543,0.017057,0.72781,0.685306,0.018894,0.018942,0.032456,0.261114,-0.99934,-0.001551,0.024149,0.027102
2,0.2625,11,0.080937,-0.579826,0.053543,0.017057,0.72781,0.685306,0.018894,0.018942,0.032456,0.261114,-0.99934,-0.001551,0.024149,0.027102
2,0.2625,11,0.080937,-0.579826,0.053543,0.017057,0.72781,0.685306,0.018894,0.018942,0.032456,0.261114,-0.99934,-0.001551,0.024149,0.027102
2,0.2625,11,0.080937,-0.579826,0.053543,0.017057,0.72781,0.685306,0.018894,0.018942,0.032456,0.261114,-0.99934,-0.001551,0.024149,0.027102
2,0.2625,11,0.080937,-0.579826,0.053543,0.017057,0.72781,0.685306,0.018894,0.018942,0.032456,0.261114,-0.99934,-0.001551,0.024149,0.027102
2,0.2625,11,0.080749,-0.581166,0.053407,0.004,0.714707,0.699339,0.010109,0.019126,0.032599,0.262454,-0.99992,-0.004593,0.008707,0.007913
2,0.2625,11,0.080937,-0.579826,0.053543,0.017057,0.72781,0.685306,0.018894,0.018942,0.032456,0.261114,-0.99934,-0.001551,0.024149,0.027102
2,0.2625,11,0.080937,-0.579826,0.053543,0.017057,0.72781,0.685306,0.018894,0.018942,0.032456,0.261114,-0.99934,-0.001551,0.024149,0.027102
2,0.2625,11,0.080937,-0.579826,0.053543,0.017057,0.72781,0.685306,0.018894,0.018942,0.032456,0.261114,-0.99934,-0.001551,0.024149,0.027102
2,0.2625,11,0.080951,-0.579508,0.05366,0.011817,0.720689,0.693036,0.01297,0.018928,0.032336,0.260796,-0.99973,-0.001077,0.01625,0.016603
2,0.2625,11,0.080937,-0.579826,0.053543,0.017057,0.72781,0.685306,0.018894,0.018942,0.032456,0.261114,-0.99934,-0.001551,0.024149,0.027102
2,0.2625,11,0.080937,-0.579826,0.053543,0.017057,0.72781,0.685306,0.018894,0.018942,0.032456,0.261114,-0.99934,-0.001551,0.024149,0.027102
2,0.2625,11,0.080951,-0.579508,0.05366,0.011817,0.720689,0.693036,0.01297,0.018928,0.032336,0.260796,-0.99973,-0.001077,0.01625,0.016603
2,0.2625,11,0.080937,-0.579826,0.053543,0.017057,0.72781,0.685306,0.018894,0.018942,0.032456,0.261114,-0.99934,-0.001551,0.024149,0.027102
2,0.2625,11,0.080937,-0.579826,0.053543,0.017057,0.72781,0.685306,0.018894,0.018942,0.032456,0.261114,-0.99934,-0.001551,0.024149,0.027102
2,0.2625,11,0.080937,-0.579826,0.053543,0.017057,0.72781,0.685306,0.018894,0.018942,0.032456,0.261114,-0.99934,-0.001551,0.024149,0.027102
2,0.2625,11,0.080937,-0.579826,0.053543,0.017057,0.72781,0.685306,0.018894,0.018942,0.032456,0.261114,-0.99934,-0.001551,0.024149,0.027102
2,0.2625,11,0.080937,-0.579826,0.053543,0.017057,0.72781,0.685306,0.018894,0.018942,0.032456,0.261114,-0.99934,-0.001551,0.024149,0.027102
2,0.2625,11,0.080937,-0.579826,0.053543,0.017057,0.72781,0.685306,0.018894,0.018942,0.032456,0.261114,-0.99934,-0.001551,0.024149,0.027102
2,0.2625,11,0.080951,-0.579508,0.05366,0.011817,0.720689,0.693036,0.01297,0.018928,0.032336,0.260796,-0.99973,-0.001077,0.01625,0.016603
2,0.2625,11,0.080937,-0.580466,0.053469,0.004034,0.726131,0.687482,0.009299,0.01894,0.032533,0.261754,-0.999661,-0.004019,0.008162,0.024376
2,0.2625,11,0.080744,-0.581149,0.053509,-0.001121,0.696146,0.717846,0.008701,0.019131,0.032497,0.262437,0.999798,0.007198,-0.004091,0.0183
2,0.2625,11,0.080937,-0.580466,0.053469,0.004034,0.726131,0.687482,0.009299,0.01894,0.032533,0.261754,-0.999661,-0.004019,0.008162,0.024376
2,0.2625,11,0.080951,-0.579508,0.05366,0.011817,0.720689,0.693036,0.01297,0.018928,0.032336,0.260796,-0.99973,-0.001077,0.01625,0.016603
2,0.2625,11,0.080937,-0.579826,0.053543,0.017057,0.72781,0.685306,0.018894,0.018942,0.032456,0.261114,-0.99934,-0.001551,0.024149,0.027102
2,0.2625,11,0.080797,-0.580307,0.053678,-0.006852,0.69496,0.719013,0.001865,0.01908,0.032323,0.261595,0.999769,0.006441,0.004798,0.01996
2,0.2625,11,0.080858,-0.580012,0.053697,-0.025249,0.703641,0.709982,-0.013303,0.01902,0.032303,0.261301,0.999527,0.00881,0.028522,0.007431
2,0.2625,11,0.08079,-0.581114,0.0535,-0.01716,0.703324,0.71065,-0.004238,0.019085,0.032506,0.262402,0.999788,0.009463,0.01639,0.008133
2,0.2625,11,0.080858,-0.580012,0.053697,-0.025249,0.703641,0.709982,-0.013303,0.01902,0.032303,0.261301,0.999527,0.00881,0.028522,0.007431
2,0.2625,11,0.080744,-0.581149,0.053509,-0.001121,0.696146,0.717846,0.008701,0.019131,0.032497,0.262437,0.999798,0.007198,-0.004091,0.0183
2,0.2625,11,0.08097,-0.579839,0.053619,-0.003352,0.721775,0.692119,0.001237,0.018908,0.03238,0.261127,-0.999827,-0.003565,-0.002764,0.018021
2,0.2625,11,0.080858,-0.580012,0.053697,-0.025249,0.703641,0.709982,-0.013303,0.01902,0.032303,0.261301,0.999527,0.00881,0.028522,0.007431
2,0.2625,11,0.080744,-0.581149,0.053509,-0.001121,0.696146,0.717846,0.008701,0.019131,0.032497,0.262437,0.999798,0.007198,-0.004091,0.0183
2,0.2625,11,0.080744,-0.581149,0.053509,-0.001121,0.696146,0.717846,0.008701,0.019131,0.032497,0.262437,0.999798,0.007198,-0.004091,0.0183
2,0.2625,11,0.08079,-0.581114,0.0535,-0.01716,0.703324,0.71065,-0.004238,0.019085,0.032506,0.262402,0.999788,0.009463,0.01639,0.008133
2,0.2625,11,0.080858,-0.580012,0.053697,-0.025249,0.703641,0.709982,-0.013303,0.01902,0.032303,0.261301,0.999527,0.00881,0.028522,0.007431
2,0.2625,11,0.080797,-0.580307,0.053678,-0.006852,0.69496,0.719013,0.001865,0.01908,0.032323,0.261595,0.999769,0.006441,0.004798,0.01996
2,0.2625,11,0.08079,-0.581114,0.0535,-0.01716,0.703324,0.71065,-0.004238,0.019085,0.032506,0.262402,0.999788,0.009463,0.01639,0.008133
2,0.2625,11,0.08079,-0.581114,0.0535,-0.01716,0.703324,0.71065,-0.004238,0.019085,0.032506,0.262402,0.999788,0.009463,0.01639,0.008133
2,0.2625,11,0.08079,-0.581114,0.0535,-0.01716,0.703324,0.71065,-0.004238,0.019085,0.032506,0.262402,0.999788,0.009463,0.01639,0.008133
2,0.2625,11,0.080858,-0.580012,0.053697,-0.025249,0.703641,0.709982,-0.013303,0.01902,0.032303,0.261301,0.999527,0.00881,0.028522,0.007431
2,0.2625,11,0.08097,-0.579839,0.053619,-0.003352,0.721775,0.692119,0.001237,0.018908,0.03238,0.261127,-0.999827,-0.003565,-0.002764,0.018021
2,0.2625,11,0.080744,-0.581149,0.053509,-0.001121,0.696146,0.717846,0.008701,0.019131,0.032497,0.262437,0.999798,0.007198,-0.004091,0.0183
2,0.2625,11,0.080744,-0.581149,0.053509,-0.001121,0.696146,0.717846,0.008701,0.019131,0.032497,0.262437,0.999798,0.007198,-0.004091,0.0183
2,0.2625,11,0.08079,-0.581114,0.0535,-0.01716,0.703324,0.71065,-0.004238,0.019085,0.032506,0.262402,0.999788,0.009463,0.01639,0.008133
2,0.2625,11,0.080858,-0.580012,0.053697,-0.025249,0.703641,0.709982,-0.013303,0.01902,0.032303,0.261301,0.999527,0.00881,0.028522,0.007431
2,0.2625,11,0.08079,-0.581114,0.0535,-0.01716,0.703324,0.71065,-0.004238,0.019085,0.032506,0.262402,0.999788,0.009463,0.01639,0.008133
2,0.2625,11,0.080858,-0.580012,0.053697,-0.025249,0.703641,0.709982,-0.013303,0.01902,0.032303,0.261301,0.999527,0.00881,0.028522,0.007431
2,0.2625,11,0.08079,-0.581114,0.0535,-0.01716,0.703324,0.71065,-0.004238,0.019085,0.032506,0.262402,0.999788,0.009463,0.01639,0.008133
2,0.2625,11,0.080858,-0.580012,0.053697,-0.025249,0.703641,0.709982,-0.013303,0.01902,0.032303,0.261301,0.999527,0.00881,0.028522,0.007431
2,0.2625,11,0.08079,-0.581114,0.0535,-0.01716,0.703324,0.71065,-0.004238,0.019085,0.032506,0.262402,0.999788,0.009463,0.01639,0.008133
2,0.2625,11,0.08079,-0.581114,0.0535,-0.01716,0.703324,0.71065,-0.004238,0.019085,0.032506,0.262402,0.999788,0.009463,0.01639,0.008133
2,0.2625,11,0.08079,-0.581114,0.0535,-0.01716,0.703324,0.71065,-0.004238,0.019085,0.032506,0.262402,0.999788,0.009463,0.01639,0.008133
2,0.2625,11,0.08079,-0.581114,0.0535,-0.01716,0.703324,0.71065,-0.004238,0.019085,0.032506,0.262402,0.999788,0.009463,0.01639,0.008133
2,0.2625,11,0.080858,-0.580012,0.053697,-0.025249,0.703641,0.709982,-0.013303,0.01902,0.032303,0.261301,0.999527,0.00881,0.028522,0.007431
2,0.2625,11,0.080858,-0.580012,0.053697,-0.025249,0.703641,0.709982,-0.013303,0.01902,0.032303,0.261301,0.999527,0.00881,0.028522,0.007431
2,0.2625,11,0.080858,-0.580012,0.053697,-0.025249,0.703641,0.709982,-0.013303,0.01902,0.032303,0.261301,0.999527,0.00881,0.028522,0.007431
2,0.2625,11,0.08079,-0.581114,0.0535,-0.01716,0.703324,0.71065,-0.004238,0.019085,0.032506,0.262402,0.999788,0.009463,0.01639,0.008133
2,0.2625,11,0.080858,-0.580012,0.053697,-0.025249,0.703641,0.709982,-0.013303,0.01902,0.032303,0.261301,0.999527,0.00881,0.028522,0.007431
2,0.2625,11,0.080858,-0.580012,0.053697,-0.025249,0.703641,0.709982,-0.013303,0.01902,0.032303,0.261301,0.999527,0.00881,0.028522,0.007431
2,0.2625,11,0.080858,-0.580012,0.053697,-0.025249,0.703641,0.709982,-0.013303,0.01902,0.032303,0.261301,0.999527,0.00881,0.028522,0.007431
2,0.2625,11,0.08079,-0.581114,0.0535,-0.01716,0.703324,0.71065,-0.004238,0.019085,0.032506,0.262402,0.999788,0.009463,0.01639,0.008133
2,0.2625,11,0.080744,-0.581149,0.053509,-0.001121,0.696146,0.717846,0.008701,0.019131,0.032497,0.262437,0.999798,0.007198,-0.004091,0.0183
2,0.2625,11,0.080858,-0.580012,0.053697,-0.025249,0.703641,0.709982,-0.013303,0.01902,0.032303,0.261301,0.999527,0.00881,0.028522,0.007431
2,0.2625,11,0.08079,-0.581114,0.0535,-0.01716,0.703324,0.71065,-0.004238,0.019085,0.032506,0.262402,0.999788,0.009463,0.01639,0.008133
2,0.2625,11,0.080858,-0.580012,0.053697,-0.025249,0.703641,0.709982,-0.013303,0.01902,0.032303,0.261301,0.999527,0.00881,0.028522,0.007431
2,0.2625,11,0.080858,-0.580012,0.053697,-0.025249,0.703641,0.709982,-0.013303,0.01902,0.032303,0.261301,0.999527,0.00881,0.028522,0.007431
2,0.2625,11,0.080858,-0.580012,0.053697,-0.025249,0.703641,0.709982,-0.013303,0.01902,0.032303,0.261301,0.999527,0.00881,0.028522,0.007431
2,0.2625,11,0.080858,-0.580012,0.053697,-0.025249,0.703641,0.709982,-0.013303,0.01902,0.032303,0.261301,0.999527,0.00881,0.028522,0.007431
2,0.2625,11,0.080858,-0.580012,0.053697,-0.025249,0.703641,0.709982,-0.013303,0.01902,0.032303,0.261301,0.999527,0.00881,0.028522,0.007431
2,0.2625,11,0.08079,-0.581114,0.0535,-0.01716,0.703324,0.71065,-0.004238,0.019085,0.032506,0.262402,0.999788,0.009463,0.01639,0.008133
2,0.2625,11,0.080858,-0.580012,0.053697,-0.025249,0.703641,0.709982,-0.013303,0.01902,0.032303,0.261301,0.999527,0.00881,0.028522,0.007431
2,0.2625,11,0.080858,-0.580012,0.053697,-0.025249,0.703641,0.709982,-0.013303,0.01902,0.032303,0.261301,0.999527,0.00881,0.028522,0.007431
2,0.2625,11,0.080858,-0.580012,0.053697,-0.025249,0.703641,0.709982,-0.013303,0.01902,0.032303,0.261301,0.999527,0.00881,0.028522,0.007431
2,0.2625,11,0.080858,-0.580012,0.053697,-0.025249,0.703641,0.709982,-0.013303,0.01902,0.032303,0.261301,0.999527,0.00881,0.028522,0.007431
2,0.2625,11,0.08079,-0.581114,0.0535,-0.01716,0.703324,0.71065,-0.004238,0.019085,0.032506,0.262402,0.999788,0.009463,0.01639,0.008133
2,0.2625,11,0.080858,-0.580012,0.053697,-0.025249,0.703641,0.709982,-0.013303,0.01902,0.032303,0.261301,0.999527,0.00881,0.028522,0.007431
2,0.2625,11,0.080858,-0.580012,0.053697,-0.025249,0.703641,0.709982,-0.013303,0.01902,0.032303,0.261301,0.999527,0.00881,0.028522,0.007431
2,0.2625,11,0.080858,-0.580012,0.053697,-0.025249,0.703641,0.709982,-0.013303,0.01902,0.032303,0.261301,0.999527,0.00881,0.028522,0.007431
2,0.2625,11,0.080858,-0.580012,0.053697,-0.025249,0.703641,0.709982,-0.013303,0.01902,0.032303,0.261301,0.999527,0.00881,0.028522,0.007431
2,0.2625,11,0.08079,-0.581114,0.0535,-0.01716,0.703324,0.71065,-0.004238,0.019085,0.032506,0.262402,0.999788,0.009463,0.01639,0.008133
2,0.2625,11,0.080858,-0.580012,0.053697,-0.025249,0.703641,0.709982,-0.013303,0.01902,0.032303,0.261301,0.999527,0.00881,0.028522,0.007431
2,0.2625,11,0.080858,-0.580012,0.053697,-0.025249,0.703641,0.709982,-0.013303,0.01902,0.032303,0.261301,0.999527,0.00881,0.028522,0.007431
2,0.2625,11,0.080858,-0.580012,0.053697,-0.025249,0.703641,0.709982,-0.013303,0.01902,0.032303,0.261301,0.999527,0.00881,0.028522,0.007431
2,0.225,12,0.0808,-0.576943,0.050906,-0.012119,0.700465,0.713518,-0.009634,0.000677,0.002688,0.182238,0.999951,-0.006686,-0.006892,0.002433
2,0.225,12,0.0808,-0.576943,0.050906,-0.012119,0.700465,0.713518,-0.009634,0.000677,0.002688,0.182238,0.999951,-0.006686,-0.006892,0.002433
2,0.225,12,0.08084,-0.576595,0.050785,0.009143,0.715889,0.698056,0.011665,0.000624,0.002815,0.181894,-0.999106,0.006938,0.03679,0.019658
2,0.225,12,0.080693,-0.577051,0.051043,-0.038243,0.680494,0.730942,-0.034489,0.000786,0.002548,0.182339,0.99914,-0.005434,0.028966,0.029167
2,0.225,12,0.080689,-0.57674,0.051007,-0.035757,0.679356,0.732291,-0.030771,0.000777,0.002588,0.182029,0.999211,-0.004496,0.024568,0.030867
2,0.225,12,0.080793,-0.576828,0.051057,-0.012145,0.678149,0.734748,-0.010541,0.000677,0.002539,0.18212,0.999404,-0.006623,-0.006482,0.03324
2,0.225,12,0.080884,-0.577158,0.050892,-0.0223,-0.703767,-0.709837,-0.01862,0.000603,0.0027,0.182457,-0.998627,0.010846,0.051176,0.002783
2,0.225,12,0.08084,-0.576595,0.050785,0.009143,0.715889,0.698056,0.011665,0.000624,0.002815,0.181894,-0.999106,0.006938,0.03679,0.019658
2,0.225,12,0.080689,-0.57674,0.051007,-0.035757,0.679356,0.732291,-0.030771,0.000777,0.002588,0.182029,0.999211,-0.004496,0.024568,0.030867
2,0.225,12,0.080562,-0.576258,0.050943,-0.060087,0.690356,0.718747,-0.05658,0.000884,0.002657,0.181543,0.998072,-0.006156,0.060191,0.013855
2,0.225,12,0.080711,-0.576861,0.050841,-0.032857,0.708182,0.704937,-0.021529,0.000764,0.002753,0.182152,-0.999826,0.000845,-0.016331,0.009026
2,0.225,12,0.080887,-0.57662,0.050837,0.007972,0.713963,0.700016,0.013082,0.000577,0.002763,0.181919,-0.99916,0.005047,0.036975,0.016954
2,0.225,12,0.080714,-0.576166,0.05085,-0.016373,0.73196,0.681059,-0.011172,0.000729,0.002754,0.181459,-0.999065,0.005793,0.002383,0.042778
2,0.225,12,0.080708,-0.576831,0.050842,-0.027964,0.708247,0.70488,-0.027353,0.000765,0.002752,0.182123,-0.999781,0.008427,-0.016938,0.008938
2,0.225,12,0.0808,-0.576943,0.050906,-0.012119,0.700465,0.713518,-0.009634,0.000677,0.002688,0.182238,0.999951,-0.006686,-0.006892,0.002433
2,0.225,12,0.080926,-0.575905,0.050995,0.037972,0.694931,0.716872,0.04151,0.000504,0.002617,0.181205,0.99687,-0.005296,-0.078468,0.008098
2,0.225,12,0.080708,-0.576831,0.050842,-0.027964,0.708247,0.70488,-0.027353,0.000765,0.002752,0.182123,-0.999781,0.008427,-0.016938,0.008938
2,0.225,12,0.080641,-0.576212,0.050812,-0.027191,0.727397,0.685241,-0.024492,0.000806,0.00279,0.181502,-0.999202,0.00754,-0.014622,0.03641
2,0.225,12,0.080689,-0.57674,0.051007,-0.035757,0.679356,0.732291,-0.030771,0.000777,0.002588,0.182029,0.999211,-0.004496,0.024568,0.030867
2,0.225,12,0.080689,-0.57674,0.051007,-0.035757,0.679356,0.732291,-0.030771,0.000777,0.002588,0.182029,0.999211,-0.004496,0.024568,0.030867
2,0.225,12,0.080652,-0.576467,0.050748,-0.027748,0.731142,0.681254,-0.023563,0.000806,0.002851,0.181757,-0.998996,0.006607,-0.014416,0.0419
2,0.225,12,0.080562,-0.576258,0.050943,-0.060087,0.690356,0.718747,-0.05658,0.000884,0.002657,0.181543,0.998072,-0.006156,0.060191,0.013855
2,0.225,12,0.080708,-0.576831,0.050842,-0.027964,0.708247,0.70488,-0.027353,0.000765,0.002752,0.182123,-0.999781,0.008427,-0.016938,0.008938
2,0.225,12,0.080517,-0.576719,0.050963,0.065504,-0.695746,-0.712397,0.06432,0.000949,0.00263,0.182001,0.997529,-0.00804,0.069566,0.005678
2,0.225,12,0.08072,-0.576543,0.050704,-0.022368,0.729615,0.683311,-0.015759,0.000743,0.002895,0.181837,-0.999196,0.004776,-0.005078,0.039487
2,0.225,12,0.080828,-0.576608,0.050888,-0.028484,-0.711647,-0.70156,-0.023682,0.000634,0.002712,0.181905,-0.998084,0.011836,0.059028,0.014253
2,0.225,12,0.080949,-0.576986,0.050987,-0.012634,-0.686426,-0.727023,-0.009864,0.000528,0.002609,0.182287,0.99898,-0.00975,-0.038356,0.021721
2,0.225,12,0.080708,-0.576831,0.050842,-0.027964,0.708247,0.70488,-0.027353,0.000765,0.002752,0.182123,-0.999781,0.008427,-0.016938,0.008938
2,0.225,12,0.080689,-0.57674,0.051007,-0.035757,0.679356,0.732291,-0.030771,0.000777,0.002588,0.182029,0.999211,-0.004496,0.024568,0.030867
2,0.225,12,0.080737,-0.577058,0.050955,0.036808,-0.697813,-0.714194,0.040356,0.000745,0.002636,0.182349,0.999404,-0.011156,0.03226,0.005224
2,0.225,12,0.0808,-0.576943,0.050906,-0.012119,0.700465,0.713518,-0.009634,0.000677,0.002688,0.182238,0.999951,-0.006686,-0.006892,0.002433
2,0.225,12,0.0808,-0.576943,0.050906,-0.012119,0.700465,0.713518,-0.009634,0.000677,0.002688,0.182238,0.999951,-0.006686,-0.006892,0.002433
2,0.225,12,0.080526,-0.576264,0.050932,-0.056101,0.714401,0.69556,-0.051775,0.000921,0.002667,0.181547,-0.998315,0.00628,-0.054253,0.019602
2,0.225,12,0.080819,-0.576286,0.051085,-0.012557,0.652072,0.757997,-0.009265,0.000626,0.002519,0.18158,0.997641,-0.004634,-0.007339,0.068089
2,0.225,12,0.0808,-0.576962,0.05091,-0.017659,0.698798,0.715087,-0.004497,0.000678,0.002684,0.182257,0.999968,0.00091,-0.006572,0.004555
2,0.225,12,0.080826,-0.577081,0.050967,0.022266,-0.673379,-0.738638,0.02189,0.000657,0.002626,0.182376,0.999154,-0.007455,0.008651,0.039515
2,0.225,12,0.080793,-0.576828,0.051057,-0.012145,0.678149,0.734748,-0.010541,0.000677,0.002539,0.18212,0.999404,-0.006623,-0.006482,0.03324
2,0.225,12,0.080843,-0.576748,0.050913,0.006504,0.700004,0.713977,0.013741,0.000625,0.002684,0.182045,0.999323,-0.003108,-0.036561,0.002754
2,0.225,12,0.0808,-0.576962,0.05091,-0.017659,0.698798,0.715087,-0.004497,0.000678,0.002684,0.182257,0.999968,0.00091,-0.006572,0.004555
2,0.225,12,0.08084,-0.576595,0.050785,0.009143,0.715889,0.698056,0.011665,0.000624,0.002815,0.181894,-0.999106,0.006938,0.03679,0.019658
2,0.225,12,0.080562,-0.576258,0.050943,-0.060087,0.690356,0.718747,-0.05658,0.000884,0.002657,0.181543,0.998072,-0.006156,0.060191,0.013855
2,0.225,12,0.080873,-0.576107,0.050832,-0.034948,-0.701277,-0.711362,-0.030874,0.000569,0.002775,0.181407,-0.997571,0.010935,0.06879,8.5e-05
2,0.225,12,0.0808,-0.576943,0.050906,-0.012119,0.700465,0.713518,-0.009634,0.000677,0.002688,0.182238,0.999951,-0.006686,-0.006892,0.002433
2,0.225,12,0.080562,-0.576258,0.050943,-0.060087,0.690356,0.718747,-0.05658,0.000884,0.002657,0.181543,0.998072,-0.006156,0.060191,0.013855
2,0.225,12,0.080708,-0.576831,0.050842,-0.027964,0.708247,0.70488,-0.027353,0.000765,0.002752,0.182123,-0.999781,0.008427,-0.016938,0.008938
2,0.225,12,0.080843,-0.576748,0.050913,0.006504,0.700004,0.713977,0.013741,0.000625,0.002684,0.182045,0.999323,-0.003108,-0.036561,0.002754
2,0.225,12,0.080843,-0.576748,0.050913,0.006504,0.700004,0.713977,0.013741,0.000625,0.002684,0.182045,0.999323,-0.003108,-0.036561,0.002754
2,0.225,12,0.080708,-0.576831,0.050842,-0.027964,0.708247,0.70488,-0.027353,0.000765,0.002752,0.182123,-0.999781,0.008427,-0.016938,0.008938
2,0.225,12,0.080939,-0.576244,0.050833,-0.040202,-0.699724,-0.712308,-0.037253,0.000509,0.002774,0.181546,0.996978,-0.010039,-0.077014,0.001597
2,0.225,12,0.080562,-0.576258,0.050943,-0.060087,0.690356,0.718747,-0.05658,0.000884,0.002657,0.181543,0.998072,-0.006156,0.060191,0.013855
2,0.225,12,0.080858,-0.577127,0.051053,0.007884,-0.676874,-0.735983,0.010437,0.000625,0.00254,0.182422,0.999294,-0.009501,-0.009602,0.035053
2,0.225,12,0.080793,-0.57661,0.050741,-0.010554,-0.714159,-0.699828,-0.010291,0.000672,0.002858,0.181907,-0.999135,0.008851,0.036851,0.017139
2,0.225,12,0.080562,-0.576258,0.050943,-0.060087,0.690356,0.718747,-0.05658,0.000884,0.002657,0.181543,0.998072,-0.006156,0.060191,0.013855
2,0.225,12,0.0808,-0.576962,0.05091,-0.017659,0.698798,0.715087,-0.004497,0.000678,0.002684,0.182257,0.999968,0.00091,-0.006572,0.004555
2,0.225,12,0.080689,-0.57674,0.051007,-0.035757,0.679356,0.732291,-0.030771,0.000777,0.002588,0.182029,0.999211,-0.004496,0.024568,0.030867
2,0.225,12,0.080757,-0.57713,0.050765,0.01242,-0.717173,-0.696658,0.013255,0.000731,0.002825,0.182425,-0.999721,0.009579,0.00393,0.02122
2,0.225,12,0.080693,-0.577051,0.051043,-0.038243,0.680494,0.730942,-0.034489,0.000786,0.002548,0.182339,0.99914,-0.005434,0.028966,0.029167
2,0.225,12,0.080757,-0.57713,0.050765,0.01242,-0.717173,-0.696658,0.013255,0.000731,0.002825,0.182425,-0.999721,0.009579,0.00393,0.02122
2,0.225,12,0.080757,-0.57713,0.050765,0.01242,-0.717173,-0.696658,0.013255,0.000731,0.002825,0.182425,-0.999721,0.009579,0.00393,0.02122
2,0.225,12,0.080782,-0.577235,0.05093,-0.023774,0.706804,0.706666,-0.022047,0.000708,0.00266,0.182528,-0.999897,0.007543,-0.010206,0.006732
2,0.225,12,0.080842,-0.576711,0.050913,-0.011783,-0.700398,-0.713607,-0.00831,0.000625,0.002685,0.182007,0.999274,-0.010692,-0.036502,0.002384
2,0.225,12,0.080585,-0.576033,0.050889,-0.068548,0.695659,0.712407,-0.061937,0.000852,0.002715,0.18132,0.997518,-0.004205,0.070061,0.005665
2,0.225,12,0.080882,-0.576737,0.050989,-0.007927,-0.688387,-0.725269,-0.006728,0.000584,0.002609,0.182034,0.999241,-0.008737,-0.032784,0.019117
2,0.225,12,0.080588,-0.576226,0.05097,0.067853,-0.678714,-0.728287,0.065889,0.000856,0.00263,0.181511,0.996948,-0.006984,0.072159,0.028966
2,0.225,12,0.080866,-0.576918,0.050871,-0.019097,-0.695691,-0.717953,-0.013884,0.000611,0.002725,0.182216,0.99885,-0.011715,-0.045669,0.008734
2,0.225,12,0.080697,-0.576327,0.050807,-0.026985,0.746875,0.66409,-0.020862,0.000755,0.002794,0.181619,-0.997781,0.005728,-0.012198,0.065199
2,0.225,12,0.0808,-0.576943,0.050906,-0.012119,0.700465,0.713518,-0.009634,0.000677,0.002688,0.182238,0.999951,-0.006686,-0.006892,0.002433
2,0.225,12,0.080693,-0.577051,0.051043,-0.038243,0.680494,0.730942,-0.034489,0.000786,0.002548,0.182339,0.99914,-0.005434,0.028966,0.029167
2,0.225,12,0.080499,-0.576329,0.050941,0.067376,-0.68956,-0.71815,0.065021,0.00095,0.002657,0.18161,0.997328,-0.007035,0.071326,0.014116
2,0.225,12,0.080689,-0.57674,0.051007,-0.035757,0.679356,0.732291,-0.030771,0.000777,0.002588,0.182029,0.999211,-0.004496,0.024568,0.030867
2,0.225,12,0.080623,-0.576323,0.051116,0.034551,-0.657404,-0.752019,0.033085,0.000823,0.002484,0.181607,0.997838,-0.006322,0.025117,0.060403
2,0.225,12,0.0808,-0.576943,0.050906,-0.012119,0.700465,0.713518,-0.009634,0.000677,0.002688,0.182238,0.999951,-0.006686,-0.006892,0.002433
2,0.225,12,0.080887,-0.57662,0.050837,0.007972,0.713963,0.700016,0.013082,0.000577,0.002763,0.181919,-0.99916,0.005047,0.036975,0.016954
2,0.225,12,0.080747,-0.576548,0.050874,-0.027321,0.698422,0.714699,-0.02578,0.000713,0.002725,0.181841,0.999844,-0.007451,0.015258,0.00492
2,0.225,12,0.080652,-0.576577,0.050967,-0.029947,0.69819,0.714914,-0.023063,0.000808,0.00263,0.181865,0.999864,-0.003666,0.015217,0.005152
2,0.225,12,0.080562,-0.576258,0.050943,-0.060087,0.690356,0.718747,-0.05658,0.000884,0.002657,0.181543,0.998072,-0.006156,0.060191,0.013855
2,0.225,12,0.08082,-0.577218,0.050988,0.005965,-0.662444,-0.749047,0.0078,0.000668,0.002603,0.182512,0.998396,-0.008531,-0.012964,0.054456
2,0.225,12,0.0808,-0.576943,0.050906,-0.012119,0.700465,0.713518,-0.009634,0.000677,0.002688,0.182238,0.999951,-0.006686,-0.006892,0.002433
2,0.225,12,0.0808,-0.576943,0.050906,-0.012119,0.700465,0.713518,-0.009634,0.000677,0.002688,0.182238,0.999951,-0.006686,-0.006892,0.002433
2,0.225,12,0.080835,-0.577228,0.050863,-0.001489,0.695625,0.718403,-0.000838,0.000655,0.002728,0.182525,0.999713,-0.007736,-0.020692,0.009218
2,0.225,12,0.080689,-0.57674,0.051007,-0.035757,0.679356,0.732291,-0.030771,0.000777,0.002588,0.182029,0.999211,-0.004496,0.024568,0.030867
2,0.225,12,0.080708,-0.576831,0.050842,-0.027964,0.708247,0.70488,-0.027353,0.000765,0.002752,0.182123,-0.999781,0.008427,-0.016938,0.008938
2,0.225,12,0.080749,-0.577044,0.0511,0.033028,-0.676863,-0.734661,0.03222,0.000729,0.002492,0.182333,0.999103,-0.007366,0.023615,0.034364
2,0.225,12,0.080868,-0.576803,0.050938,-0.021207,-0.708472,-0.705161,-0.019104,0.000602,0.002659,0.182101,-0.998621,0.009882,0.050682,0.009436
2,0.225,12,0.080708,-0.576831,0.050842,-0.027964,0.708247,0.70488,-0.027353,0.000765,0.002752,0.182123,-0.999781,0.008427,-0.016938,0.008938
2,0.225,12,0.080556,-0.575929,0.050861,-0.060167,0.708644,0.701072,-0.051979,0.000877,0.002743,0.181214,-0.998287,0.003393,-0.057226,0.01167
2,0.225,12,0.0808,-0.576943,0.050906,-0.012119,0.700465,0.713518,-0.009634,0.000677,0.002688,0.182238,0.999951,-0.006686,-0.006892,0.002433
2,0.225,12,0.080562,-0.576258,0.050943,-0.060087,0.690356,0.718747,-0.05658,0.000884,0.002657,0.181543,0.998072,-0.006156,0.060191,0.013855
2,0.225,12,0.080695,-0.577135,0.050813,0.018344,-0.716784,-0.696795,0.019014,0.000792,0.002777,0.182427,-0.999729,0.009509,-0.00433,0.020779
2,0.225,12,0.080689,-0.57674,0.051007,-0.035757,0.679356,0.732291,-0.030771,0.000777,0.002588,0.182029,0.999211,-0.004496,0.024568,0.030867
2,0.225,12,0.0808,-0.576943,0.050906,-0.012119,0.700465,0.713518,-0.009634,0.000677,0.002688,0.182238,0.999951,-0.006686,-0.006892,0.002433
2,0.225,12,0.080757,-0.57713,0.050765,0.01242,-0.717173,-0.696658,0.013255,0.000731,0.002825,0.182425,-0.999721,0.009579,0.00393,0.02122
2,0.225,12,0.080562,-0.576258,0.050943,-0.060087,0.690356,0.718747,-0.05658,0.000884,0.002657,0.181543,0.998072,-0.006156,0.060191,0.013855
2,0.225,12,0.080757,-0.57713,0.050765,0.01242,-0.717173,-0.696658,0.013255,0.000731,0.002825,0.182425,-0.999721,0.009579,0.00393,0.02122
2,0.225,12,0.080689,-0.57674,0.051007,-0.035757,0.679356,0.732291,-0.030771,0.000777,0.002588,0.182029,0.999211,-0.004496,0.024568,0.030867
2,0.225,12,0.080585,-0.576033,0.050889,-0.068548,0.695659,0.712407,-0.061937,0.000852,0.002715,0.18132,0.997518,-0.004205,0.070061,0.005665
2,0.225,12,0.0808,-0.576943,0.050906,-0.012119,0.700465,0.713518,-0.009634,0.000677,0.002688,0.182238,0.999951,-0.006686,-0.006892,0.002433
2,0.225,12,0.080764,-0.577163,0.050957,-0.016135,0.676094,0.736634,-0.002575,0.000722,0.002634,0.182455,0.999314,0.001911,-0.009256,0.035815
2,0.225,12,0.080562,-0.576258,0.050943,-0.060087,0.690356,0.718747,-0.05658,0.000884,0.002657,0.181543,0.998072,-0.006156,0.060191,0.013855
2,0.225,12,0.080842,-0.576711,0.050913,-0.011783,-0.700398,-0.713607,-0.00831,0.000625,0.002685,0.182007,0.999274,-0.010692,-0.036502,0.002384
2,0.225,12,0.080574,-0.576591,0.050966,-0.059887,0.696722,0.712522,-0.057485,0.000886,0.00263,0.181875,0.998115,-0.007139,0.060758,0.004977
2,0.225,12,0.080689,-0.57674,0.051007,-0.035757,0.679356,0.732291,-0.030771,0.000777,0.002588,0.182029,0.999211,-0.004496,0.024568,0.030867
2,0.225,12,0.08058,-0.575986,0.051008,0.065955,-0.685713,-0.72195,0.065086,0.000852,0.002596,0.181271,0.997302,-0.007958,0.070314,0.019538
2,0.225,12,0.080835,-0.577228,0.050863,-0.001489,0.695625,0.718403,-0.000838,0.000655,0.002728,0.182525,0.999713,-0.007736,-0.020692,0.009218
2,0.225,12,0.080868,-0.576803,0.050938,-0.021207,-0.708472,-0.705161,-0.019104,0.000602,0.002659,0.182101,-0.998621,0.009882,0.050682,0.009436
2,0.225,12,0.080689,-0.57674,0.051007,-0.035757,0.679356,0.732291,-0.030771,0.000777,0.002588,0.182029,0.999211,-0.004496,0.024568,0.030867
2,0.225,12,0.080793,-0.576828,0.051057,-0.012145,0.678149,0.734748,-0.010541,0.000677,0.002539,0.18212,0.999404,-0.006623,-0.006482,0.03324
2,0.225,12,0.080693,-0.577051,0.051043,-0.038243,0.680494,0.730942,-0.034489,0.000786,0.002548,0.182339,0.99914,-0.005434,0.028966,0.029167
2,0.225,12,0.08058,-0.575986,0.051008,0.065955,-0.685713,-0.72195,0.065086,0.000852,0.002596,0.181271,0.997302,-0.007958,0.070314,0.019538
2,0.1875,13,0.080069,-0.57711,0.056536,-0.055251,0.71623,0.694413,-0.041873,0.001399,-0.006235,0.14958,-0.998512,-0.005927,-0.042564,0.033561
2,0.1875,13,0.080095,-0.577353,0.05664,-0.036194,0.695978,0.716762,-0.023606,0.001386,-0.006348,0.149821,-0.999843,-0.006636,-0.016079,0.003515
2,0.1875,13,0.080402,-0.576866,0.056613,0.024316,0.70472,0.708288,0.03326,0.001054,-0.006302,0.149352,-0.997621,-0.005239,0.066905,0.015774
2,0.1875,13,0.080177,-0.577755,0.056501,-0.043921,0.717364,0.694827,-0.025972,0.001326,-0.006224,0.150232,-0.999097,-0.009489,-0.023349,0.034211
2,0.1875,13,0.080131,-0.576517,0.056743,-0.022379,0.658359,0.752229,-0.014618,0.001305,-0.006421,0.148985,0.998825,0.004881,-0.000156,0.048225
2,0.1875,13,0.080103,-0.577113,0.056701,-0.027165,0.674363,0.737633,-0.019849,0.001365,-0.006401,0.14958,0.999615,0.003866,0.006932,0.026602
2,0.1875,13,0.080235,-0.576923,0.056725,-0.007782,0.67983,0.733321,0.003181,0.001223,-0.006417,0.149396,0.999521,0.006801,-0.023005,0.019552
2,0.1875,13,0.080298,-0.577123,0.056528,0.001782,0.708555,0.705647,0.003021,0.001171,-0.006227,0.149606,-0.999355,0.001003,0.029719,0.020152
2,0.1875,13,0.080186,-0.576982,0.056762,-0.0091,0.680387,0.732782,-0.00473,0.001275,-0.006456,0.149451,0.999682,0.002003,-0.016565,0.018912
2,0.1875,13,0.080235,-0.576923,0.056725,-0.007782,0.67983,0.733321,0.003181,0.001223,-0.006417,0.149396,0.999521,0.006801,-0.023005,0.019552
2,0.1875,13,0.080064,-0.576891,0.056724,-0.03782,0.6788,0.732763,-0.029294,0.001392,-0.006416,0.149355,0.999566,0.004292,0.021174,0.020034
2,0.1875,13,0.08024,-0.576986,0.056761,-0.020165,0.68049,0.732421,-0.009265,0.001221,-0.006456,0.149458,0.999794,0.006411,-0.005451,0.018487
2,0.1875,13,0.079917,-0.576911,0.056549,-0.06186,0.697446,0.711939,-0.053712,0.001541,-0.006241,0.149373,-0.998424,-0.002673,-0.05551,0.007762
2,0.1875,13,0.080149,-0.57717,0.05681,-0.024675,0.677046,0.735269,-0.019449,0.001321,-0.006512,0.149635,0.999719,0.002331,0.004864,0.023067
2,0.1875,13,0.08034,-0.576694,0.056723,0.016571,0.692935,0.720167,0.03045,0.001106,-0.006407,0.149173,0.998192,0.009033,-0.059415,0.000871
2,0.1875,13,0.080305,-0.576756,0.05667,0.018641,0.697815,0.715475,0.028319,0.001144,-0.006356,0.149235,-0.998199,-0.005885,0.059417,0.005819
2,0.1875,13,0.080345,-0.577049,0.056766,0.002774,0.679343,0.733741,0.010473,0.00112,-0.006462,0.149526,0.999148,0.00474,-0.035661,0.020231
2,0.1875,13,0.080131,-0.576843,0.056625,-0.040937,0.699596,0.712618,-0.032643,0.001323,-0.006315,0.149314,-0.999623,-0.003281,-0.025783,0.008895
2,0.1875,13,0.080142,-0.576808,0.056854,-0.023289,0.660667,0.750181,-0.014328,0.001309,-0.006542,0.149272,0.998966,0.005639,0.000298,0.045122
2,0.1875,13,0.080395,-0.576858,0.056723,0.01995,0.693095,0.719826,0.032757,0.00106,-0.006413,0.14934,0.99795,0.008338,-0.063444,0.000532
2,0.1875,13,0.080134,-0.576487,0.056745,-0.021975,0.657431,0.753098,-0.012033,0.001301,-0.006422,0.148954,0.998753,0.006494,-0.002242,0.049451
2,0.1875,13,0.080268,-0.577263,0.056736,-0.000939,0.690377,0.723413,0.00721,0.001208,-0.00644,0.149737,0.999505,0.00457,-0.030709,0.005126
2,0.1875,13,0.080268,-0.577263,0.056736,-0.000939,0.690377,0.723413,0.00721,0.001208,-0.00644,0.149737,0.999505,0.00457,-0.030709,0.005126
2,0.1875,13,0.080079,-0.57691,0.056395,-0.04768,0.724777,0.686325,-0.037192,0.001379,-0.006088,0.149387,-0.998392,-0.00373,-0.033881,0.045286
2,0.1875,13,0.080299,-0.577083,0.056806,-0.00121,0.678864,0.734212,0.008645,0.001167,-0.006503,0.149556,0.999266,0.006207,-0.031527,0.020869
2,0.1875,13,0.080168,-0.577438,0.056564,-0.027814,0.709369,0.70418,-0.012389,0.001318,-0.006275,0.149912,-0.999721,-0.008407,-0.002285,0.02196
2,0.1875,13,0.080095,-0.577353,0.05664,-0.036194,0.695978,0.716762,-0.023606,0.001386,-0.006348,0.149821,-0.999843,-0.006636,-0.016079,0.003515
2,0.1875,13,0.079993,-0.576919,0.056474,-0.032184,0.73726,0.674079,-0.032083,0.001465,-0.006167,0.149388,-0.997846,0.003809,-0.019214,0.062601
2,0.1875,13,0.080299,-0.577083,0.056806,-0.00121,0.678864,0.734212,0.008645,0.001167,-0.006503,0.149556,0.999266,0.006207,-0.031527,0.020869
2,0.1875,13,0.080298,-0.577369,0.056556,-0.008898,0.712133,0.701956,0.006744,0.001185,-0.006264,0.149851,-0.999331,-0.008952,0.024607,0.025548
2,0.1875,13,0.079967,-0.576591,0.056562,-0.066029,0.705233,0.703449,-0.058694,0.001474,-0.006243,0.149056,-0.997889,-0.001679,-0.062001,0.019228
2,0.1875,13,0.080358,-0.576557,0.05663,0.026372,0.698046,0.714654,0.03614,0.001081,-0.006308,0.149041,-0.997479,-0.006128,0.070394,0.006576
2,0.1875,13,0.080157,-0.577123,0.056738,-0.025524,0.675178,0.737123,-0.011557,0.001311,-0.006438,0.149591,0.999637,0.008668,-7e-06,0.025525
2,0.1875,13,0.08024,-0.576986,0.056761,-0.020165,0.68049,0.732421,-0.009265,0.001221,-0.006456,0.149458,0.999794,0.006411,-0.005451,0.018487
2,0.1875,13,0.080297,-0.577049,0.056495,-0.017488,0.744586,0.667292,-0.002647,0.001169,-0.006191,0.149533,-0.997245,-0.006909,0.011779,0.072915
2,0.1875,13,0.079946,-0.576832,0.0566,-0.062745,0.692924,0.71601,-0.057005,0.001508,-0.00629,0.149295,-0.99829,-0.001078,-0.058428,0.001632
2,0.1875,13,0.080171,-0.576672,0.056879,-0.011338,0.665116,0.746647,-0.003221,0.001273,-0.006562,0.149136,0.99908,0.005187,-0.016014,0.039453
2,0.1875,13,0.08043,-0.576915,0.056678,0.019146,0.695898,0.717265,0.02986,0.001028,-0.006369,0.1494,-0.998119,-0.006712,0.060852,0.003219
2,0.1875,13,0.08024,-0.577409,0.056638,0.008138,-0.697731,-0.716262,0.008547,0.001244,-0.006347,0.149884,-0.999879,0.002042,0.014579,0.004939
2,0.1875,13,0.080272,-0.577179,0.05659,-0.015642,0.713325,0.700658,0.001111,0.0012,-0.006291,0.149658,-0.999456,-0.009533,0.01584,0.02731
2,0.1875,13,0.079941,-0.576662,0.056507,-0.064104,0.711026,0.698129,-0.054299,0.001504,-0.006191,0.149128,-0.997967,-0.003298,-0.057572,0.027143
2,0.1875,13,0.080245,-0.577349,0.056483,-0.012913,0.723825,0.689862,0.001022,0.001237,-0.00619,0.149831,-0.998922,-0.007179,0.017708,0.042309
2,0.1875,13,0.080017,-0.576326,0.056586,-0.057313,0.710444,0.699491,-0.051938,0.00141,-0.006257,0.148794,-0.998366,-0.000319,-0.05103,0.025709
2,0.1875,13,0.080256,-0.576855,0.0568,3.4e-05,0.680085,0.73305,0.011052,0.001198,-0.00649,0.149327,0.99921,0.007031,-0.03409,0.019158
2,0.1875,13,0.080095,-0.577353,0.05664,-0.036194,0.695978,0.716762,-0.023606,0.001386,-0.006348,0.149821,-0.999843,-0.006636,-0.016079,0.003515
2,0.1875,13,0.080132,-0.577179,0.05661,-0.034126,0.705562,0.707477,-0.022223,0.00134,-0.006312,0.14965,-0.999748,-0.005844,-0.01365,0.016847
2,0.1875,13,0.080179,-0.57735,0.056562,-0.035131,0.722228,0.690431,-0.021377,0.001302,-0.00627,0.149825,-0.999054,-0.006523,-0.013839,0.040702
2,0.1875,13,0.080103,-0.577113,0.056701,-0.027165,0.674363,0.737633,-0.019849,0.001365,-0.006401,0.14958,0.999615,0.003866,0.006932,0.026602
2,0.1875,13,0.08011,-0.577171,0.056524,-0.02205,0.722051,0.691119,-0.022583,0.001361,-0.006226,0.149644,-0.999186,0.003408,-0.005253,0.039846
2,0.1875,13,0.080085,-0.576428,0.056802,-0.03776,0.649896,0.758599,-0.027143,0.001346,-0.006477,0.148892,0.998058,0.006821,0.019622,0.058719
2,0.1875,13,0.080093,-0.577353,0.05664,0.028145,-0.696359,-0.716376,0.033137,0.001387,-0.006348,0.149821,-0.999833,0.005822,-0.016903,0.003727
2,0.1875,13,0.080163,-0.576974,0.056684,-0.022246,0.680275,0.732586,-0.00696,0.001298,-0.006378,0.149445,0.999765,0.009521,-0.005553,0.018673
2,0.1875,13,0.080157,-0.577123,0.056738,-0.025524,0.675178,0.737123,-0.011557,0.001311,-0.006438,0.149591,0.999637,0.008668,-7e-06,0.025525
2,0.1875,13,0.080112,-0.576736,0.056718,-0.032231,0.681088,0.731075,-0.024683,0.001337,-0.006403,0.149204,0.999748,0.003656,0.013946,0.017221
2,0.1875,13,0.080268,-0.577263,0.056736,-0.000939,0.690377,0.723413,0.00721,0.001208,-0.00644,0.149737,0.999505,0.00457,-0.030709,0.005126
2,0.1875,13,0.080095,-0.577353,0.05664,-0.036194,0.695978,0.716762,-0.023606,0.001386,-0.006348,0.149821,-0.999843,-0.006636,-0.016079,0.003515
2,0.1875,13,0.080087,-0.576698,0.056824,-0.028312,0.656919,0.75323,-0.017331,0.001359,-0.006508,0.14916,0.998711,0.007092,0.006001,0.049908
2,0.1875,13,0.080168,-0.577758,0.056632,0.035176,-0.699957,-0.712192,0.04007,0.001334,-0.006354,0.150229,-0.99958,0.006075,-0.026794,0.009203
2,0.1875,13,0.080038,-0.5771,0.056732,-0.036995,0.676655,0.734858,-0.02744,0.001429,-0.006431,0.149562,0.999536,0.005132,0.019289,0.02301
2,0.1875,13,0.080298,-0.577369,0.056556,-0.008898,0.712133,0.701956,0.006744,0.001185,-0.006264,0.149851,-0.999331,-0.008952,0.024607,0.025548
2,0.1875,13,0.080403,-0.576836,0.056607,0.024034,0.707091,0.705831,0.035326,0.001051,-0.006295,0.149322,-0.997468,-0.006832,0.068127,0.019231
2,0.1875,13,0.080034,-0.57661,0.056818,-0.028192,0.672513,0.739112,-0.025382,0.001407,-0.0065,0.14907,0.999511,0.00066,0.011513,0.029053
2,0.1875,13,0.080038,-0.5771,0.056732,-0.036995,0.676655,0.734858,-0.02744,0.001429,-0.006431,0.149562,0.999536,0.005132,0.019289,0.02301
2,0.1875,13,0.080185,-0.576955,0.056763,-0.013344,0.679723,0.733348,-0.000223,0.001275,-0.006457,0.149424,0.999635,0.008214,-0.016639,0.019619
2,0.1875,13,0.080234,-0.576944,0.056702,-0.007731,0.701098,0.713022,0.000828,0.001225,-0.006395,0.149417,-0.999714,-0.004297,0.021371,0.00979
2,0.1875,13,0.080034,-0.57691,0.056686,-0.036248,0.67872,0.733059,-0.025507,0.001423,-0.006378,0.149374,0.999626,0.005932,0.01741,0.020249
2,0.1875,13,0.08006,-0.577023,0.056755,-0.028181,0.682257,0.73031,-0.019452,0.001403,-0.006451,0.149486,0.999837,0.004573,0.007397,0.015815
2,0.1875,13,0.080135,-0.57656,0.0568,-0.021816,0.651828,0.757938,-0.013198,0.001303,-0.006479,0.149026,0.998364,0.005741,-0.001548,0.056868
2,0.1875,13,0.080268,-0.577263,0.056736,-0.000939,0.690377,0.723413,0.00721,0.001208,-0.00644,0.149737,0.999505,0.00457,-0.030709,0.005126
2,0.1875,13,0.080157,-0.576935,0.056625,-0.009693,0.70082,0.713265,0.003229,0.001302,-0.006318,0.149407,-0.999694,-0.007397,0.021626,0.009503
2,0.1875,13,0.08032,-0.577226,0.056686,0.005251,0.693992,0.719874,0.011389,0.001155,-0.006389,0.149704,0.999271,0.003147,-0.038055,9.2e-05
2,0.1875,13,0.080142,-0.576808,0.056854,-0.023289,0.660667,0.750181,-0.014328,0.001309,-0.006542,0.149272,0.998966,0.005639,0.000298,0.045122
2,0.1875,13,0.080103,-0.577113,0.056701,-0.027165,0.674363,0.737633,-0.019849,0.001365,-0.006401,0.14958,0.999615,0.003866,0.006932,0.026602
2,0.1875,13,0.080221,-0.577142,0.056774,-0.016452,0.676481,0.736262,-0.004584,0.001249,-0.006474,0.149612,0.99962,0.007349,-0.011379,0.024007
2,0.1875,13,0.080222,-0.577164,0.056773,-0.01202,0.67703,0.735803,-0.008919,0.001248,-0.006474,0.149634,0.999657,0.001136,-0.011559,0.023457
2,0.1875,13,0.080103,-0.577113,0.056701,-0.027165,0.674363,0.737633,-0.019849,0.001365,-0.006401,0.14958,0.999615,0.003866,0.006932,0.026602
2,0.1875,13,0.080175,-0.577457,0.056556,-0.02314,0.711842,0.701855,-0.012,0.001311,-0.006268,0.149932,-0.999665,-0.005353,0.001345,0.02528
2,0.1875,13,0.080095,-0.577353,0.05664,-0.036194,0.695978,0.716762,-0.023606,0.001386,-0.006348,0.149821,-0.999843,-0.006636,-0.016079,0.003515
2,0.1875,13,0.079953,-0.576667,0.056736,0.054703,-0.686132,-0.723349,0.054741,0.001491,-0.00642,0.149125,0.998657,-0.002611,0.051042,0.008441
2,0.1875,13,0.080141,-0.576679,0.056803,-0.022507,0.664866,0.746523,-0.012273,0.001303,-0.006486,0.149145,0.999196,0.006427,-0.00169,0.039535
2,0.1875,13,0.080255,-0.576798,0.056852,-0.009147,0.661485,0.749889,-0.004468,0.001196,-0.00654,0.149267,0.998871,0.002898,-0.016728,0.044378
2,0.1875,13,0.080069,-0.57711,0.056536,-0.055251,0.71623,0.694413,-0.041873,0.001399,-0.006235,0.14958,-0.998512,-0.005927,-0.042564,0.033561
2,0.1875,13,0.080132,-0.577179,0.05661,-0.034126,0.705562,0.707477,-0.022223,0.00134,-0.006312,0.14965,-0.999748,-0.005844,-0.01365,0.016847
2,0.1875,13,0.080072,-0.576489,0.056716,-0.030802,0.667458,0.743757,-0.019425,0.001363,-0.006393,0.148954,0.999294,0.006939,0.009252,0.035749
2,0.1875,13,0.080103,-0.577113,0.056701,-0.027165,0.674363,0.737633,-0.019849,0.001365,-0.006401,0.14958,0.999615,0.003866,0.006932,0.026602
2,0.1875,13,0.080249,-0.576616,0.056668,0.014027,0.698173,0.715363,0.024792,0.001193,-0.006349,0.149093,-0.998519,-0.00654,0.053653,0.006163
2,0.1875,13,0.08035,-0.577336,0.056719,0.012252,0.696152,0.717456,0.021871,0.00113,-0.006426,0.149815,-0.99871,-0.005747,0.050355,0.003228
2,0.1875,13,0.080205,-0.576887,0.056884,-0.015546,0.663997,0.747524,-0.008608,0.00125,-0.006575,0.149353,0.999111,0.004269,-0.009247,0.040902
2,0.1875,13,0.080297,-0.577021,0.056651,-0.003197,0.692508,0.721327,0.010523,0.001166,-0.006346,0.1495,0.99947,0.008442,-0.031379,0.002039
2,0.1875,13,0.080095,-0.577353,0.05664,-0.036194,0.695978,0.716762,-0.023606,0.001386,-0.006348,0.149821,-0.999843,-0.006636,-0.016079,0.003515
2,0.1875,13,0.080168,-0.577438,0.056564,-0.027814,0.709369,0.70418,-0.012389,0.001318,-0.006275,0.149912,-0.999721,-0.008407,-0.002285,0.02196
2,0.1875,13,0.080313,-0.576674,0.05666,0.021331,0.701195,0.711867,0.033415,0.001133,-0.006343,0.149154,-0.997806,-0.007554,0.064875,0.010809
2,0.1875,13,0.080245,-0.577349,0.056483,-0.012913,0.723825,0.689862,0.001022,0.001237,-0.00619,0.149831,-0.998922,-0.007179,0.017708,0.042309
2,0.1875,13,0.080299,-0.577083,0.056806,-0.00121,0.678864,0.734212,0.008645,0.001167,-0.006503,0.149556,0.999266,0.006207,-0.031527,0.020869
2,0.1875,13,0.080124,-0.577014,0.0568,-0.018545,0.680508,0.732407,-0.012033,0.001338,-0.006495,0.149478,0.999812,0.003294,-0.004696,0.018547
2,0.1875,13,0.080095,-0.577353,0.05664,-0.036194,0.695978,0.716762,-0.023606,0.001386,-0.006348,0.149821,-0.999843,-0.006636,-0.016079,0.003515
2,0.1875,13,0.080158,-0.57736,0.056694,-0.027119,0.691122,0.722032,-0.016896,0.001323,-0.006402,0.149829,0.999967,0.005355,0.004871,0.00366
2,0.1875,13,0.080264,-0.576968,0.056445,-0.01284,0.747863,0.663729,-8.5e-05,0.001197,-0.006139,0.149452,-0.996818,-0.0054,0.016886,0.077716
2,0.15,14,0.079123,-0.577095,0.062023,-0.015925,0.70754,0.70645,-0.007888,0.002426,-0.005296,0.111432,-0.999801,0.001142,0.008711,0.017895
2,0.15,14,0.078936,-0.57717,0.06217,0.037813,-0.683687,-0.727879,0.036517,0.002615,-0.005447,0.111492,0.999521,-0.005684,0.026745,0.014493
2,0.15,14,0.079232,-0.577175,0.062174,0.000373,0.676687,0.736268,0.002045,0.002319,-0.005448,0.111512,0.999298,-0.004218,-0.027588,0.024992
2,0.15,14,0.079076,-0.577288,0.061881,-0.014507,0.729299,0.684,-0.007485,0.002486,-0.00516,0.111627,-0.998741,0.002636,0.009795,0.049122
2,0.15,14,0.079142,-0.577529,0.062143,0.008759,-0.693442,-0.720376,0.010909,0.002428,-0.00543,0.111862,0.999897,-0.007782,-0.011891,0.002079
2,0.15,14,0.079043,-0.577458,0.062166,0.018275,-0.686945,-0.726183,0.020738,0.002523,-0.005451,0.111785,0.999907,-0.008011,0.001734,0.010878
2,0.15,14,0.079164,-0.57748,0.062008,-0.018215,0.712823,0.701094,-0.004305,0.002405,-0.005293,0.111818,-0.999625,-0.002832,0.009504,0.025526
2,0.15,14,0.079077,-0.576966,0.062312,-0.019764,0.661629,0.749518,-0.008909,0.002462,-0.00558,0.111291,0.998968,0.002418,-0.005602,0.044997
2,0.15,14,0.079025,-0.577304,0.061916,-0.026882,0.72004,0.693115,-0.020303,0.002536,-0.005196,0.111638,-0.999316,0.00292,-0.007923,0.03601
2,0.15,14,0.079075,-0.577603,0.062034,0.012721,-0.706404,-0.707577,0.01293,0.0025,-0.005325,0.111936,-0.999817,0.006951,0.007522,0.016138
2,0.15,14,0.079112,-0.577452,0.061908,-0.013377,0.723301,0.690365,-0.007325,0.002458,-0.005193,0.111791,-0.999122,0.003083,0.010782,0.040377
2,0.15,14,0.079054,-0.57744,0.062004,-0.032853,0.71294,0.700276,-0.015863,0.002514,-0.005289,0.111773,-0.999607,-0.004678,-0.009064,0.026113
2,0.15,14,0.078996,-0.57722,0.062129,-0.031023,0.694988,0.717786,-0.028498,0.002558,-0.005407,0.111547,-0.999853,0.005031,-0.01637,0.000733
2,0.15,14,0.07911,-0.577355,0.062191,-0.020374,0.68743,0.725863,-0.012144,0.00245,-0.005473,0.111685,0.999945,-0.000391,-0.002726,0.010083
2,0.15,14,0.079128,-0.577322,0.062058,-0.016538,0.699384,0.714519,-0.007104,0.002433,-0.005338,0.111657,-0.99994,-0.000142,0.008889,0.006453
2,0.15,14,0.079064,-0.577552,0.062142,0.021362,-0.700858,-0.712594,0.023495,0.002508,-0.00543,0.111881,-0.999911,0.008349,-0.00599,0.008542
2,0.15,14,0.079191,-0.577211,0.061992,-0.006283,0.715496,0.698588,0.001261,0.002365,-0.005268,0.111552,-0.999333,0.00155,0.021927,0.029154
2,0.15,14,0.07891,-0.577224,0.062102,-0.046687,0.701034,0.71037,-0.041773,0.002645,-0.005381,0.111546,-0.999258,0.003929,-0.036939,0.010141
2,0.15,14,0.079181,-0.577703,0.062013,0.000442,-0.719836,-0.69414,0.002549,0.0024,-0.005306,0.112042,-0.999069,0.008506,0.023437,0.035197
2,0.15,14,0.079142,-0.577529,0.062143,0.008759,-0.693442,-0.720376,0.010909,0.002428,-0.00543,0.111862,0.999897,-0.007782,-0.011891,0.002079
2,0.15,14,0.079016,-0.577545,0.062094,0.026821,-0.705221,-0.707955,0.027265,0.002555,-0.005383,0.111873,-0.999782,0.007429,-0.012579,0.014889
2,0.15,14,0.079067,-0.577583,0.062039,-0.022695,0.712263,0.701224,-0.021229,0.002507,-0.005329,0.111915,-0.99966,0.006207,-0.005477,0.024708
2,0.15,14,0.079036,-0.577198,0.061952,-0.015114,0.725238,0.688249,-0.010694,0.00252,-0.005229,0.111532,-0.999032,0.004371,0.007171,0.043186
2,0.15,14,0.079076,-0.577288,0.061881,-0.014507,0.729299,0.684,-0.007485,0.002486,-0.00516,0.111627,-0.998741,0.002636,0.009795,0.049122
2,0.15,14,0.078949,-0.577402,0.061993,-0.029885,0.722085,0.690614,-0.027428,0.002617,-0.005278,0.11173,-0.999104,0.006035,-0.015061,0.039096
2,0.15,14,0.07887,-0.577289,0.062175,-0.048395,0.696808,0.714136,-0.046101,0.002687,-0.005457,0.111607,-0.999127,0.005707,-0.041145,0.004412
2,0.15,14,0.078976,-0.577536,0.062039,-0.030662,0.711475,0.701429,-0.029337,0.002596,-0.005328,0.111864,-0.999551,0.00648,-0.016843,0.023923
2,0.15,14,0.079074,-0.577291,0.062298,-0.020135,0.681662,0.731229,-0.015354,0.002482,-0.005578,0.111615,0.999834,-0.002661,-0.000713,0.018033
2,0.15,14,0.079106,-0.577457,0.062136,-0.024979,0.701723,0.711919,-0.011481,0.00246,-0.005421,0.111788,-0.999947,-0.002772,-0.000247,0.009956
2,0.15,14,0.079012,-0.577118,0.062281,-0.022674,0.677618,0.734962,-0.012267,0.002535,-0.005555,0.11144,0.999724,0.001465,-0.001062,0.023428
2,0.15,14,0.079014,-0.577657,0.061945,-0.021078,0.728513,0.684367,-0.021614,0.002565,-0.005238,0.111989,-0.998799,0.008205,-0.004746,0.048069
2,0.15,14,0.079079,-0.577341,0.061973,-0.018005,0.713474,0.700258,-0.016425,0.002483,-0.005254,0.111677,-0.999635,0.006052,0.001226,0.026296
2,0.15,14,0.079189,-0.577438,0.061957,-0.000147,0.718641,0.695368,0.004333,0.002379,-0.00524,0.11178,-0.999022,0.00372,0.028441,0.033638
2,0.15,14,0.079085,-0.577536,0.061915,-0.018241,0.728677,0.684422,-0.016243,0.002488,-0.005203,0.111873,-0.998816,0.006317,0.001028,0.048233
2,0.15,14,0.079234,-0.577212,0.061984,0.013128,0.717904,0.695811,0.016987,0.002322,-0.005259,0.111555,-0.998356,0.003823,0.046775,0.032909
2,0.15,14,0.079105,-0.577473,0.062059,0.003882,-0.707119,-0.707068,0.004751,0.002463,-0.005344,0.111807,-0.999637,0.007235,0.019556,0.017071
2,0.15,14,0.079098,-0.577375,0.061868,-0.017052,0.732946,0.680012,-0.009134,0.002467,-0.005151,0.111715,-0.998488,0.002189,0.006778,0.05451
2,0.15,14,0.079203,-0.577329,0.061977,-0.003545,0.713172,0.700979,0.001549,0.00236,-0.005256,0.111671,-0.999371,0.00316,0.024119,0.025791
2,0.15,14,0.079065,-0.577404,0.062119,-0.028664,0.705981,0.707085,-0.028279,0.002499,-0.005402,0.111734,-0.999741,0.006906,-0.014617,0.016042
2,0.15,14,0.078957,-0.577346,0.062112,-0.03416,0.699496,0.713084,-0.03239,0.002604,-0.005395,0.111671,-0.999729,0.005815,-0.021375,0.007194
2,0.15,14,0.079046,-0.577698,0.06213,0.017386,-0.704409,-0.709192,0.023501,0.002532,-0.005423,0.112026,-0.999842,0.011242,-0.003165,0.013404
2,0.15,14,0.078937,-0.57727,0.06203,-0.033042,0.719653,0.692972,-0.028239,0.002621,-0.005311,0.111597,-0.999192,0.004338,-0.017872,0.035735
2,0.15,14,0.079204,-0.577425,0.062114,0.000182,-0.700409,-0.71374,0.001178,0.002361,-0.005397,0.111762,-0.99964,0.006994,0.024759,0.007645
2,0.15,14,0.079242,-0.577349,0.0619,0.007463,0.725405,0.6882,0.010599,0.002322,-0.005179,0.111696,-0.998311,0.004753,0.038193,0.043519
2,0.15,14,0.079014,-0.577339,0.06217,0.032563,-0.699577,-0.713001,0.034063,0.002546,-0.005452,0.111665,-0.999712,0.00813,-0.02139,0.00725
2,0.15,14,0.07914,-0.577602,0.062039,-0.003694,0.712962,0.701184,-0.003577,0.002435,-0.005328,0.111938,-0.999446,0.006734,0.020452,0.025383
2,0.15,14,0.079041,-0.577474,0.062116,-0.022877,0.706728,0.7069,-0.017451,0.002526,-0.005403,0.111802,-0.999848,0.003162,-0.002929,0.016876
2,0.15,14,0.07906,-0.577345,0.062032,-0.01569,0.706014,0.70788,-0.01428,0.002502,-0.005313,0.111678,-0.99985,0.005846,0.004452,0.015656
2,0.15,14,0.079071,-0.577359,0.062095,-0.016866,0.704328,0.709637,-0.007299,0.002491,-0.005377,0.11169,-0.999874,-5.1e-05,0.008473,0.013399
2,0.15,14,0.078985,-0.577449,0.062182,0.033769,-0.697024,-0.715419,0.034548,0.002581,-0.005468,0.111773,-0.99971,0.00755,-0.022574,0.00374
2,0.15,14,0.079039,-0.577461,0.062115,0.020103,-0.707039,-0.706571,0.021214,0.002528,-0.005401,0.11179,-0.999815,0.007806,-0.003552,0.017204
2,0.15,14,0.078961,-0.577253,0.06213,-0.032754,0.701805,0.71098,-0.030075,0.002594,-0.00541,0.111577,-0.999757,0.005208,-0.018773,0.010349
2,0.15,14,0.07914,-0.577359,0.062191,-0.010746,0.687624,0.725951,-0.007303,0.002421,-0.005472,0.111691,0.999859,-0.003603,-0.013015,0.010025
2,0.15,14,0.079022,-0.577141,0.061969,-0.02619,0.727932,0.684852,-0.020201,0.00253,-0.005244,0.111474,-0.998841,0.003618,-0.007436,0.047416
2,0.15,14,0.079184,-0.577564,0.062158,-0.00873,0.697131,0.716878,-0.004181,0.002387,-0.005446,0.111898,-0.999853,0.003097,0.016556,0.003155
2,0.15,14,0.079161,-0.577483,0.062064,-0.013338,0.713076,0.700875,-0.010872,0.002408,-0.00535,0.11182,-0.999621,0.005285,0.008447,0.025645
2,0.15,14,0.079234,-0.577212,0.061984,0.013128,0.717904,0.695811,0.016987,0.002322,-0.005259,0.111555,-0.998356,0.003823,0.046775,0.032909
2,0.15,14,0.079038,-0.577704,0.062024,-0.023234,0.716607,0.696727,-0.022488,0.002542,-0.005318,0.112035,-0.999475,0.006898,-0.006783,0.030934
2,0.15,14,0.079032,-0.577554,0.062106,0.02108,-0.702387,-0.71105,0.024815,0.002539,-0.005395,0.111882,-0.999875,0.009549,-0.006717,0.01068
2,0.15,14,0.079133,-0.577607,0.062094,-0.014098,0.706155,0.707831,-0.011028,0.002441,-0.005384,0.111941,-0.999833,0.004618,0.007856,0.015845
2,0.15,14,0.079207,-0.577184,0.062162,-0.001233,0.701878,0.712283,0.004406,0.002346,-0.005436,0.11152,-0.99956,0.002303,0.027869,0.009854
2,0.15,14,0.079009,-0.577347,0.062084,-0.020123,0.714283,0.699275,-0.020207,0.002552,-0.005366,0.111675,-0.999591,0.007331,-0.002936,0.027503
2,0.15,14,0.078946,-0.577376,0.062235,0.034779,-0.690109,-0.721901,0.037408,0.002615,-0.005519,0.111696,0.999627,-0.008659,0.025233,0.005784
2,0.15,14,0.078922,-0.577307,0.062034,-0.028251,0.711528,0.701575,-0.02688,0.002638,-0.005316,0.111633,-0.999605,0.006388,-0.013399,0.023883
2,0.15,14,0.078997,-0.577301,0.061939,-0.027786,0.721422,0.691662,-0.019544,0.002565,-0.00522,0.111634,-0.999242,0.001797,-0.00806,0.038043
2,0.15,14,0.079054,-0.577638,0.062177,0.01555,-0.692183,-0.721268,0.020321,0.002521,-0.005469,0.111965,0.999945,-0.00979,-0.000474,0.003725
2,0.15,14,0.07896,-0.577233,0.061985,-0.034504,0.72351,0.688816,-0.029587,0.002596,-0.005264,0.111562,-0.998935,0.004435,-0.019902,0.041382
2,0.15,14,0.079142,-0.577322,0.062289,-0.016137,0.684611,0.728586,-0.014507,0.002416,-0.005568,0.11165,0.99988,-0.004931,-0.004155,0.014112
2,0.15,14,0.078991,-0.577392,0.061946,-0.027472,0.727093,0.685597,-0.023188,0.002574,-0.00523,0.111724,-0.998864,0.004845,-0.010427,0.046245
2,0.15,14,0.079098,-0.577485,0.062064,-0.013749,0.713129,0.700778,-0.012941,0.00247,-0.00535,0.111818,-0.999626,0.006489,0.006712,0.025709
2,0.15,14,0.079101,-0.577479,0.06206,0.011322,-0.713937,-0.699984,0.013757,0.002468,-0.005346,0.111813,-0.999571,0.008791,0.007883,0.02679
2,0.15,14,0.079013,-0.577427,0.062081,-0.027494,0.715331,0.697729,-0.026833,0.002552,-0.005366,0.111755,-0.999464,0.007019,-0.012858,0.02928
2,0.15,14,0.079085,-0.577536,0.061915,-0.018241,0.728677,0.684422,-0.016243,0.002488,-0.005203,0.111873,-0.998816,0.006317,0.001028,0.048233
2,0.15,14,0.079151,-0.577408,0.062003,-7e-06,0.728093,0.685477,0.001418,0.002415,-0.005286,0.111747,-0.998515,0.006261,0.026419,0.047235
2,0.15,14,0.079104,-0.577398,0.062209,-0.015895,0.690306,0.723319,-0.005866,0.002459,-0.005492,0.111727,0.999928,0.000911,-0.010289,0.006166
2,0.15,14,0.0791,-0.577424,0.061945,-0.013245,0.728054,0.685286,-0.012015,0.002468,-0.005229,0.111761,-0.998834,0.006723,0.007567,0.047214
2,0.15,14,0.079013,-0.577427,0.062081,-0.027494,0.715331,0.697729,-0.026833,0.002552,-0.005366,0.111755,-0.999464,0.007019,-0.012858,0.02928
2,0.15,14,0.078852,-0.57732,0.061993,-0.040774,0.720923,0.690918,-0.035212,0.002709,-0.005277,0.111643,-0.998868,0.004036,-0.028304,0.038019
2,0.15,14,0.079152,-0.577347,0.062254,-0.012908,0.686292,0.727209,0.001998,0.002407,-0.005534,0.111677,0.999761,0.004633,-0.017932,0.011615
2,0.15,14,0.078813,-0.576986,0.062089,-0.056389,0.709374,0.700867,-0.048928,0.00273,-0.005361,0.111305,-0.998538,0.002651,-0.048987,0.022706
2,0.15,14,0.078954,-0.577171,0.062138,-0.041409,0.70656,0.705377,-0.038738,0.002598,-0.005415,0.111495,-0.999347,0.005607,-0.031075,0.017579
2,0.15,14,0.079107,-0.577159,0.062214,-0.012007,0.680895,0.732268,-0.004633,0.002443,-0.005488,0.111489,0.999718,-0.000568,-0.014016,0.019172
2,0.15,14,0.078917,-0.577138,0.062186,-0.042017,0.701281,0.710455,-0.041145,0.002632,-0.005462,0.111458,-0.999376,0.006726,-0.033141,0.01021
2,0.15,14,0.079039,-0.57749,0.062065,0.013399,-0.712537,-0.701362,0.014254,0.00253,-0.005352,0.11182,-0.999644,0.007655,0.006057,0.024843
2,0.15,14,0.079046,-0.577302,0.062191,-0.027324,0.701795,0.711486,-0.022919,0.002512,-0.005471,0.111629,-0.999893,0.00383,-0.009887,0.010079
2,0.15,14,0.078957,-0.577268,0.06195,-0.028769,0.725519,0.687192,-0.023709,0.002602,-0.00523,0.111599,-0.998953,0.004262,-0.011706,0.044011
2,0.15,14,0.078941,-0.577082,0.062181,0.042928,-0.695102,-0.716385,0.042229,0.002606,-0.005455,0.111404,-0.999381,0.006652,-0.034497,0.001637
2,0.15,14,0.078908,-0.577182,0.062188,0.044838,-0.693626,-0.717628,0.043394,0.002643,-0.005466,0.111502,0.999309,-0.006112,0.036671,0.000288
2,0.15,14,0.07896,-0.577299,0.062018,-0.026007,0.722788,0.690153,-0.0243,0.0026,-0.0053,0.111627,-0.99913,0.006503,-0.010101,0.03994
2,0.15,14,0.078987,-0.577179,0.062024,-0.025089,0.70678,0.706561,-0.024602,0.002566,-0.005301,0.111509,-0.999787,0.006772,-0.009494,0.017016
2,0.15,14,0.079014,-0.577657,0.061945,-0.021078,0.728513,0.684367,-0.021614,0.002565,-0.005238,0.111989,-0.998799,0.008205,-0.004746,0.048069
2,0.15,14,0.0791,-0.577424,0.061945,-0.013245,0.728054,0.685286,-0.012015,0.002468,-0.005229,0.111761,-0.998834,0.006723,0.007567,0.047214
2,0.15,14,0.079029,-0.577264,0.061934,-0.02291,0.729557,0.683215,-0.020955,0.00253,-0.005213,0.111599,-0.998729,0.006497,-0.005617,0.04966
2,0.15,14,0.079131,-0.577593,0.062092,0.011251,-0.706553,-0.707417,0.014723,0.002443,-0.005382,0.111927,-0.999797,0.009266,0.007332,0.016295
2,0.15,14,0.079046,-0.577313,0.062094,-0.025943,0.711842,0.701431,-0.024522,0.002513,-0.005375,0.111643,-0.999635,0.006305,-0.0101,0.024231
2,0.15,14,0.079064,-0.577552,0.062142,0.021362,-0.700858,-0.712594,0.023495,0.002508,-0.00543,0.111881,-0.999911,0.008349,-0.00599,0.008542
2,0.15,14,0.079076,-0.577535,0.062157,0.016261,-0.696858,-0.716695,0.021724,0.002494,-0.005445,0.111864,-0.999941,0.010472,-0.001053,0.00279
2,0.15,14,0.079345,-0.577258,0.062066,0.017735,0.712014,0.701474,0.025602,0.002212,-0.005342,0.111604,-0.998114,0.00062,0.05612,0.024875
2,0.15,14,0.079059,-0.577358,0.062147,-0.015852,0.705924,0.707963,-0.014444,0.002502,-0.005429,0.111686,-0.999853,0.005848,0.004223,0.015532
2,0.15,14,0.07899,-0.577452,0.062129,-0.026829,0.710216,0.70304,-0.024658,0.002576,-0.005415,0.111777,-0.999684,0.005729,-0.010817,0.021954
2,0.15,14,0.078973,-0.577278,0.062226,-0.037246,0.69203,0.720101,-0.034088,0.002583,-0.005506,0.1116,0.999679,-0.004627,0.024714,0.003044
2,0.15,14,0.078976,-0.577134,0.062129,-0.043408,0.701294,0.710466,-0.039253,0.002573,-0.005405,0.111459,-0.999399,0.0044,-0.032825,0.010274
2,0.15,14,0.079177,-0.577317,0.062153,-0.001656,-0.704589,-0.709614,-4e-06,0.002382,-0.005432,0.111651,-0.999519,0.007572,0.026864,0.013517
2,0.15,14,0.078983,-0.577306,0.062101,0.026448,-0.709612,-0.703588,0.026745,0.002576,-0.005383,0.111633,-0.999678,0.007473,-0.011989,0.021087
2,0.15,14,0.079072,-0.577479,0.062259,0.026229,-0.692503,-0.720431,0.027022,0.002493,-0.005545,0.111805,0.999899,-0.007207,0.011872,0.002922
2,0.15,14,0.078949,-0.577402,0.061993,-0.029885,0.722085,0.690614,-0.027428,0.002617,-0.005278,0.11173,-0.999104,0.006035,-0.015061,0.039096
2,0.15,14,0.079102,-0.577366,0.061913,-0.014053,0.735606,0.677199,-0.009343,0.002463,-0.005195,0.111705,-0.998249,0.004522,0.008761,0.058332
2,0.15,14,0.078974,-0.577081,0.062335,-0.028561,0.678123,0.733974,-0.024817,0.00257,-0.005609,0.1114,0.999668,-0.003492,0.011904,0.022585
2,0.15,14,0.078968,-0.577343,0.062143,-0.028597,0.70622,0.707198,-0.017516,0.002592,-0.005426,0.111668,-0.99984,-0.00078,-0.007087,0.016379
2,0.15,14,0.078977,-0.577172,0.061973,-0.0225,0.726687,0.686361,-0.018138,0.002577,-0.00525,0.111503,-0.998949,0.004649,-0.003332,0.04547
2,0.15,14,0.078803,-0.576941,0.062104,-0.057551,0.705574,0.704388,-0.051872,0.002737,-0.005374,0.111259,-0.998495,0.003826,-0.051839,0.017477
2,0.15,14,0.079126,-0.577343,0.06204,-0.012772,0.718786,0.695,-0.012592,0.002436,-0.00532,0.111679,-0.999375,0.007124,0.007602,0.033784
2,0.15,14,0.078993,-0.577524,0.062149,0.0236,-0.698569,-0.714625,0.027476,0.002577,-0.005437,0.111849,-0.999886,0.009577,-0.010348,0.005426
2,0.15,14,0.07919,-0.577189,0.062322,-0.003586,0.675442,0.737405,-0.000346,0.00236,-0.005597,0.111519,0.999372,-0.003143,-0.02309,0.026677
2,0.15,15,0.078295,-0.578714,0.068746,0.018107,-0.709684,-0.704002,0.020061,0.000754,-0.006206,0.112064,-0.999985,0.003474,0.000741,0.00408
2,0.15,15,0.078276,-0.578392,0.068784,-0.017382,0.702637,0.711293,-0.007838,0.000755,-0.006244,0.111741,0.999922,0.004935,-0.009916,0.005811
2,0.15,15,0.078185,-0.57866,0.068497,-0.023088,0.748332,0.662448,-0.025076,0.000862,-0.005957,0.112004,-0.998119,0.005069,-0.006494,0.060755
2,0.15,15,0.07795,-0.578519,0.068724,-0.051495,0.717226,0.69289,-0.053268,0.001087,-0.006185,0.11185,-0.998767,0.003714,-0.046427,0.017175
2,0.15,15,0.078285,-0.578901,0.06867,-0.013459,0.724034,0.689614,-0.005155,0.000775,-0.00613,0.11225,-0.999586,-0.003215,0.01452,0.024622
2,0.15,15,0.078218,-0.578511,0.068674,0.013547,-0.71733,-0.696443,0.014863,0.00082,-0.006134,0.111857,-0.999855,0.003321,0.007618,0.014854
2,0.15,15,0.078359,-0.578873,0.068662,0.003672,-0.726087,-0.687562,0.006508,0.0007,-0.006122,0.112226,-0.999406,0.004739,0.020477,0.027317
2,0.15,15,0.078148,-0.578743,0.068826,0.03241,-0.703692,-0.708836,0.036313,0.000902,-0.006287,0.112085,0.999765,-0.004642,0.020864,0.003653
2,0.15,15,0.078373,-0.578648,0.068787,-0.008959,0.70577,0.708381,-0.002141,0.000672,-0.006246,0.112002,0.999797,0.002891,-0.019893,0.001572
2,0.15,15,0.078396,-0.57878,0.068592,-0.008507,-0.727593,-0.68595,-0.003033,0.000658,-0.006051,0.112135,-0.9989,0.006662,0.035823,0.029498
2,0.15,15,0.078333,-0.57871,0.068559,0.000921,-0.73445,-0.678658,0.002393,0.000716,-0.006019,0.112063,-0.998889,0.004112,0.025295,0.039558
2,0.15,15,0.078359,-0.578873,0.068662,0.003672,-0.726087,-0.687562,0.006508,0.0007,-0.006122,0.112226,-0.999406,0.004739,0.020477,0.027317
2,0.15,15,0.078412,-0.57867,0.068627,-0.004525,-0.731632,-0.681677,-0.003274,0.000635,-0.006087,0.112027,-0.998814,0.00384,0.033162,0.035452
2,0.15,15,0.078378,-0.578508,0.068881,0.001348,-0.687057,-0.72659,0.004269,0.000659,-0.00634,0.111863,0.999323,-0.003268,-0.023811,0.027853
2,0.15,15,0.078339,-0.578764,0.068693,-0.011179,0.723328,0.690394,-0.005328,0.000713,-0.006153,0.112116,-0.999594,-0.00151,0.016013,0.023526
2,0.15,15,0.078315,-0.579278,0.068648,0.010296,-0.734624,-0.678215,0.015693,0.000766,-0.006108,0.112628,-0.999138,0.0069,0.009261,0.039885
2,0.15,15,0.078391,-0.578771,0.068492,-0.00422,0.744964,0.667091,-0.001079,0.000662,-0.005951,0.112126,-0.998187,0.001283,0.023839,0.055252
2,0.15,15,0.07802,-0.578644,0.068682,0.042395,-0.722793,-0.688289,0.045071,0.001025,-0.006143,0.111978,-0.999108,0.004552,-0.034197,0.024368
2,0.15,15,0.078214,-0.578845,0.068597,0.023802,-0.740662,-0.670839,0.028766,0.000843,-0.006057,0.112191,-0.998713,0.006858,-0.009571,0.049337
2,0.15,15,0.078236,-0.578721,0.068803,0.016698,-0.709789,-0.703874,0.021943,0.000813,-0.006263,0.112068,-0.999974,0.005805,0.000405,0.004179
2,0.15,15,0.078204,-0.578882,0.06872,0.026188,-0.725246,-0.687243,0.032069,0.000854,-0.006181,0.112226,-0.999525,0.006884,-0.013527,0.02682
2,0.15,15,0.078149,-0.578686,0.068824,0.032844,-0.710618,-0.701992,0.033909,0.000898,-0.006285,0.112028,-0.999787,0.002906,-0.01949,0.006138
2,0.15,15,0.07823,-0.578562,0.068876,0.023971,-0.696161,-0.716915,0.028601,0.00081,-0.006336,0.111908,0.999836,-0.004848,0.009416,0.014678
2,0.15,15,0.078329,-0.578865,0.068767,0.010493,-0.713861,-0.700062,0.014346,0.000729,-0.006227,0.112217,-0.999888,0.004974,0.010155,0.009799
2,0.15,15,0.078175,-0.579114,0.068613,0.029819,-0.733303,-0.678406,0.033819,0.000896,-0.006073,0.112457,-0.999079,0.005886,-0.01737,0.038791
2,0.15,15,0.078393,-0.578948,0.068717,0.002672,-0.713105,-0.701032,0.005293,0.000669,-0.006177,0.112303,-0.999711,0.004069,0.022088,0.008626
2,0.15,15,0.078359,-0.578712,0.068719,0.001846,-0.716582,-0.697488,0.004217,0.00069,-0.006178,0.112066,-0.999625,0.00403,0.023422,0.013597
2,0.15,15,0.078271,-0.578443,0.068905,-0.017076,0.687167,0.726207,-0.011602,0.000763,-0.006365,0.111792,0.999594,0.002654,-0.007504,0.027372
2,0.15,15,0.078332,-0.578848,0.068539,-0.011608,0.741166,0.671135,-0.010783,0.000725,-0.005999,0.1122,-0.998694,0.002768,0.011774,0.04964
2,0.15,15,0.078227,-0.578679,0.068475,-0.019923,0.746829,0.664359,-0.021836,0.000821,-0.005936,0.112025,-0.998282,0.004948,-0.001955,0.058352
2,0.15,15,0.078233,-0.578749,0.0688,0.025836,-0.717938,-0.695001,0.029515,0.000818,-0.00626,0.112095,-0.99979,0.005033,-0.011444,0.016218
2,0.15,15,0.078306,-0.578761,0.068777,0.007072,-0.702483,-0.711576,0.011281,0.000746,-0.006237,0.112112,0.999859,-0.004776,-0.014774,0.006379
2,0.15,15,0.078151,-0.578822,0.068725,0.031276,-0.715757,-0.696618,0.037901,0.000904,-0.006185,0.112164,-0.999659,0.007042,-0.021222,0.013457
2,0.15,15,0.078047,-0.578863,0.068702,0.044496,-0.728226,-0.682152,0.048736,0.00101,-0.006163,0.112199,-0.99872,0.005884,-0.038302,0.032508
2,0.15,15,0.078185,-0.578847,0.0689,0.030358,-0.7012,-0.711366,0.036816,0.000871,-0.006361,0.112191,0.999758,-0.006349,0.019761,0.007252
2,0.15,15,0.078151,-0.578822,0.068725,0.031276,-0.715757,-0.696618,0.037901,0.000904,-0.006185,0.112164,-0.999659,0.007042,-0.021222,0.013457
2,0.15,15,0.078229,-0.578865,0.068547,-0.028066,0.739007,0.672869,-0.018139,0.000829,-0.006007,0.112212,-0.998873,-0.00374,-0.005061,0.047034
2,0.15,15,0.078339,-0.578594,0.068775,0.003015,-0.700915,-0.713174,0.009589,0.000703,-0.006234,0.111946,0.999765,-0.006386,-0.018843,0.008656
2,0.15,15,0.078077,-0.578475,0.068887,-0.036759,0.683812,0.728041,-0.031722,0.000958,-0.006348,0.111814,0.9993,0.002445,0.020652,0.031104
2,0.15,15,0.078265,-0.578898,0.068718,-0.022011,0.719273,0.694056,-0.021182,0.000794,-0.006178,0.112246,-0.999833,0.00189,-0.002846,0.017935
2,0.15,15,0.078251,-0.579031,0.0687,0.01421,-0.725346,-0.687831,0.023656,0.000816,-0.006161,0.112378,-0.999606,0.009394,0.000901,0.026433
2,0.15,15,0.078536,-0.57871,0.068672,0.019068,0.720868,0.692476,0.021489,0.000514,-0.006131,0.112074,-0.998204,0.000818,0.056347,0.020328
2,0.15,15,0.078359,-0.578873,0.068662,0.003672,-0.726087,-0.687562,0.006508,0.0007,-0.006122,0.112226,-0.999406,0.004739,0.020477,0.027317
2,0.15,15,0.0782,-0.578305,0.068979,-0.017818,0.673042,0.739259,-0.013879,0.000825,-0.00644,0.111651,0.998896,0.002104,-0.005387,0.046616
2,0.15,15,0.078236,-0.578721,0.068803,0.016698,-0.709789,-0.703874,0.021943,0.000813,-0.006263,0.112068,-0.999974,0.005805,0.000405,0.004179
2,0.15,15,0.078169,-0.578533,0.068622,-0.019566,0.722988,0.690315,-0.019265,0.00087,-0.006083,0.111876,-0.999728,0.002409,0.000226,0.023201
2,0.15,15,0.078358,-0.578911,0.068869,0.010942,-0.703516,-0.710447,0.014488,0.000702,-0.006329,0.112264,0.999931,-0.004351,-0.009767,0.004849
2,0.15,15,0.078219,-0.57888,0.068738,0.01584,-0.713727,-0.699959,0.020016,0.000839,-0.006199,0.112225,-0.999936,0.005203,0.002364,0.009755
2,0.15,15,0.078433,-0.57874,0.068718,0.008126,0.717121,0.696845,0.008881,0.000618,-0.006178,0.112097,-0.999103,0.00184,0.039725,0.014526
2,0.15,15,0.078415,-0.578799,0.068655,-0.004119,-0.719568,-0.694409,-0.00139,0.00064,-0.006115,0.112156,-0.999331,0.0044,0.031591,0.017893
2,0.15,15,0.078236,-0.578721,0.068803,0.016698,-0.709789,-0.703874,0.021943,0.000813,-0.006263,0.112068,-0.999974,0.005805,0.000405,0.004179
2,0.15,15,0.078229,-0.5791,0.068787,0.020605,-0.711936,-0.701291,0.030231,0.000841,-0.006247,0.112445,-0.999898,0.008995,-0.008229,0.00742
2,0.15,15,0.078173,-0.578743,0.068741,0.024537,-0.718063,-0.694831,0.031513,0.000877,-0.006202,0.112087,-0.999768,0.007369,-0.011939,0.016361
2,0.15,15,0.078325,-0.578605,0.068868,0.014472,-0.69916,-0.714536,0.020101,0.000717,-0.006328,0.111957,0.999919,-0.005658,-0.003311,0.010872
2,0.15,15,0.078174,-0.578738,0.068603,0.026236,-0.737601,-0.674104,0.028978,0.000877,-0.006063,0.112081,-0.998912,0.005165,-0.011428,0.044906
2,0.15,15,0.078235,-0.578943,0.068848,0.02742,-0.708843,-0.704122,0.031651,0.000827,-0.006308,0.112289,-0.999883,0.005066,-0.014047,0.003326
2,0.15,15,0.078165,-0.579145,0.068685,0.023799,-0.723396,-0.689311,0.03135,0.000908,-0.006145,0.112487,-0.999615,0.007988,-0.01132,0.024022
2,0.15,15,0.078303,-0.578934,0.068468,0.011404,-0.745818,-0.665927,0.012881,0.00076,-0.005928,0.112284,-0.998334,0.004588,0.010411,0.056562
2,0.15,15,0.078371,-0.578717,0.068684,-8.8e-05,-0.725407,-0.68832,3.5e-05,0.000679,-0.006144,0.112071,-0.999264,0.002792,0.027713,0.026367
2,0.15,15,0.078338,-0.578898,0.068665,-0.010528,0.725429,0.688137,-0.010426,0.000722,-0.006125,0.11225,-0.999563,0.002639,0.012861,0.026488
2,0.15,15,0.078327,-0.578863,0.06861,0.002184,-0.731485,-0.681806,0.008083,0.000731,-0.006069,0.112214,-0.999149,0.007122,0.020392,0.03514
2,0.15,15,0.078183,-0.578923,0.068804,0.030268,-0.712065,-0.700344,0.039572,0.000877,-0.006264,0.112266,-0.999693,0.008789,-0.021679,0.00816
2,0.15,15,0.078371,-0.578717,0.068684,-8.8e-05,-0.725407,-0.68832,3.5e-05,0.000679,-0.006144,0.112071,-0.999264,0.002792,0.027713,0.026367
2,0.15,15,0.078343,-0.579146,0.068681,0.007776,-0.725105,-0.688408,0.016023,0.000731,-0.006141,0.112498,-0.999569,0.008529,0.010851,0.025899
2,0.15,15,0.078296,-0.578591,0.068812,0.007195,-0.698679,-0.715291,0.012427,0.000746,-0.006272,0.111941,0.999821,-0.005353,-0.013887,0.011717
2,0.15,15,0.078316,-0.578617,0.068717,0.01866,-0.715447,-0.698096,0.021196,0.000728,-0.006177,0.111968,-0.999916,0.004115,-0.000472,0.012314
2,0.15,15,0.078224,-0.578972,0.068817,0.029841,-0.716914,-0.695618,0.035502,0.000839,-0.006277,0.112317,-0.999696,0.006402,-0.018512,0.015005
2,0.15,15,0.078223,-0.578835,0.068842,0.02053,-0.708742,-0.704656,0.026901,0.000832,-0.006303,0.112181,-0.999957,0.006565,-0.00581,0.002853
2,0.15,15,0.07824,-0.578787,0.06869,0.018517,-0.724304,-0.688948,0.01978,0.000814,-0.006151,0.112134,-0.999679,0.003567,0.000598,0.025067
2,0.15,15,0.078301,-0.578771,0.068634,-0.011501,0.731083,0.682114,-0.01033,0.000752,-0.006094,0.112122,-0.999319,0.002112,0.012217,0.034761
