marker_id,scan_distance,movement_id,px,py,pz,qx,qy,qz,qw,cam_px,cam_py,cam_pz,cam_qx,cam_qy,cam_qz,cam_qw
0,0.2625,1,-0.22952,-0.283448,0.09826,-0.439637,-0.606829,-0.499915,-0.434239,-0.02142,-0.019945,0.262793,-0.990391,-0.055715,-0.112627,0.057762
0,0.2625,1,-0.228419,-0.28367,0.098286,0.508537,0.518663,0.437742,0.529869,-0.02165,-0.019971,0.261694,-0.996942,-0.056344,0.04469,0.030573
0,0.2625,1,-0.228257,-0.283602,0.098294,0.506916,0.504186,0.437715,0.545196,-0.021583,-0.019978,0.261531,-0.996499,-0.057658,0.058708,0.014803
0,0.2625,1,-0.229748,-0.283575,0.098274,-0.459534,-0.593742,-0.483181,-0.450372,-0.021546,-0.019961,0.263022,-0.993375,-0.055686,-0.079671,0.061295
0,0.2625,1,-0.228257,-0.283602,0.098294,0.506916,0.504186,0.437715,0.545196,-0.021583,-0.019978,0.261531,-0.996499,-0.057658,0.058708,0.014803
0,0.2625,1,-0.228257,-0.283602,0.098294,0.506916,0.504186,0.437715,0.545196,-0.021583,-0.019978,0.261531,-0.996499,-0.057658,0.058708,0.014803
0,0.2625,1,-0.228257,-0.283602,0.098294,0.506916,0.504186,0.437715,0.545196,-0.021583,-0.019978,0.261531,-0.996499,-0.057658,0.058708,0.014803
0,0.2625,1,-0.227757,-0.283479,0.098268,0.498372,0.504235,0.446194,0.546153,-0.021464,-0.01995,0.261031,-0.997003,-0.058222,0.050605,0.005883
0,0.2625,1,-0.22952,-0.283448,0.09826,-0.439637,-0.606829,-0.499915,-0.434239,-0.02142,-0.019945,0.262793,-0.990391,-0.055715,-0.112627,0.057762
0,0.2625,1,-0.228419,-0.28367,0.098286,0.508537,0.518663,0.437742,0.529869,-0.02165,-0.019971,0.261694,-0.996942,-0.056344,0.04469,0.030573
0,0.2625,1,-0.228257,-0.283602,0.098294,0.506916,0.504186,0.437715,0.545196,-0.021583,-0.019978,0.261531,-0.996499,-0.057658,0.058708,0.014803
0,0.2625,1,-0.228419,-0.28367,0.098286,0.508537,0.518663,0.437742,0.529869,-0.02165,-0.019971,0.261694,-0.996942,-0.056344,0.04469,0.030573
0,0.2625,1,-0.228257,-0.283602,0.098294,0.506916,0.504186,0.437715,0.545196,-0.021583,-0.019978,0.261531,-0.996499,-0.057658,0.058708,0.014803
0,0.2625,1,-0.228257,-0.283602,0.098294,0.506916,0.504186,0.437715,0.545196,-0.021583,-0.019978,0.261531,-0.996499,-0.057658,0.058708,0.014803
0,0.2625,1,-0.228257,-0.283602,0.098294,0.506916,0.504186,0.437715,0.545196,-0.021583,-0.019978,0.261531,-0.996499,-0.057658,0.058708,0.014803
0,0.2625,1,-0.228852,-0.2837,0.098423,0.488429,0.507952,0.455866,0.543699,-0.021676,-0.020109,0.262127,0.997546,0.059005,-0.037678,0.000767
0,0.2625,1,-0.228419,-0.28367,0.098286,0.508537,0.518663,0.437742,0.529869,-0.02165,-0.019971,0.261694,-0.996942,-0.056344,0.04469,0.030573
0,0.2625,1,-0.22905,-0.283769,0.098418,0.488528,0.52262,0.457557,0.528062,-0.021743,-0.020106,0.262325,-0.99801,-0.057564,0.021809,0.013669
0,0.2625,1,-0.228852,-0.2837,0.098423,0.488429,0.507952,0.455866,0.543699,-0.021676,-0.020109,0.262127,0.997546,0.059005,-0.037678,0.000767
0,0.2625,1,-0.228257,-0.283602,0.098294,0.506916,0.504186,0.437715,0.545196,-0.021583,-0.019978,0.261531,-0.996499,-0.057658,0.058708,0.014803
0,0.2625,1,-0.22905,-0.283769,0.098418,0.488528,0.52262,0.457557,0.528062,-0.021743,-0.020106,0.262325,-0.99801,-0.057564,0.021809,0.013669
0,0.2625,1,-0.22905,-0.283769,0.098418,0.488528,0.52262,0.457557,0.528062,-0.021743,-0.020106,0.262325,-0.99801,-0.057564,0.021809,0.013669
0,0.2625,1,-0.229239,-0.283738,0.098298,0.499854,0.511361,0.449121,0.535674,-0.021712,-0.019986,0.262514,-0.997579,-0.054307,0.041128,0.014
0,0.2625,1,-0.228257,-0.283602,0.098294,0.506916,0.504186,0.437715,0.545196,-0.021583,-0.019978,0.261531,-0.996499,-0.057658,0.058708,0.014803
0,0.2625,1,-0.22905,-0.283769,0.098418,0.488528,0.52262,0.457557,0.528062,-0.021743,-0.020106,0.262325,-0.99801,-0.057564,0.021809,0.013669
0,0.2625,1,-0.228852,-0.2837,0.098423,0.488429,0.507952,0.455866,0.543699,-0.021676,-0.020109,0.262127,0.997546,0.059005,-0.037678,0.000767
0,0.2625,1,-0.228852,-0.2837,0.098423,0.488429,0.507952,0.455866,0.543699,-0.021676,-0.020109,0.262127,0.997546,0.059005,-0.037678,0.000767
0,0.2625,1,-0.228257,-0.283602,0.098294,0.506916,0.504186,0.437715,0.545196,-0.021583,-0.019978,0.261531,-0.996499,-0.057658,0.058708,0.014803
0,0.2625,1,-0.228852,-0.2837,0.098423,0.488429,0.507952,0.455866,0.543699,-0.021676,-0.020109,0.262127,0.997546,0.059005,-0.037678,0.000767
0,0.2625,1,-0.228257,-0.283602,0.098294,0.506916,0.504186,0.437715,0.545196,-0.021583,-0.019978,0.261531,-0.996499,-0.057658,0.058708,0.014803
0,0.2625,1,-0.228852,-0.2837,0.098423,0.488429,0.507952,0.455866,0.543699,-0.021676,-0.020109,0.262127,0.997546,0.059005,-0.037678,0.000767
0,0.2625,1,-0.228852,-0.2837,0.098423,0.488429,0.507952,0.455866,0.543699,-0.021676,-0.020109,0.262127,0.997546,0.059005,-0.037678,0.000767
0,0.2625,1,-0.228852,-0.2837,0.098423,0.488429,0.507952,0.455866,0.543699,-0.021676,-0.020109,0.262127,0.997546,0.059005,-0.037678,0.000767
0,0.2625,1,-0.228852,-0.2837,0.098423,0.488429,0.507952,0.455866,0.543699,-0.021676,-0.020109,0.262127,0.997546,0.059005,-0.037678,0.000767
0,0.2625,1,-0.228852,-0.2837,0.098423,0.488429,0.507952,0.455866,0.543699,-0.021676,-0.020109,0.262127,0.997546,0.059005,-0.037678,0.000767
0,0.2625,1,-0.22905,-0.283769,0.098418,0.488528,0.52262,0.457557,0.528062,-0.021743,-0.020106,0.262325,-0.99801,-0.057564,0.021809,0.013669
0,0.2625,1,-0.228852,-0.2837,0.098423,0.488429,0.507952,0.455866,0.543699,-0.021676,-0.020109,0.262127,0.997546,0.059005,-0.037678,0.000767
0,0.2625,1,-0.22905,-0.283769,0.098418,0.488528,0.52262,0.457557,0.528062,-0.021743,-0.020106,0.262325,-0.99801,-0.057564,0.021809,0.013669
0,0.2625,1,-0.228852,-0.2837,0.098423,0.488429,0.507952,0.455866,0.543699,-0.021676,-0.020109,0.262127,0.997546,0.059005,-0.037678,0.000767
0,0.2625,1,-0.228852,-0.2837,0.098423,0.488429,0.507952,0.455866,0.543699,-0.021676,-0.020109,0.262127,0.997546,0.059005,-0.037678,0.000767
0,0.2625,1,-0.228852,-0.2837,0.098423,0.488429,0.507952,0.455866,0.543699,-0.021676,-0.020109,0.262127,0.997546,0.059005,-0.037678,0.000767
0,0.2625,1,-0.22905,-0.283769,0.098418,0.488528,0.52262,0.457557,0.528062,-0.021743,-0.020106,0.262325,-0.99801,-0.057564,0.021809,0.013669
0,0.2625,1,-0.228852,-0.2837,0.098423,0.488429,0.507952,0.455866,0.543699,-0.021676,-0.020109,0.262127,0.997546,0.059005,-0.037678,0.000767
0,0.2625,1,-0.22905,-0.283769,0.098418,0.488528,0.52262,0.457557,0.528062,-0.021743,-0.020106,0.262325,-0.99801,-0.057564,0.021809,0.013669
0,0.2625,1,-0.22905,-0.283769,0.098418,0.488528,0.52262,0.457557,0.528062,-0.021743,-0.020106,0.262325,-0.99801,-0.057564,0.021809,0.013669
0,0.2625,1,-0.228852,-0.2837,0.098423,0.488429,0.507952,0.455866,0.543699,-0.021676,-0.020109,0.262127,0.997546,0.059005,-0.037678,0.000767
0,0.2625,1,-0.228852,-0.2837,0.098423,0.488429,0.507952,0.455866,0.543699,-0.021676,-0.020109,0.262127,0.997546,0.059005,-0.037678,0.000767
0,0.2625,1,-0.22905,-0.283769,0.098418,0.488528,0.52262,0.457557,0.528062,-0.021743,-0.020106,0.262325,-0.99801,-0.057564,0.021809,0.013669
0,0.2625,1,-0.228852,-0.2837,0.098423,0.488429,0.507952,0.455866,0.543699,-0.021676,-0.020109,0.262127,0.997546,0.059005,-0.037678,0.000767
0,0.2625,1,-0.228852,-0.2837,0.098423,0.488429,0.507952,0.455866,0.543699,-0.021676,-0.020109,0.262127,0.997546,0.059005,-0.037678,0.000767
0,0.2625,1,-0.228852,-0.2837,0.098423,0.488429,0.507952,0.455866,0.543699,-0.021676,-0.020109,0.262127,0.997546,0.059005,-0.037678,0.000767
0,0.2625,1,-0.227658,-0.283604,0.098272,0.492183,0.499704,0.453105,0.550225,-0.02159,-0.019955,0.260932,0.997154,0.057669,-0.0483,0.004959
0,0.2625,1,-0.22905,-0.283769,0.098418,0.488528,0.52262,0.457557,0.528062,-0.021743,-0.020106,0.262325,-0.99801,-0.057564,0.021809,0.013669
0,0.2625,1,-0.22905,-0.283769,0.098418,0.488528,0.52262,0.457557,0.528062,-0.021743,-0.020106,0.262325,-0.99801,-0.057564,0.021809,0.013669
0,0.2625,1,-0.228852,-0.2837,0.098423,0.488429,0.507952,0.455866,0.543699,-0.021676,-0.020109,0.262127,0.997546,0.059005,-0.037678,0.000767
0,0.2625,1,-0.228852,-0.2837,0.098423,0.488429,0.507952,0.455866,0.543699,-0.021676,-0.020109,0.262127,0.997546,0.059005,-0.037678,0.000767
0,0.2625,1,-0.228852,-0.2837,0.098423,0.488429,0.507952,0.455866,0.543699,-0.021676,-0.020109,0.262127,0.997546,0.059005,-0.037678,0.000767
0,0.2625,1,-0.228852,-0.2837,0.098423,0.488429,0.507952,0.455866,0.543699,-0.021676,-0.020109,0.262127,0.997546,0.059005,-0.037678,0.000767
0,0.2625,1,-0.228852,-0.2837,0.098423,0.488429,0.507952,0.455866,0.543699,-0.021676,-0.020109,0.262127,0.997546,0.059005,-0.037678,0.000767
0,0.2625,1,-0.228852,-0.2837,0.098423,0.488429,0.507952,0.455866,0.543699,-0.021676,-0.020109,0.262127,0.997546,0.059005,-0.037678,0.000767
0,0.2625,1,-0.228852,-0.2837,0.098423,0.488429,0.507952,0.455866,0.543699,-0.021676,-0.020109,0.262127,0.997546,0.059005,-0.037678,0.000767
0,0.2625,1,-0.227658,-0.283604,0.098272,0.492183,0.499704,0.453105,0.550225,-0.02159,-0.019955,0.260932,0.997154,0.057669,-0.0483,0.004959
0,0.2625,1,-0.228852,-0.2837,0.098423,0.488429,0.507952,0.455866,0.543699,-0.021676,-0.020109,0.262127,0.997546,0.059005,-0.037678,0.000767
0,0.2625,1,-0.22905,-0.283769,0.098418,0.488528,0.52262,0.457557,0.528062,-0.021743,-0.020106,0.262325,-0.99801,-0.057564,0.021809,0.013669
0,0.2625,1,-0.228852,-0.2837,0.098423,0.488429,0.507952,0.455866,0.543699,-0.021676,-0.020109,0.262127,0.997546,0.059005,-0.037678,0.000767
0,0.2625,1,-0.227986,-0.283683,0.09828,0.490744,0.513969,0.456745,0.535154,-0.021666,-0.019965,0.261261,-0.997912,-0.056112,0.031161,0.007257
0,0.2625,1,-0.228852,-0.2837,0.098423,0.488429,0.507952,0.455866,0.543699,-0.021676,-0.020109,0.262127,0.997546,0.059005,-0.037678,0.000767
0,0.2625,1,-0.22905,-0.283769,0.098418,0.488528,0.52262,0.457557,0.528062,-0.021743,-0.020106,0.262325,-0.99801,-0.057564,0.021809,0.013669
0,0.2625,1,-0.22905,-0.283769,0.098418,0.488528,0.52262,0.457557,0.528062,-0.021743,-0.020106,0.262325,-0.99801,-0.057564,0.021809,0.013669
0,0.2625,1,-0.227986,-0.283683,0.09828,0.490744,0.513969,0.456745,0.535154,-0.021666,-0.019965,0.261261,-0.997912,-0.056112,0.031161,0.007257
0,0.2625,1,-0.22905,-0.283769,0.098418,0.488528,0.52262,0.457557,0.528062,-0.021743,-0.020106,0.262325,-0.99801,-0.057564,0.021809,0.013669
0,0.2625,1,-0.228852,-0.2837,0.098423,0.488429,0.507952,0.455866,0.543699,-0.021676,-0.020109,0.262127,0.997546,0.059005,-0.037678,0.000767
0,0.2625,1,-0.228852,-0.2837,0.098423,0.488429,0.507952,0.455866,0.543699,-0.021676,-0.020109,0.262127,0.997546,0.059005,-0.037678,0.000767
0,0.2625,1,-0.227986,-0.283683,0.09828,0.490744,0.513969,0.456745,0.535154,-0.021666,-0.019965,0.261261,-0.997912,-0.056112,0.031161,0.007257
0,0.2625,1,-0.228852,-0.2837,0.098423,0.488429,0.507952,0.455866,0.543699,-0.021676,-0.020109,0.262127,0.997546,0.059005,-0.037678,0.000767
0,0.2625,1,-0.22905,-0.283769,0.098418,0.488528,0.52262,0.457557,0.528062,-0.021743,-0.020106,0.262325,-0.99801,-0.057564,0.021809,0.013669
0,0.2625,1,-0.229599,-0.283743,0.09834,0.479672,0.518347,0.465747,0.533208,-0.021714,-0.020028,0.262874,0.998134,0.058377,-0.017925,-0.00046
0,0.2625,1,-0.227986,-0.283683,0.09828,0.490744,0.513969,0.456745,0.535154,-0.021666,-0.019965,0.261261,-0.997912,-0.056112,0.031161,0.007257
0,0.2625,1,-0.228632,-0.28377,0.098407,0.495893,0.49966,0.445406,0.553211,-0.021747,-0.020094,0.261908,0.996584,0.061123,-0.055537,0.000795
0,0.2625,1,-0.227986,-0.283683,0.09828,0.490744,0.513969,0.456745,0.535154,-0.021666,-0.019965,0.261261,-0.997912,-0.056112,0.031161,0.007257
0,0.2625,1,-0.227658,-0.283604,0.098272,0.492183,0.499704,0.453105,0.550225,-0.02159,-0.019955,0.260932,0.997154,0.057669,-0.0483,0.004959
0,0.225,2,-0.22798,-0.295019,0.09601,-0.475504,-0.557452,-0.444648,-0.5152,-0.005051,0.003604,0.184656,-0.998127,-0.024988,-0.045135,0.032881
0,0.225,2,-0.227292,-0.295123,0.096015,0.501402,0.538775,0.420552,0.530522,-0.005102,0.003607,0.183962,-0.998802,-0.022741,-0.00362,0.043171
0,0.225,2,-0.227571,-0.295176,0.096146,0.498979,0.489826,0.421438,0.577478,-0.00519,0.003483,0.184236,0.998753,0.020716,-0.04526,0.003883
0,0.225,2,-0.227876,-0.29494,0.096062,0.479076,0.547295,0.44434,0.522988,-0.00497,0.003544,0.184558,-0.998833,-0.021886,-0.033893,0.026544
0,0.225,2,-0.227286,-0.295154,0.096051,0.515037,0.532114,0.404952,0.536288,-0.005136,0.003574,0.183953,-0.998192,-0.023658,0.016779,0.052636
0,0.225,2,-0.227436,-0.29489,0.096098,-0.446467,-0.559603,-0.471793,-0.514707,-0.004891,0.0035,0.184124,-0.996983,-0.02577,-0.073072,0.004552
0,0.225,2,-0.22798,-0.295019,0.09601,-0.475504,-0.557452,-0.444648,-0.5152,-0.005051,0.003604,0.184656,-0.998127,-0.024988,-0.045135,0.032881
0,0.225,2,-0.227292,-0.295123,0.096015,0.501402,0.538775,0.420552,0.530522,-0.005102,0.003607,0.183962,-0.998802,-0.022741,-0.00362,0.043171
0,0.225,2,-0.227934,-0.295014,0.096024,0.483806,0.539895,0.437508,0.532007,-0.005044,0.003589,0.184611,-0.999217,-0.023657,-0.019795,0.024787
0,0.225,2,-0.227228,-0.294932,0.096023,-0.466493,-0.559905,-0.45758,-0.509422,-0.004909,0.003578,0.183912,-0.997662,-0.021106,-0.059842,0.025381
0,0.225,2,-0.227934,-0.295014,0.096024,0.483806,0.539895,0.437508,0.532007,-0.005044,0.003589,0.184611,-0.999217,-0.023657,-0.019795,0.024787
0,0.225,2,-0.227195,-0.29492,0.09617,0.435311,0.560693,0.484162,0.511581,-0.00491,0.00343,0.18388,0.99596,0.023813,0.08639,0.005751
0,0.225,2,-0.228167,-0.294998,0.095961,0.483073,0.546517,0.437174,0.526154,-0.005039,0.003651,0.184844,-0.998876,-0.024811,-0.026529,0.03044
0,0.225,2,-0.227693,-0.294995,0.09604,0.4854,0.529493,0.436788,0.541517,-0.005008,0.00357,0.184372,-0.999576,-0.02244,-0.008242,0.016625
0,0.225,2,-0.227278,-0.294882,0.096062,-0.469709,-0.558307,-0.456483,-0.509205,-0.004867,0.003534,0.183966,-0.997818,-0.019189,-0.057085,0.027068
0,0.225,2,-0.227693,-0.294995,0.09604,0.4854,0.529493,0.436788,0.541517,-0.005008,0.00357,0.184372,-0.999576,-0.02244,-0.008242,0.016625
0,0.225,2,-0.227934,-0.295014,0.096024,0.483806,0.539895,0.437508,0.532007,-0.005044,0.003589,0.184611,-0.999217,-0.023657,-0.019795,0.024787
0,0.225,2,-0.226997,-0.295035,0.095981,0.509488,0.547148,0.416294,0.517446,-0.004989,0.00363,0.183674,-0.997977,-0.019145,-0.009039,0.059954
0,0.225,2,-0.227535,-0.295116,0.095952,0.504776,0.541206,0.418067,0.526799,-0.005108,0.003669,0.184206,-0.998541,-0.021889,-0.004076,0.049198
0,0.225,2,-0.228167,-0.294998,0.095961,0.483073,0.546517,0.437174,0.526154,-0.005039,0.003651,0.184844,-0.998876,-0.024811,-0.026529,0.03044
0,0.225,2,-0.227934,-0.295014,0.096024,0.483806,0.539895,0.437508,0.532007,-0.005044,0.003589,0.184611,-0.999217,-0.023657,-0.019795,0.024787
0,0.225,2,-0.227571,-0.295176,0.096146,0.498979,0.489826,0.421438,0.577478,-0.00519,0.003483,0.184236,0.998753,0.020716,-0.04526,0.003883
0,0.225,2,-0.227693,-0.294995,0.09604,0.4854,0.529493,0.436788,0.541517,-0.005008,0.00357,0.184372,-0.999576,-0.02244,-0.008242,0.016625
0,0.225,2,-0.227934,-0.295014,0.096024,0.483806,0.539895,0.437508,0.532007,-0.005044,0.003589,0.184611,-0.999217,-0.023657,-0.019795,0.024787
0,0.225,2,-0.227804,-0.294895,0.096117,0.463293,0.528907,0.460707,0.541633,-0.004926,0.003484,0.18449,0.999321,0.020395,0.029652,0.00784
0,0.225,2,-0.227535,-0.295116,0.095952,0.504776,0.541206,0.418067,0.526799,-0.005108,0.003669,0.184206,-0.998541,-0.021889,-0.004076,0.049198
0,0.225,2,-0.227571,-0.295176,0.096146,0.498979,0.489826,0.421438,0.577478,-0.00519,0.003483,0.184236,0.998753,0.020716,-0.04526,0.003883
0,0.225,2,-0.227693,-0.294995,0.09604,0.4854,0.529493,0.436788,0.541517,-0.005008,0.00357,0.184372,-0.999576,-0.02244,-0.008242,0.016625
0,0.225,2,-0.227637,-0.295115,0.095885,0.508293,0.547527,0.41324,0.520659,-0.005107,0.003736,0.184307,-0.997943,-0.023056,-0.006657,0.059443
0,0.225,2,-0.227003,-0.295044,0.095914,0.515593,0.551956,0.408628,0.512378,-0.004992,0.003697,0.18368,-0.997181,-0.020288,-0.007683,0.071831
0,0.225,2,-0.228167,-0.294998,0.095961,0.483073,0.546517,0.437174,0.526154,-0.005039,0.003651,0.184844,-0.998876,-0.024811,-0.026529,0.03044
0,0.225,2,-0.227132,-0.294981,0.095983,-0.462732,-0.562693,-0.459156,-0.508362,-0.004947,0.003622,0.183813,-0.997363,-0.023045,-0.064377,0.024323
0,0.225,2,-0.227103,-0.295004,0.09606,-0.450484,-0.560437,-0.47296,-0.509199,-0.004975,0.003549,0.183783,-0.996914,-0.021012,-0.075067,0.009233
0,0.225,2,-0.227003,-0.295044,0.095914,0.515593,0.551956,0.408628,0.512378,-0.004992,0.003697,0.18368,-0.997181,-0.020288,-0.007683,0.071831
0,0.225,2,-0.227003,-0.295044,0.095914,0.515593,0.551956,0.408628,0.512378,-0.004992,0.003697,0.18368,-0.997181,-0.020288,-0.007683,0.071831
0,0.225,2,-0.227449,-0.295088,0.09585,0.49355,0.556109,0.429531,0.512498,-0.005062,0.003768,0.184122,-0.997993,-0.022183,-0.030156,0.051076
0,0.225,2,-0.227226,-0.295099,0.095886,0.513292,0.543667,0.409071,0.523085,-0.005061,0.003732,0.183899,-0.997875,-0.021993,0.000989,0.061331
0,0.225,2,-0.226971,-0.294909,0.095891,-0.447901,-0.5724,-0.473858,-0.497193,-0.004853,0.003705,0.183658,-0.995583,-0.022268,-0.089271,0.018702
0,0.225,2,-0.227298,-0.294985,0.095814,0.483987,0.554615,0.442399,0.512291,-0.004945,0.003792,0.183979,-0.998258,-0.0192,-0.040113,0.038778
0,0.225,2,-0.22699,-0.295019,0.095884,0.501727,0.555115,0.42424,0.510037,-0.004963,0.003724,0.183669,-0.997771,-0.019313,-0.024553,0.058963
0,0.225,2,-0.227924,-0.294987,0.095856,-0.477397,-0.559084,-0.444732,-0.511596,-0.004998,0.003753,0.184603,-0.997962,-0.023152,-0.047032,0.03638
0,0.225,2,-0.227556,-0.295206,0.096038,0.496843,0.503017,0.428042,0.56294,-0.005207,0.003594,0.184219,-0.999474,-0.018099,0.026503,0.00474
0,0.225,2,-0.227844,-0.295053,0.096149,0.45996,0.491044,0.45839,0.580682,-0.005089,0.003468,0.184517,0.998688,0.022439,-0.010355,0.044852
0,0.225,2,-0.22773,-0.294829,0.096081,0.433203,0.518833,0.48562,0.554365,-0.004851,0.003512,0.18442,0.997648,0.022911,0.043618,0.047658
0,0.225,2,-0.227479,-0.294939,0.095953,-0.459951,-0.549139,-0.462105,-0.52283,-0.004928,0.003649,0.184163,-0.998335,-0.022747,-0.052385,0.008056
0,0.225,2,-0.227226,-0.295099,0.095886,0.513292,0.543667,0.409071,0.523085,-0.005061,0.003732,0.183899,-0.997875,-0.021993,0.000989,0.061331
0,0.225,2,-0.2284,-0.295009,0.095894,0.492938,0.545753,0.42814,0.525226,-0.00506,0.00372,0.185076,-0.998737,-0.02393,-0.017668,0.040492
0,0.225,2,-0.227298,-0.294985,0.095814,0.483987,0.554615,0.442399,0.512291,-0.004945,0.003792,0.183979,-0.998258,-0.0192,-0.040113,0.038778
0,0.225,2,-0.227946,-0.294975,0.095972,0.484565,0.538339,0.436712,0.533545,-0.005,0.003636,0.184626,-0.999277,-0.023638,-0.017433,0.024143
0,0.225,2,-0.227545,-0.294915,0.095814,-0.462642,-0.570221,-0.460808,-0.498463,-0.004894,0.003786,0.184231,-0.996499,-0.021403,-0.07434,0.031719
0,0.225,2,-0.227859,-0.294999,0.09603,0.465222,0.5271,0.462881,0.539885,-0.005024,0.003581,0.184537,0.99939,0.016554,0.029747,0.007852
0,0.225,2,-0.22763,-0.294893,0.095933,-0.450882,-0.566218,-0.468311,-0.506742,-0.004891,0.003666,0.184316,-0.996594,-0.025067,-0.076991,0.015634
0,0.225,2,-0.227867,-0.294961,0.095871,0.478988,0.547282,0.444408,0.523024,-0.00497,0.003735,0.184548,-0.998834,-0.021902,-0.033941,0.026438
0,0.225,2,-0.22699,-0.295019,0.095884,0.501727,0.555115,0.42424,0.510037,-0.004963,0.003724,0.183669,-0.997771,-0.019313,-0.024553,0.058963
0,0.225,2,-0.227867,-0.294961,0.095871,0.478988,0.547282,0.444408,0.523024,-0.00497,0.003735,0.184548,-0.998834,-0.021902,-0.033941,0.026438
0,0.225,2,-0.227994,-0.294927,0.09593,0.496812,0.547161,0.42733,0.520751,-0.004952,0.003674,0.184677,-0.998554,-0.021071,-0.018546,0.045848
0,0.225,2,-0.227397,-0.295021,0.095892,-0.458117,-0.564671,-0.460499,-0.509133,-0.004996,0.003719,0.184075,-0.997125,-0.025974,-0.067815,0.021651
0,0.225,2,-0.227479,-0.294939,0.095953,-0.459951,-0.549139,-0.462105,-0.52283,-0.004928,0.003649,0.184163,-0.998335,-0.022747,-0.052385,0.008056
0,0.225,2,-0.227226,-0.295099,0.095886,0.513292,0.543667,0.409071,0.523085,-0.005061,0.003732,0.183899,-0.997875,-0.021993,0.000989,0.061331
0,0.225,2,-0.227449,-0.295088,0.09585,0.49355,0.556109,0.429531,0.512498,-0.005062,0.003768,0.184122,-0.997993,-0.022183,-0.030156,0.051076
0,0.225,2,-0.227203,-0.294936,0.095848,0.487702,0.556769,0.440624,0.507942,-0.004893,0.003753,0.183888,-0.998005,-0.01737,-0.04093,0.044814
0,0.225,2,-0.227226,-0.295099,0.095886,0.513292,0.543667,0.409071,0.523085,-0.005061,0.003732,0.183899,-0.997875,-0.021993,0.000989,0.061331
0,0.225,2,-0.227637,-0.295115,0.095885,0.508293,0.547527,0.41324,0.520659,-0.005107,0.003736,0.184307,-0.997943,-0.023056,-0.006657,0.059443
0,0.225,2,-0.227636,-0.294859,0.095959,-0.447585,-0.55206,-0.472825,-0.520897,-0.004861,0.003636,0.184325,0.997547,0.023741,0.065833,0.001827
0,0.225,2,-0.227196,-0.29507,0.095855,0.498652,0.54882,0.425484,0.518754,-0.005026,0.00376,0.18387,-0.998376,-0.021053,-0.018718,0.049519
0,0.225,2,-0.227196,-0.29507,0.095855,0.498652,0.54882,0.425484,0.518754,-0.005026,0.00376,0.18387,-0.998376,-0.021053,-0.018718,0.049519
0,0.225,2,-0.228132,-0.294988,0.095902,0.495616,0.538704,0.426459,0.531315,-0.00502,0.003709,0.184811,-0.999032,-0.022784,-0.008708,0.036609
0,0.225,2,-0.227813,-0.294904,0.095908,0.479911,0.550146,0.445505,0.518218,-0.004914,0.003693,0.184499,-0.998622,-0.020066,-0.038055,0.030046
0,0.225,2,-0.22758,-0.294884,0.095825,-0.464447,-0.559252,-0.460532,-0.509349,-0.004867,0.003771,0.184268,-0.997624,-0.020183,-0.061904,0.022512
0,0.225,2,-0.228132,-0.294988,0.095902,0.495616,0.538704,0.426459,0.531315,-0.00502,0.003709,0.184811,-0.999032,-0.022784,-0.008708,0.036609
0,0.225,2,-0.227637,-0.295115,0.095885,0.508293,0.547527,0.41324,0.520659,-0.005107,0.003736,0.184307,-0.997943,-0.023056,-0.006657,0.059443
0,0.225,2,-0.227267,-0.294751,0.095951,-0.441009,-0.55983,-0.482775,-0.50895,-0.004725,0.003631,0.183966,-0.996264,-0.020062,-0.083987,-0.001047
0,0.225,2,-0.227867,-0.294961,0.095871,0.478988,0.547282,0.444408,0.523024,-0.00497,0.003735,0.184548,-0.998834,-0.021902,-0.033941,0.026438
0,0.225,2,-0.227298,-0.294985,0.095814,0.483987,0.554615,0.442399,0.512291,-0.004945,0.003792,0.183979,-0.998258,-0.0192,-0.040113,0.038778
0,0.225,2,-0.227269,-0.294879,0.095738,-0.481936,-0.566245,-0.440979,-0.502635,-0.00483,0.003856,0.183958,-0.997246,-0.02235,-0.051562,0.048405
0,0.225,2,-0.227867,-0.294961,0.095871,0.478988,0.547282,0.444408,0.523024,-0.00497,0.003735,0.184548,-0.998834,-0.021902,-0.033941,0.026438
0,0.225,2,-0.227196,-0.29507,0.095855,0.498652,0.54882,0.425484,0.518754,-0.005026,0.00376,0.18387,-0.998376,-0.021053,-0.018718,0.049519
0,0.225,2,-0.227628,-0.294973,0.095934,0.478793,0.542046,0.445693,0.527543,-0.004971,0.003673,0.184308,-0.999126,-0.020778,-0.029524,0.021084
0,0.225,2,-0.227867,-0.294961,0.095871,0.478988,0.547282,0.444408,0.523024,-0.00497,0.003735,0.184548,-0.998834,-0.021902,-0.033941,0.026438
0,0.225,2,-0.227196,-0.29507,0.095855,0.498652,0.54882,0.425484,0.518754,-0.005026,0.00376,0.18387,-0.998376,-0.021053,-0.018718,0.049519
0,0.225,2,-0.228132,-0.294988,0.095902,0.495616,0.538704,0.426459,0.531315,-0.00502,0.003709,0.184811,-0.999032,-0.022784,-0.008708,0.036609
0,0.225,2,-0.2284,-0.295009,0.095894,0.492938,0.545753,0.42814,0.525226,-0.00506,0.00372,0.185076,-0.998737,-0.02393,-0.017668,0.040492
0,0.225,2,-0.228356,-0.29486,0.096013,0.454013,0.535321,0.465596,0.539003,-0.004921,0.003586,0.185043,0.998795,0.024399,0.041085,0.011162
0,0.225,2,-0.227003,-0.295044,0.095914,0.515593,0.551956,0.408628,0.512378,-0.004992,0.003697,0.18368,-0.997181,-0.020288,-0.007683,0.071831
0,0.225,2,-0.22758,-0.294884,0.095825,-0.464447,-0.559252,-0.460532,-0.509349,-0.004867,0.003771,0.184268,-0.997624,-0.020183,-0.061904,0.022512
0,0.225,2,-0.226551,-0.294816,0.09595,-0.440928,-0.57077,-0.481486,-0.497972,-0.004736,0.003635,0.183247,-0.995211,-0.021205,-0.094902,0.009921
0,0.225,2,-0.227298,-0.294985,0.095814,0.483987,0.554615,0.442399,0.512291,-0.004945,0.003792,0.183979,-0.998258,-0.0192,-0.040113,0.038778
0,0.225,2,-0.227591,-0.294992,0.095913,-0.475647,-0.559059,-0.447553,-0.510793,-0.004984,0.003695,0.18427,-0.997932,-0.022128,-0.049605,0.034383
0,0.225,2,-0.227196,-0.29507,0.095855,0.498652,0.54882,0.425484,0.518754,-0.005026,0.00376,0.18387,-0.998376,-0.021053,-0.018718,0.049519
0,0.225,2,-0.227209,-0.295004,0.095954,-0.468061,-0.547529,-0.461361,-0.517954,-0.004972,0.003654,0.183889,-0.998518,-0.01604,-0.049936,0.014511
0,0.225,2,-0.227226,-0.295099,0.095886,0.513292,0.543667,0.409071,0.523085,-0.005061,0.003732,0.183899,-0.997875,-0.021993,0.000989,0.061331
0,0.225,2,-0.227226,-0.295099,0.095886,0.513292,0.543667,0.409071,0.523085,-0.005061,0.003732,0.183899,-0.997875,-0.021993,0.000989,0.061331
0,0.225,2,-0.227196,-0.29507,0.095855,0.498652,0.54882,0.425484,0.518754,-0.005026,0.00376,0.18387,-0.998376,-0.021053,-0.018718,0.049519
0,0.225,2,-0.227867,-0.294961,0.095871,0.478988,0.547282,0.444408,0.523024,-0.00497,0.003735,0.184548,-0.998834,-0.021902,-0.033941,0.026438
0,0.225,2,-0.227298,-0.294985,0.095814,0.483987,0.554615,0.442399,0.512291,-0.004945,0.003792,0.183979,-0.998258,-0.0192,-0.040113,0.038778
0,0.225,2,-0.227196,-0.29507,0.095855,0.498652,0.54882,0.425484,0.518754,-0.005026,0.00376,0.18387,-0.998376,-0.021053,-0.018718,0.049519
0,0.225,2,-0.227445,-0.294932,0.095786,-0.459665,-0.562961,-0.463044,-0.507319,-0.004901,0.003815,0.18413,-0.997188,-0.022142,-0.068353,0.021319
0,0.225,2,-0.227656,-0.294834,0.095865,-0.467877,-0.556894,-0.459262,-0.50994,-0.004828,0.003727,0.184347,-0.997861,-0.018245,-0.058141,0.023662
0,0.225,2,-0.227545,-0.294915,0.095814,-0.462642,-0.570221,-0.460808,-0.498463,-0.004894,0.003786,0.184231,-0.996499,-0.021403,-0.07434,0.031719
0,0.225,2,-0.22758,-0.294884,0.095825,-0.464447,-0.559252,-0.460532,-0.509349,-0.004867,0.003771,0.184268,-0.997624,-0.020183,-0.061904,0.022512
0,0.225,2,-0.227628,-0.294973,0.095934,0.478793,0.542046,0.445693,0.527543,-0.004971,0.003673,0.184308,-0.999126,-0.020778,-0.029524,0.021084
0,0.225,2,-0.227656,-0.294834,0.095865,-0.467877,-0.556894,-0.459262,-0.50994,-0.004828,0.003727,0.184347,-0.997861,-0.018245,-0.058141,0.023662
0,0.225,2,-0.227449,-0.295088,0.09585,0.49355,0.556109,0.429531,0.512498,-0.005062,0.003768,0.184122,-0.997993,-0.022183,-0.030156,0.051076
0,0.1875,3,-0.229522,-0.297456,0.094141,0.478515,0.559859,0.437806,0.515662,0.006841,0.002325,0.145614,-0.999917,-0.007469,-0.008477,0.006191
0,0.1875,3,-0.229502,-0.297652,0.094315,0.498698,0.499077,0.414421,0.574872,0.006622,0.00218,0.145602,0.996769,0.005292,-0.075849,0.025886
0,0.1875,3,-0.229694,-0.297461,0.094189,-0.466517,-0.55554,-0.450784,-0.520126,0.006827,0.00229,0.145788,0.999793,0.007191,0.015341,0.011238
0,0.1875,3,-0.229105,-0.297435,0.094169,-0.465612,-0.566006,-0.450281,-0.509991,0.006861,0.002263,0.1452,0.99961,0.008537,0.026506,0.001919
0,0.1875,3,-0.229456,-0.297359,0.09447,0.448269,0.537148,0.471387,0.536956,0.00689,0.001981,0.145572,0.998715,0.005033,0.014536,0.048285
0,0.1875,3,-0.22968,-0.297389,0.094157,-0.470547,-0.560945,-0.445167,-0.515513,0.006904,0.002311,0.145774,0.999832,0.008476,0.016194,0.001444
0,0.1875,3,-0.229267,-0.29763,0.094363,0.478988,0.510469,0.436561,0.56516,0.006639,0.002112,0.145371,0.998216,0.005823,-0.045201,0.038578
0,0.1875,3,-0.229091,-0.29739,0.093971,0.507187,0.573465,0.419129,0.488088,0.006934,0.002451,0.145173,-0.998665,0.004149,-0.009026,0.050682
0,0.1875,3,-0.229701,-0.297435,0.094118,-0.479874,-0.556172,-0.448754,-0.508934,0.006864,0.002357,0.145791,-0.999878,0.003719,-0.014944,0.00251
0,0.1875,3,-0.22931,-0.297533,0.094112,0.490307,0.559717,0.426324,0.514358,0.006771,0.002349,0.145399,-0.999794,-0.006322,0.00163,0.019195
0,0.1875,3,-0.228839,-0.297412,0.09403,-0.457656,-0.578467,-0.463798,-0.490733,0.006906,0.002378,0.144926,-0.998556,-0.003403,-0.053602,0.001321
0,0.1875,3,-0.229282,-0.297364,0.094226,0.4482,0.54039,0.469167,0.535703,0.006922,0.00221,0.145382,0.998832,0.00724,0.015869,0.045067
0,0.1875,3,-0.229522,-0.297456,0.094141,0.478515,0.559859,0.437806,0.515662,0.006841,0.002325,0.145614,-0.999917,-0.007469,-0.008477,0.006191
0,0.1875,3,-0.229526,-0.297462,0.094314,0.461882,0.532746,0.453452,0.545187,0.00681,0.002155,0.14563,0.999246,0.008388,-0.006942,0.037275
0,0.1875,3,-0.229513,-0.297658,0.094296,0.497764,0.511958,0.417852,0.56172,0.006618,0.0022,0.145612,0.998065,0.004444,-0.059859,0.016221
0,0.1875,3,-0.229544,-0.297516,0.094099,0.484468,0.559342,0.429921,0.517296,0.006788,0.002376,0.145632,-0.999882,-0.008771,-0.000875,0.012599
0,0.1875,3,-0.229146,-0.297459,0.094415,0.438022,0.516365,0.476319,0.560914,0.006802,0.002028,0.145258,0.996986,0.00862,-0.002526,0.077064
0,0.1875,3,-0.22882,-0.297431,0.094211,-0.466408,-0.555637,-0.450942,-0.519982,0.006861,0.002201,0.144919,0.999789,0.007152,0.015595,0.011269
0,0.1875,3,-0.229496,-0.297487,0.094328,0.462901,0.524431,0.450046,0.555116,0.006783,0.002142,0.1456,0.998834,0.009961,-0.018814,0.04334
0,0.1875,3,-0.229155,-0.297403,0.094256,0.467625,0.54023,0.451519,0.534423,0.00688,0.002177,0.145257,0.999681,0.005108,-0.000606,0.024725
0,0.1875,3,-0.229906,-0.297542,0.094281,0.490155,0.531895,0.425132,0.544149,0.006733,0.002226,0.146005,0.99941,0.006721,-0.032967,0.006893
0,0.1875,3,-0.229442,-0.297411,0.094361,0.445537,0.540215,0.469295,0.537985,0.006855,0.002095,0.14555,0.998692,0.009557,0.015761,0.047702
0,0.1875,3,-0.229513,-0.297658,0.094296,0.497764,0.511958,0.417852,0.56172,0.006618,0.0022,0.145612,0.998065,0.004444,-0.059859,0.016221
0,0.1875,3,-0.229016,-0.297469,0.094419,0.453866,0.512436,0.460425,0.565176,0.006792,0.002016,0.145128,0.99769,0.008166,-0.021577,0.063889
0,0.1875,3,-0.229282,-0.297364,0.094226,0.4482,0.54039,0.469167,0.535703,0.006922,0.00221,0.145382,0.998832,0.00724,0.015869,0.045067
0,0.1875,3,-0.229309,-0.297393,0.094264,0.450486,0.541212,0.468629,0.533422,0.006887,0.002179,0.145411,0.998964,0.005655,0.016281,0.042118
0,0.1875,3,-0.229694,-0.297461,0.094189,-0.466517,-0.55554,-0.450784,-0.520126,0.006827,0.00229,0.145788,0.999793,0.007191,0.015341,0.011238
0,0.1875,3,-0.229503,-0.297448,0.094284,0.461519,0.52675,0.451652,0.552761,0.006829,0.002181,0.145604,0.998923,0.009966,-0.014929,0.042779
0,0.1875,3,-0.229525,-0.297402,0.094197,-0.471774,-0.555757,-0.446292,-0.519025,0.006886,0.002262,0.145621,0.999899,0.006259,0.01157,0.005409
0,0.1875,3,-0.230084,-0.297477,0.094256,0.474903,0.54386,0.440912,0.533179,0.006799,0.002255,0.146182,0.999866,0.007834,-0.00637,0.012913
0,0.1875,3,-0.229596,-0.29749,0.094217,0.474851,0.550627,0.442978,0.524497,0.006795,0.00226,0.145692,0.999953,0.006227,0.002938,0.006896
0,0.1875,3,-0.229834,-0.29749,0.094205,0.472025,0.547103,0.441508,0.531922,0.006796,0.002289,0.145929,0.999865,0.010116,-0.002435,0.0127
0,0.1875,3,-0.229503,-0.297511,0.094369,0.463289,0.525244,0.453136,0.551497,0.006753,0.002106,0.145609,0.998949,0.006938,-0.015082,0.042727
0,0.1875,3,-0.228712,-0.297332,0.094064,-0.460858,-0.568372,-0.46074,-0.502277,0.006981,0.002325,0.144802,0.999214,0.003449,0.039123,0.005365
0,0.1875,3,-0.229479,-0.297289,0.09416,-0.458686,-0.561023,-0.46203,-0.511262,0.007003,0.002279,0.145575,0.999371,0.004383,0.031948,0.014785
0,0.1875,3,-0.229226,-0.297309,0.094091,-0.461108,-0.567059,-0.45724,-0.506709,0.006996,0.002331,0.145317,0.999376,0.006452,0.034205,0.006033
0,0.1875,3,-0.22909,-0.297432,0.09422,-0.463723,-0.543869,-0.455644,-0.530618,0.006856,0.002212,0.145189,0.999634,0.005186,0.00709,0.025576
0,0.1875,3,-0.229596,-0.29749,0.094217,0.474851,0.550627,0.442978,0.524497,0.006795,0.00226,0.145692,0.999953,0.006227,0.002938,0.006896
0,0.1875,3,-0.229525,-0.297402,0.094197,-0.471774,-0.555757,-0.446292,-0.519025,0.006886,0.002262,0.145621,0.999899,0.006259,0.01157,0.005409
0,0.1875,3,-0.229368,-0.297431,0.094167,0.471321,0.549906,0.44573,0.526103,0.006863,0.002284,0.145463,0.9999,0.007094,0.004568,0.011337
0,0.1875,3,-0.228933,-0.297637,0.094022,0.517656,0.549231,0.400743,0.519407,0.006683,0.002425,0.145015,-0.998594,-0.001767,0.034278,0.040403
0,0.1875,3,-0.229522,-0.297456,0.094141,0.478515,0.559859,0.437806,0.515662,0.006841,0.002325,0.145614,-0.999917,-0.007469,-0.008477,0.006191
0,0.1875,3,-0.229522,-0.297456,0.094141,0.478515,0.559859,0.437806,0.515662,0.006841,0.002325,0.145614,-0.999917,-0.007469,-0.008477,0.006191
0,0.1875,3,-0.22939,-0.297621,0.094091,0.502436,0.545676,0.416341,0.525791,0.006686,0.002389,0.145475,-0.999487,-0.00311,0.025383,0.01927
0,0.1875,3,-0.228821,-0.297363,0.094034,-0.47003,-0.577152,-0.452236,-0.491376,0.006954,0.002366,0.144909,-0.999048,-0.002269,-0.041521,0.013215
0,0.1875,3,-0.229246,-0.29738,0.094239,-0.458394,-0.541492,-0.460007,-0.533905,0.006904,0.002197,0.145346,0.999388,0.006145,0.008507,0.03338
0,0.1875,3,-0.229114,-0.29743,0.094187,-0.463472,-0.560711,-0.45727,-0.511567,0.006863,0.002246,0.14521,0.999571,0.004214,0.027208,0.009966
0,0.1875,3,-0.229296,-0.29745,0.094032,-0.476547,-0.571099,-0.441577,-0.501756,0.006865,0.002415,0.145381,-0.99957,-0.005887,-0.024649,0.014773
0,0.1875,3,-0.228919,-0.297449,0.094267,-0.456195,-0.544952,-0.466488,-0.526596,0.006834,0.002156,0.145021,0.999282,0.00243,0.018422,0.033025
0,0.1875,3,-0.229674,-0.297439,0.094228,0.47678,0.540922,0.438838,0.536196,0.006844,0.002247,0.145771,0.999813,0.007792,-0.011384,0.013552
0,0.1875,3,-0.229325,-0.297471,0.094162,0.483146,0.558673,0.43549,0.51459,0.006825,0.002292,0.145418,-0.999924,-0.005085,-0.005287,0.009866
0,0.1875,3,-0.229246,-0.29738,0.094239,-0.458394,-0.541492,-0.460007,-0.533905,0.006904,0.002197,0.145346,0.999388,0.006145,0.008507,0.03338
0,0.1875,3,-0.229358,-0.297535,0.094318,0.467406,0.54313,0.447728,0.534865,0.006738,0.002149,0.14546,0.999725,0.008796,-0.001075,0.021692
0,0.1875,3,-0.229376,-0.297289,0.09412,-0.463518,-0.57136,-0.455635,-0.501094,0.00701,0.002311,0.145469,-0.999274,-0.005565,-0.037687,0.000712
0,0.1875,3,-0.229026,-0.297482,0.094308,0.446373,0.539994,0.468486,0.538218,0.006795,0.002127,0.14513,0.998739,0.009515,0.014759,0.047033
0,0.1875,3,-0.229525,-0.297402,0.094197,-0.471774,-0.555757,-0.446292,-0.519025,0.006886,0.002262,0.145621,0.999899,0.006259,0.01157,0.005409
0,0.1875,3,-0.228828,-0.297491,0.094077,-0.474831,-0.560322,-0.444122,-0.513157,0.006821,0.002343,0.144916,-0.999874,-0.005327,-0.01477,0.002221
0,0.1875,3,-0.22931,-0.297533,0.094112,0.490307,0.559717,0.426324,0.514358,0.006771,0.002349,0.145399,-0.999794,-0.006322,0.00163,0.019195
0,0.1875,3,-0.229596,-0.29749,0.094217,0.474851,0.550627,0.442978,0.524497,0.006795,0.00226,0.145692,0.999953,0.006227,0.002938,0.006896
0,0.1875,3,-0.229525,-0.297402,0.094197,-0.471774,-0.555757,-0.446292,-0.519025,0.006886,0.002262,0.145621,0.999899,0.006259,0.01157,0.005409
0,0.1875,3,-0.229228,-0.297418,0.094292,0.457839,0.536894,0.461953,0.537334,0.006859,0.002149,0.145332,0.999236,0.004728,0.005418,0.038422
0,0.1875,3,-0.229559,-0.297528,0.094173,0.475362,0.554567,0.442585,0.520196,0.006765,0.002306,0.145651,0.999954,0.006159,0.006935,0.002598
0,0.1875,3,-0.22887,-0.297549,0.094248,-0.474975,-0.556356,-0.443896,-0.517516,0.006739,0.002185,0.144969,0.999933,0.005371,0.010141,0.001435
0,0.1875,3,-0.229122,-0.297371,0.094085,-0.4672,-0.564684,-0.451927,-0.508545,0.006937,0.002339,0.145212,0.999626,0.005532,0.026707,0.001882
0,0.1875,3,-0.229246,-0.29738,0.094239,-0.458394,-0.541492,-0.460007,-0.533905,0.006904,0.002197,0.145346,0.999388,0.006145,0.008507,0.03338
0,0.1875,3,-0.228803,-0.297331,0.094044,-0.449875,-0.574133,-0.471518,-0.495636,0.006984,0.002351,0.144892,0.998371,0.00373,0.055817,0.011246
0,0.1875,3,-0.229045,-0.297738,0.094357,0.506932,0.49811,0.399092,0.579338,0.006535,0.002118,0.145148,0.995778,0.010245,-0.089842,0.015771
0,0.1875,3,-0.229525,-0.297402,0.094197,-0.471774,-0.555757,-0.446292,-0.519025,0.006886,0.002262,0.145621,0.999899,0.006259,0.01157,0.005409
0,0.1875,3,-0.229398,-0.297359,0.094298,0.443338,0.531558,0.472484,0.545579,0.006915,0.002147,0.145502,0.998231,0.008273,0.009599,0.058084
0,0.1875,3,-0.229332,-0.297666,0.094218,0.500096,0.524142,0.410417,0.553839,0.006623,0.002265,0.145426,0.998505,0.009441,-0.053815,0.001743
0,0.1875,3,-0.229339,-0.297414,0.094338,0.466842,0.525295,0.452099,0.5493,0.006855,0.002111,0.145445,0.999093,0.004582,-0.015917,0.039226
0,0.1875,3,-0.229492,-0.297624,0.094312,0.502076,0.514576,0.411719,0.560017,0.00665,0.002178,0.145592,0.997995,0.005779,-0.062426,0.008633
0,0.1875,3,-0.229522,-0.297456,0.094141,0.478515,0.559859,0.437806,0.515662,0.006841,0.002325,0.145614,-0.999917,-0.007469,-0.008477,0.006191
0,0.1875,3,-0.229484,-0.297484,0.094249,0.487913,0.534101,0.427674,0.542007,0.006798,0.002219,0.145583,0.999545,0.006751,-0.028427,0.007448
0,0.1875,3,-0.229368,-0.297431,0.094167,0.471321,0.549906,0.44573,0.526103,0.006863,0.002284,0.145463,0.9999,0.007094,0.004568,0.011337
0,0.1875,3,-0.229143,-0.297663,0.094344,0.481005,0.517268,0.436054,0.557607,0.006609,0.002127,0.145246,0.998772,0.004933,-0.038652,0.030602
0,0.1875,3,-0.229376,-0.297477,0.09417,0.486908,0.553192,0.436446,0.516154,0.006817,0.002288,0.14547,-0.999967,-0.000563,-0.000381,0.008124
0,0.1875,3,-0.229428,-0.297567,0.094297,0.481831,0.522161,0.436514,0.551944,0.006709,0.00218,0.145529,0.999116,0.004107,-0.033139,0.025532
0,0.1875,3,-0.229906,-0.297542,0.094281,0.490155,0.531895,0.425132,0.544149,0.006733,0.002226,0.146005,0.99941,0.006721,-0.032967,0.006893
0,0.1875,3,-0.229395,-0.297534,0.094157,0.500137,0.546817,0.415435,0.527511,0.006762,0.002311,0.145487,-0.999498,-0.006154,0.025157,0.018243
0,0.1875,3,-0.229608,-0.297448,0.094303,-0.456899,-0.545503,-0.463344,-0.528187,0.006825,0.00217,0.145711,0.999366,0.004646,0.016006,0.031458
0,0.1875,3,-0.229124,-0.297492,0.09398,0.513413,0.569511,0.409071,0.494697,0.006832,0.00246,0.145205,-0.998503,0.001334,0.004265,0.054506
0,0.1875,3,-0.229228,-0.297418,0.094292,0.457839,0.536894,0.461953,0.537334,0.006859,0.002149,0.145332,0.999236,0.004728,0.005418,0.038422
0,0.1875,3,-0.229136,-0.297554,0.094144,0.493844,0.555285,0.423324,0.51824,0.006747,0.002308,0.145227,-0.999766,-0.00551,0.009076,0.018852
0,0.1875,3,-0.229368,-0.297431,0.094167,0.471321,0.549906,0.44573,0.526103,0.006863,0.002284,0.145463,0.9999,0.007094,0.004568,0.011337
0,0.1875,3,-0.229404,-0.297506,0.094234,0.496791,0.549227,0.420824,0.523884,0.006779,0.002232,0.145501,-0.999696,-0.004754,0.017833,0.016359
0,0.1875,3,-0.22915,-0.297414,0.094126,-0.463719,-0.571033,-0.456258,-0.500714,0.006887,0.002307,0.145242,-0.999268,-0.004805,-0.037938,0.000514
0,0.1875,3,-0.229522,-0.297456,0.094141,0.478515,0.559859,0.437806,0.515662,0.006841,0.002325,0.145614,-0.999917,-0.007469,-0.008477,0.006191
0,0.1875,3,-0.229466,-0.297634,0.09427,0.487995,0.534094,0.427593,0.542004,0.006646,0.002219,0.145564,0.999544,0.006744,-0.028504,0.007362
0,0.1875,3,-0.229525,-0.297402,0.094197,-0.471774,-0.555757,-0.446292,-0.519025,0.006886,0.002262,0.145621,0.999899,0.006259,0.01157,0.005409
0,0.1875,3,-0.22969,-0.297436,0.094118,-0.473251,-0.561668,-0.442411,-0.514621,0.006863,0.002357,0.14578,-0.999857,-0.00838,-0.014536,0.002225
0,0.1875,3,-0.229235,-0.297551,0.094269,0.486613,0.523972,0.430828,0.550498,0.006731,0.002192,0.145335,0.999162,0.004675,-0.03626,0.018425
0,0.1875,3,-0.22944,-0.297439,0.094209,-0.458473,-0.546591,-0.459352,-0.529184,0.006849,0.002249,0.145537,0.999482,0.006823,0.013401,0.02845
0,0.1875,3,-0.228407,-0.297353,0.094274,0.439439,0.538737,0.478414,0.536447,0.006932,0.002098,0.144512,0.998156,0.006771,0.022933,0.05579
0,0.1875,3,-0.229368,-0.297431,0.094167,0.471321,0.549906,0.44573,0.526103,0.006863,0.002284,0.145463,0.9999,0.007094,0.004568,0.011337
0,0.1875,3,-0.229383,-0.297471,0.094234,0.469257,0.541793,0.449119,0.533433,0.006814,0.002225,0.145481,0.999754,0.005778,-0.001128,0.021391
0,0.1875,3,-0.229234,-0.297462,0.094193,0.479587,0.544915,0.437869,0.530411,0.00683,0.002254,0.14533,0.999926,0.006132,-0.007837,0.007004
0,0.1875,3,-0.229234,-0.297462,0.094193,0.479587,0.544915,0.437869,0.530411,0.00683,0.002254,0.14533,0.999926,0.006132,-0.007837,0.007004
0,0.1875,3,-0.229046,-0.297437,0.094177,-0.458002,-0.570335,-0.463579,-0.500047,0.006858,0.002252,0.145142,0.999004,0.003506,0.044,0.006465
0,0.1875,3,-0.229348,-0.297491,0.094264,0.465114,0.531521,0.449274,0.547089,0.00679,0.002196,0.145448,0.999282,0.009033,-0.012067,0.034759
0,0.1875,3,-0.229478,-0.297407,0.09415,-0.462076,-0.551135,-0.454284,-0.525702,0.006889,0.002305,0.145572,0.999672,0.00814,0.013638,0.020106
0,0.1875,3,-0.229246,-0.29738,0.094239,-0.458394,-0.541492,-0.460007,-0.533905,0.006904,0.002197,0.145346,0.999388,0.006145,0.008507,0.03338
0,0.1875,3,-0.229368,-0.297431,0.094167,0.471321,0.549906,0.44573,0.526103,0.006863,0.002284,0.145463,0.9999,0.007094,0.004568,0.011337
0,0.1875,3,-0.229478,-0.297377,0.094319,0.44852,0.538691,0.47123,0.535335,0.006894,0.002135,0.145583,0.998772,0.005007,0.016043,0.046605
0,0.1875,3,-0.22944,-0.297439,0.094209,-0.458473,-0.546591,-0.459352,-0.529184,0.006849,0.002249,0.145537,0.999482,0.006823,0.013401,0.02845
0,0.1875,3,-0.229563,-0.297481,0.094333,0.466993,0.539128,0.453766,0.534187,0.006788,0.002141,0.145668,0.999638,0.00365,0.000315,0.02666
0,0.1875,3,-0.229563,-0.297481,0.094333,0.466993,0.539128,0.453766,0.534187,0.006788,0.002141,0.145668,0.999638,0.00365,0.000315,0.02666
0,0.1875,3,-0.228744,-0.297319,0.09401,-0.460258,-0.576327,-0.46046,-0.49395,0.007001,0.002378,0.144831,-0.998839,-0.004096,-0.047962,0.002009
0,0.1875,3,-0.229368,-0.297431,0.094167,0.471321,0.549906,0.44573,0.526103,0.006863,0.002284,0.145463,0.9999,0.007094,0.004568,0.011337
0,0.1875,3,-0.229591,-0.297389,0.094185,-0.482436,-0.568322,-0.436327,-0.50387,0.0069,0.002277,0.145687,-0.999674,-0.004974,-0.01691,0.018472
0,0.1875,3,-0.229228,-0.297418,0.094292,0.457839,0.536894,0.461953,0.537334,0.006859,0.002149,0.145332,0.999236,0.004728,0.005418,0.038422
0,0.1875,3,-0.229146,-0.297459,0.094415,0.438022,0.516365,0.476319,0.560914,0.006802,0.002028,0.145258,0.996986,0.00862,-0.002526,0.077064
0,0.15,4,-0.228414,-0.300155,0.089048,-0.472544,-0.556234,-0.450283,-0.514346,0.007919,0.005,0.106248,-0.999891,0.003133,-0.005186,0.013456
0,0.15,4,-0.228697,-0.300079,0.089278,-0.456717,-0.546912,-0.46908,-0.521785,0.007963,0.004771,0.106538,0.999829,-0.005284,0.012152,0.012868
0,0.15,4,-0.228856,-0.300271,0.089175,0.482304,0.53507,0.446427,0.530835,0.007792,0.004908,0.106695,-0.99973,0.008852,0.0212,0.003408
0,0.15,4,-0.228419,-0.300084,0.0891,0.482272,0.552629,0.446533,0.512468,0.007981,0.004937,0.106255,-0.99976,0.009037,0.001837,0.01986
0,0.15,4,-0.228485,-0.300021,0.089202,-0.449119,-0.550257,-0.475647,-0.518911,0.008029,0.004829,0.106323,0.999594,-0.004305,0.021994,0.017604
0,0.15,4,-0.228909,-0.300195,0.089068,0.48457,0.54481,0.436641,0.526991,0.007884,0.005003,0.106743,-0.999675,0.002163,0.019567,0.016179
0,0.15,4,-0.228996,-0.300057,0.089276,0.457892,0.534914,0.47475,0.528029,0.007989,0.00478,0.106837,0.99964,-0.011665,0.004536,0.023718
0,0.15,4,-0.228377,-0.299911,0.089293,0.437648,0.554827,0.486812,0.513464,0.008122,0.004719,0.106218,0.99896,-0.00421,0.037791,0.025142
0,0.15,4,-0.228712,-0.30018,0.089298,0.471191,0.528219,0.453619,0.541473,0.00786,0.004767,0.106555,0.999636,-0.004895,-0.022242,0.014441
0,0.15,4,-0.228695,-0.300009,0.089224,-0.462033,-0.547115,-0.467446,-0.518348,0.00804,0.004814,0.106535,0.999873,-0.008808,0.010972,0.007486
0,0.15,4,-0.228797,-0.30016,0.089231,0.47279,0.540183,0.458202,0.52414,0.007891,0.004833,0.106638,0.999929,-0.010465,-0.005036,0.00261
0,0.15,4,-0.228701,-0.300236,0.089116,0.486204,0.539826,0.439675,0.52809,0.007833,0.004955,0.106538,-0.999655,0.006476,0.022113,0.012598
0,0.15,4,-0.229024,-0.300235,0.08921,0.48724,0.542582,0.433334,0.52955,0.007824,0.004874,0.106864,-0.999541,0.00177,0.024894,0.017193
0,0.15,4,-0.228804,-0.300289,0.08941,0.462137,0.512968,0.463437,0.555445,0.007737,0.004677,0.106652,0.998832,-0.005849,-0.029233,0.038015
0,0.15,4,-0.228728,-0.300042,0.089141,-0.471412,-0.547594,-0.458413,-0.517464,0.008021,0.004901,0.106564,-0.999946,0.009393,-0.003243,0.003025
0,0.15,4,-0.228737,-0.300024,0.089205,-0.463458,-0.552577,-0.465484,-0.51302,0.008029,0.004835,0.106575,0.999849,-0.008432,0.015203,0.000699
0,0.15,4,-0.228291,-0.299952,0.089222,-0.464255,-0.562131,-0.459393,-0.50738,0.008091,0.004793,0.10613,-0.99974,0.003777,-0.020113,0.010026
0,0.15,4,-0.228858,-0.300155,0.089136,0.490171,0.543239,0.439284,0.521204,0.007912,0.004928,0.106695,-0.999585,0.009982,0.018523,0.019654
0,0.15,4,-0.228573,-0.300102,0.089119,-0.468814,-0.552023,-0.456861,-0.51649,0.007963,0.004927,0.106409,-0.999951,0.005529,-0.006558,0.004977
0,0.15,4,-0.228559,-0.300048,0.089319,0.438332,0.551117,0.48567,0.517937,0.007985,0.00472,0.106402,0.999073,-0.003685,0.032546,0.027924
0,0.15,4,-0.228798,-0.300173,0.089113,0.48055,0.543542,0.445951,0.524177,0.007897,0.004952,0.106635,-0.999852,0.006711,0.012525,0.009695
0,0.15,4,-0.228595,-0.299996,0.089352,0.445736,0.549073,0.484485,0.51489,0.008032,0.004681,0.106439,0.999266,-0.009463,0.029234,0.022894
0,0.15,4,-0.228966,-0.30028,0.089354,0.474037,0.518597,0.44923,0.55185,0.007757,0.004736,0.106812,0.999137,-0.003931,-0.036326,0.01974
0,0.15,4,-0.228643,-0.30015,0.089273,0.479951,0.535902,0.447589,0.53115,0.007892,0.004784,0.106485,-0.999782,0.00764,0.019327,0.001765
0,0.15,4,-0.228803,-0.300199,0.089281,0.473661,0.532314,0.450754,0.537688,0.007845,0.00479,0.106646,0.999748,-0.004555,-0.02047,0.00795
0,0.15,4,-0.228602,-0.300058,0.089217,-0.46732,-0.5465,-0.462935,-0.518305,0.007992,0.004825,0.106442,0.999931,-0.009649,0.006171,0.002493
0,0.15,4,-0.228698,-0.300034,0.089215,-0.458043,-0.546064,-0.470103,-0.52059,0.008017,0.004826,0.106537,0.999818,-0.007486,0.012238,0.012561
0,0.15,4,-0.228739,-0.30004,0.089232,0.457077,0.541135,0.472134,0.524732,0.008009,0.004811,0.106578,0.999758,-0.00844,0.008762,0.01835
0,0.15,4,-0.229021,-0.300188,0.089265,0.476565,0.533381,0.449122,0.535425,0.007862,0.004811,0.106863,0.99976,-0.005821,-0.020746,0.00399
0,0.15,4,-0.229081,-0.300415,0.089181,0.498813,0.508772,0.427454,0.556434,0.007651,0.004932,0.106921,0.997822,-0.008601,-0.065391,0.001375
0,0.15,4,-0.228948,-0.300281,0.089344,0.47849,0.518002,0.449585,0.548265,0.007757,0.004746,0.106794,0.999166,-0.008466,-0.036525,0.016196
0,0.15,4,-0.228883,-0.300151,0.089448,0.45491,0.520574,0.470117,0.54868,0.007868,0.004621,0.106731,0.999118,-0.004913,-0.015135,0.038871
0,0.15,4,-0.228897,-0.30008,0.08925,-0.46813,-0.54369,-0.459865,-0.52324,0.00797,0.004806,0.106738,0.999964,-0.007553,0.000189,0.003958
0,0.15,4,-0.228776,-0.300181,0.089228,0.47918,0.534207,0.447742,0.533419,0.007871,0.004838,0.106617,0.999754,-0.007057,-0.021041,0.000551
0,0.15,4,-0.228665,-0.30011,0.089117,-0.47549,-0.554661,-0.448582,-0.514814,0.007957,0.004934,0.106501,-0.999876,0.004378,-0.001974,0.015004
0,0.15,4,-0.229071,-0.300104,0.089215,0.474825,0.539377,0.4539,0.526866,0.007953,0.00485,0.106911,0.999915,-0.008462,-0.009884,0.000816
0,0.15,4,-0.22874,-0.3001,0.089292,-0.463885,-0.535211,-0.463823,-0.532193,0.007941,0.004762,0.106583,0.999825,-0.007191,-0.005406,0.016379
0,0.15,4,-0.22926,-0.300178,0.089362,0.46435,0.521494,0.465304,0.54398,0.00786,0.004723,0.107105,0.999373,-0.009271,-0.018597,0.028666
0,0.15,4,-0.229178,-0.300217,0.089289,0.47193,0.530351,0.447057,0.544196,0.007832,0.004799,0.107021,0.999604,0.000374,-0.026011,0.010753
0,0.15,4,-0.228648,-0.30011,0.089116,-0.477992,-0.552884,-0.450774,-0.51249,0.007957,0.004934,0.106484,-0.999841,0.008785,-0.002204,0.015391
0,0.15,4,-0.228544,-0.300017,0.089319,0.448485,0.549011,0.480233,0.516551,0.008016,0.004715,0.106387,0.999455,-0.008015,0.025061,0.019919
0,0.15,4,-0.22891,-0.30017,0.089325,0.468414,0.531096,0.457604,0.537702,0.007869,0.004746,0.106754,0.999749,-0.005832,-0.015544,0.015023
0,0.15,4,-0.228936,-0.300009,0.0892,-0.46833,-0.547574,-0.462571,-0.516583,0.008048,0.004845,0.106774,0.999922,-0.010292,0.007052,0.000473
0,0.15,4,-0.228895,-0.300054,0.089168,-0.461154,-0.54957,-0.467145,-0.516803,0.008008,0.004882,0.106733,0.999863,-0.007725,0.013368,0.005948
0,0.15,4,-0.229075,-0.300058,0.089194,-0.465478,-0.545292,-0.464755,-0.519605,0.008002,0.004864,0.106913,0.999917,-0.009566,0.006508,0.005613
0,0.15,4,-0.22907,-0.300073,0.089174,-0.471857,-0.546014,-0.459743,-0.517548,0.00799,0.004886,0.106908,-0.999934,0.011034,-0.002786,0.001773
0,0.15,4,-0.228692,-0.300162,0.089161,0.476687,0.541278,0.45265,0.524306,0.007899,0.004899,0.10653,-0.999915,0.009104,0.008908,0.002903
0,0.15,4,-0.228734,-0.300019,0.089152,-0.473024,-0.549865,-0.453366,-0.518031,0.008042,0.004887,0.106571,-0.999952,0.006312,-0.00104,0.007408
0,0.15,4,-0.228754,-0.300051,0.089244,-0.466592,-0.546164,-0.460777,-0.52123,0.007997,0.004802,0.106594,0.999964,-0.006946,0.003713,0.003207
0,0.15,4,-0.228697,-0.299997,0.089256,0.454686,0.54326,0.474412,0.522553,0.008047,0.00478,0.106537,0.9997,-0.008321,0.01322,0.018876
0,0.15,4,-0.228607,-0.299994,0.089352,0.443103,0.551164,0.482407,0.516876,0.008034,0.004681,0.106451,0.999286,-0.005051,0.029467,0.023113
0,0.15,4,-0.228951,-0.300226,0.089393,0.46861,0.508331,0.458643,0.558257,0.007804,0.004689,0.106798,0.998606,-0.007773,-0.038382,0.035401
0,0.15,4,-0.228737,-0.300085,0.089295,0.455791,0.541998,0.471074,0.52591,0.007955,0.004756,0.10658,0.99977,-0.006241,0.008658,0.018601
0,0.15,4,-0.228575,-0.299894,0.089217,0.447335,0.549864,0.479019,0.517766,0.008154,0.004798,0.106413,0.999475,-0.005798,0.024797,0.020036
0,0.15,4,-0.228663,-0.299964,0.08927,-0.446183,-0.55562,-0.481186,-0.510556,0.008077,0.00476,0.106503,0.999296,-0.00689,0.033309,0.015858
0,0.15,4,-0.228863,-0.300081,0.08927,0.451993,0.545253,0.476978,0.520475,0.007964,0.004785,0.106704,0.999611,-0.008204,0.017825,0.019826
0,0.15,4,-0.228513,-0.300083,0.089065,-0.471872,-0.55667,-0.452672,-0.512389,0.007989,0.004975,0.106347,-0.999874,0.004703,-0.007908,0.012902
0,0.15,4,-0.228827,-0.300142,0.089215,-0.456,-0.543423,-0.471469,-0.523901,0.007912,0.004847,0.106667,0.999774,-0.00681,0.010598,0.017125
0,0.15,4,-0.228734,-0.300019,0.089152,-0.473024,-0.549865,-0.453366,-0.518031,0.008042,0.004887,0.106571,-0.999952,0.006312,-0.00104,0.007408
0,0.15,4,-0.229031,-0.300123,0.089187,0.482862,0.541143,0.447165,0.523499,0.007938,0.004879,0.10687,-0.999808,0.010043,0.013894,0.00947
0,0.15,4,-0.228542,-0.29994,0.089265,-0.450286,-0.552145,-0.477385,-0.514278,0.0081,0.004757,0.106382,0.99953,-0.007079,0.025809,0.014929
0,0.15,4,-0.228631,-0.300022,0.0894,0.449552,0.538115,0.475168,0.531555,0.008,0.004639,0.106477,0.99955,-0.004215,0.008259,0.028516
0,0.15,4,-0.228479,-0.300067,0.08908,-0.470965,-0.551741,-0.45419,-0.51719,0.008002,0.004957,0.106314,-0.999954,0.005122,-0.003804,0.007118
0,0.15,4,-0.228755,-0.300131,0.089177,-0.469563,-0.550409,-0.45093,-0.522707,0.007928,0.004881,0.106593,-0.999987,0.000759,0.000807,0.004995
0,0.15,4,-0.228646,-0.300322,0.089103,0.494181,0.539168,0.430428,0.528975,0.007749,0.004979,0.106484,-0.999282,0.005906,0.030873,0.02115
0,0.15,4,-0.228715,-0.300366,0.089323,0.482228,0.515664,0.438539,0.556085,0.007673,0.004771,0.106561,0.998719,-0.002261,-0.04889,0.012877
0,0.15,4,-0.228948,-0.300229,0.089342,0.468251,0.517813,0.459571,0.549005,0.007809,0.004739,0.106793,0.999207,-0.007839,-0.02773,0.027483
0,0.15,4,-0.228748,-0.300051,0.089193,-0.460461,-0.551737,-0.467217,-0.515044,0.008005,0.004852,0.106587,0.999839,-0.007169,0.015818,0.004549
0,0.15,4,-0.228772,-0.300072,0.089245,-0.457648,-0.547683,-0.471062,-0.518365,0.007976,0.004805,0.106612,0.99979,-0.008026,0.014936,0.011523
0,0.15,4,-0.228918,-0.300093,0.089206,-0.469106,-0.539324,-0.462356,-0.524687,0.007964,0.004852,0.106757,0.999912,-0.010776,-0.00218,0.007468
0,0.15,4,-0.228996,-0.3001,0.089366,0.45126,0.531898,0.47749,0.534277,0.007933,0.004697,0.106841,0.999416,-0.008035,0.003809,0.032983
0,0.15,4,-0.22865,-0.3,0.089227,-0.450303,-0.558581,-0.477283,-0.507361,0.008048,0.004808,0.10649,0.999394,-0.007173,0.032929,0.00872
0,0.15,4,-0.228857,-0.300106,0.089159,0.476911,0.547573,0.451314,0.518686,0.007957,0.004898,0.106694,-0.999919,0.00814,0.003243,0.00923
0,0.15,4,-0.228912,-0.300181,0.089278,0.469318,0.52765,0.46014,0.538143,0.007865,0.004794,0.106754,0.999661,-0.009065,-0.016823,0.017709
0,0.15,4,-0.22844,-0.300041,0.089256,-0.456243,-0.554408,-0.471182,-0.51231,0.008001,0.004778,0.106281,0.999702,-0.00693,0.022483,0.006453
0,0.15,4,-0.228666,-0.300091,0.089092,-0.466323,-0.553473,-0.45869,-0.515572,0.00798,0.004955,0.106501,-0.999933,0.004862,-0.009805,0.003751
0,0.15,4,-0.22871,-0.300115,0.089196,0.467733,0.544864,0.453271,0.528104,0.00794,0.004857,0.106549,0.999985,-0.00112,-0.004759,0.002282
0,0.15,4,-0.228649,-0.300079,0.08927,-0.4621,-0.543906,-0.464498,-0.524283,0.007963,0.004777,0.106491,0.99992,-0.006101,0.004625,0.010055
0,0.15,4,-0.228877,-0.300317,0.089115,0.488302,0.531025,0.436781,0.537398,0.007755,0.004974,0.106715,-0.999375,0.005989,0.034143,0.006957
0,0.15,4,-0.22872,-0.300048,0.089119,-0.468144,-0.558446,-0.455132,-0.511697,0.008018,0.004924,0.106556,-0.999864,0.003433,-0.012058,0.010722
0,0.15,4,-0.228477,-0.300041,0.089248,0.446895,0.547698,0.478867,0.520575,0.008002,0.004787,0.106317,0.999486,-0.005212,0.022247,0.022475
0,0.15,4,-0.228636,-0.300101,0.089262,-0.457199,-0.543476,-0.468023,-0.525887,0.007943,0.004788,0.106477,0.999841,-0.004734,0.007385,0.015505
0,0.15,4,-0.228932,-0.300301,0.089204,0.483072,0.524343,0.444163,0.54261,0.007758,0.004886,0.106772,0.999354,-0.007744,-0.034698,0.005302
0,0.15,4,-0.228517,-0.300045,0.089094,-0.470309,-0.55595,-0.455363,-0.512224,0.008022,0.004941,0.106351,-0.999884,0.005668,-0.009584,0.010354
0,0.15,4,-0.228623,-0.30018,0.089074,0.48178,0.547285,0.445309,0.519679,0.007893,0.004985,0.106458,-0.999828,0.007345,0.008947,0.014488
0,0.15,4,-0.228737,-0.300024,0.089205,-0.463458,-0.552577,-0.465484,-0.51302,0.008029,0.004835,0.106575,0.999849,-0.008432,0.015203,0.000699
0,0.15,4,-0.228859,-0.300047,0.08931,0.449322,0.54233,0.480605,0.522501,0.007992,0.00474,0.106701,0.99947,-0.009085,0.018081,0.025489
0,0.15,4,-0.228681,-0.300055,0.089465,0.442314,0.534471,0.482428,0.534755,0.007958,0.004582,0.106529,0.999149,-0.0043,0.011258,0.039446
0,0.15,4,-0.228824,-0.300098,0.089161,-0.476045,-0.548073,-0.454473,-0.51619,0.007964,0.004894,0.106661,-0.999912,0.010222,-0.000255,0.008431
0,0.15,4,-0.228366,-0.299957,0.089356,0.438903,0.553644,0.487927,0.51261,0.008067,0.004663,0.10621,0.998954,-0.006423,0.03759,0.025233
0,0.15,4,-0.228793,-0.300217,0.08917,0.476393,0.53056,0.452743,0.535331,0.007844,0.004902,0.106632,0.999725,-0.008986,-0.020409,0.007305
0,0.15,4,-0.228841,-0.300221,0.089251,0.470735,0.538073,0.456687,0.529456,0.007829,0.004824,0.106683,0.999916,-0.007113,-0.008835,0.006293
0,0.15,4,-0.228822,-0.300128,0.089224,-0.467389,-0.537084,-0.463396,-0.527591,0.007924,0.004836,0.106663,0.999878,-0.010105,-0.003685,0.011311
0,0.15,4,-0.228639,-0.300039,0.089291,0.449704,0.538173,0.475022,0.531498,0.008,0.00475,0.106481,0.999557,-0.004221,0.008184,0.028303
0,0.15,4,-0.228688,-0.300072,0.089341,0.446053,0.536202,0.481264,0.530951,0.00796,0.004708,0.106532,0.999318,-0.00666,0.012016,0.034285
0,0.15,4,-0.229045,-0.300241,0.089113,0.486166,0.539734,0.440314,0.527687,0.007833,0.004971,0.106881,-0.999665,0.007017,0.021625,0.012373
0,0.15,4,-0.228883,-0.300144,0.089203,-0.469581,-0.542725,-0.46077,-0.522144,0.007913,0.004861,0.106722,0.999946,-0.009772,4.7e-05,0.00362
0,0.15,4,-0.228896,-0.300195,0.089067,0.487087,0.543152,0.43884,0.52455,0.007884,0.005004,0.106731,-0.999655,0.006578,0.019214,0.016679
0,0.15,4,-0.228581,-0.300323,0.088974,0.508747,0.539722,0.417205,0.525183,0.007767,0.005104,0.106414,-0.998387,0.008423,0.041274,0.038075
0,0.15,4,-0.228771,-0.300108,0.08921,-0.459782,-0.549533,-0.467881,-0.517399,0.007946,0.004845,0.106611,0.99985,-0.007104,0.013986,0.007368
0,0.15,4,-0.228952,-0.300061,0.089277,0.469766,0.540655,0.457091,0.527332,0.007985,0.004778,0.106794,0.999951,-0.006553,-0.005686,0.004861
0,0.15,4,-0.228883,-0.300131,0.089328,0.468903,0.536947,0.454934,0.533716,0.007907,0.004736,0.106727,0.999885,-0.00378,-0.011751,0.008788
0,0.15,4,-0.228754,-0.300083,0.089298,0.469788,0.535217,0.459286,0.530941,0.007956,0.004754,0.106596,0.999866,-0.008615,-0.009508,0.010204
0,0.15,4,-0.228702,-0.3002,0.089229,0.477511,0.527396,0.450942,0.538969,0.007851,0.004838,0.106543,0.999602,-0.008479,-0.025414,0.00886
0,0.15,4,-0.228893,-0.30021,0.089385,0.456301,0.514379,0.469658,0.553737,0.00782,0.004692,0.10674,0.998812,-0.006029,-0.022007,0.043058
0,0.15,4,-0.229151,-0.300126,0.089315,0.463744,0.5269,0.463155,0.541114,0.007918,0.004758,0.106994,0.999579,-0.006591,-0.014913,0.024015
0,0.15,4,-0.228913,-0.300124,0.08926,0.469846,0.530439,0.458541,0.536302,0.007924,0.004803,0.106754,0.999746,-0.008051,-0.015333,0.014431
0,0.15,4,-0.229027,-0.300186,0.089356,0.463191,0.526261,0.463076,0.542278,0.00785,0.004722,0.106873,0.999544,-0.006015,-0.015674,0.025095
0,0.15,4,-0.228757,-0.300181,0.089031,-0.479923,-0.554243,-0.445945,-0.513441,0.007901,0.005032,0.10659,-0.999795,0.006245,0.000731,0.019229
0,0.15,4,-0.228725,-0.299932,0.089412,0.432852,0.547351,0.492958,0.519652,0.008088,0.004617,0.106571,0.998658,-0.005481,0.035511,0.037309
0,0.15,4,-0.229106,-0.300101,0.089375,0.459843,0.528524,0.468113,0.538588,0.007932,0.004693,0.106951,0.999574,-0.007441,-0.008593,0.026871
0,0.15,4,-0.228528,-0.299973,0.08923,-0.451713,-0.554692,-0.474885,-0.512598,0.008073,0.004796,0.106368,0.999577,-0.006125,0.026255,0.010869
0,0.15,4,-0.229145,-0.300135,0.089248,0.4733,0.540869,0.457167,0.523875,0.007918,0.004825,0.106986,0.999935,-0.010002,-0.005244,0.001339
0,0.15,4,-0.228828,-0.300258,0.08937,0.472877,0.52435,0.452411,0.544765,0.007774,0.004712,0.106675,0.999478,-0.005496,-0.027408,0.016183
0,0.15,4,-0.228941,-0.300145,0.089207,0.477417,0.541448,0.449626,0.526064,0.007913,0.00486,0.10678,-0.9999,0.00704,0.011525,0.004204
0,0.15,4,-0.22872,-0.300103,0.089401,0.457396,0.533456,0.468821,0.535183,0.00792,0.004654,0.106567,0.999674,-0.005715,-0.002695,0.02472
0,0.15,4,-0.228875,-0.300069,0.08915,-0.471989,-0.544705,-0.458439,-0.519958,0.007995,0.004902,0.106712,-0.99995,0.009938,-0.000108,0.000841
0,0.15,4,-0.228849,-0.300257,0.08937,0.472025,0.514769,0.453951,0.553294,0.007775,0.004712,0.106696,0.998998,-0.006434,-0.036014,0.025797
0,0.15,4,-0.228778,-0.300199,0.089219,0.473645,0.534936,0.45202,0.534024,0.007855,0.00485,0.106619,0.999832,-0.00565,-0.016486,0.005755
0,0.15,4,-0.228713,-0.300057,0.089266,0.455519,0.541841,0.473619,0.524019,0.007987,0.004779,0.106554,0.999719,-0.008359,0.010923,0.01933
0,0.15,4,-0.228876,-0.300119,0.089045,0.482611,0.552632,0.446229,0.51241,0.007962,0.005014,0.106709,-0.999752,0.009088,0.002099,0.020233
0,0.15,5,-0.228659,-0.300156,0.088371,0.475912,0.535881,0.441102,0.540156,0.009015,0.000505,0.108247,-0.999636,-0.009629,0.023807,0.008311
0,0.15,5,-0.228013,-0.299917,0.088438,0.44779,0.539635,0.477384,0.529512,0.009235,0.000394,0.107601,0.999713,0.002538,0.013817,0.019416
0,0.15,5,-0.228021,-0.300044,0.088326,-0.460448,-0.551866,-0.463343,-0.518406,0.009126,0.000523,0.107607,-0.999881,-0.003666,-0.013874,0.005664
0,0.15,5,-0.228432,-0.300121,0.088464,0.473009,0.533541,0.447521,0.539742,0.009034,0.000404,0.108021,-0.999766,-0.006534,0.020484,0.002425
0,0.15,5,-0.228092,-0.300016,0.08845,0.461188,0.535633,0.463927,0.534017,0.009137,0.000398,0.10768,0.999951,0.002606,-0.003185,0.009034
0,0.15,5,-0.228212,-0.30009,0.088303,-0.469437,-0.552688,-0.451678,-0.519762,0.009085,0.000556,0.107798,-0.999839,-0.005965,-0.003987,0.016451
0,0.15,5,-0.228595,-0.300178,0.088503,0.474532,0.521242,0.44462,0.552666,0.008974,0.000376,0.108186,0.9993,0.007479,-0.036003,0.006908
0,0.15,5,-0.228572,-0.300183,0.088452,0.476364,0.528258,0.448159,0.541456,0.008975,0.000427,0.108162,-0.999672,-0.002715,0.025446,0.00061
0,0.15,5,-0.227837,-0.30012,0.08816,-0.478343,-0.553998,-0.447067,-0.514203,0.009071,0.000696,0.107421,-0.999638,-0.001625,-0.001418,0.026829
0,0.15,5,-0.228377,-0.300012,0.088443,0.464105,0.535616,0.457531,0.537017,0.009145,0.000409,0.107965,0.999927,0.005778,-0.009142,0.005446
0,0.15,5,-0.228706,-0.300212,0.088442,0.485527,0.522201,0.430594,0.553316,0.00895,0.000443,0.108295,-0.998804,-0.009675,0.047462,0.006604
0,0.15,5,-0.228339,-0.300061,0.088624,0.454407,0.513318,0.466559,0.558875,0.00907,0.000236,0.10793,0.999048,0.005969,-0.024015,0.035918
0,0.15,5,-0.228453,-0.300056,0.088524,0.454879,0.528975,0.463048,0.546678,0.00909,0.000336,0.108043,0.999679,0.009224,-0.011028,0.020857
0,0.15,5,-0.228427,-0.30001,0.088438,-0.455433,-0.547336,-0.463921,-0.52705,0.009148,0.000415,0.108014,0.999918,0.007953,0.009402,0.003411
0,0.15,5,-0.22833,-0.300325,0.088372,0.493224,0.523918,0.432202,0.543545,0.008844,0.000523,0.107919,-0.998913,-0.000957,0.044085,0.015137
0,0.15,5,-0.227951,-0.300028,0.088347,-0.457771,-0.546358,-0.46639,-0.523851,0.009138,0.000499,0.107538,0.999934,0.003455,0.010685,0.002475
0,0.15,5,-0.228326,-0.30005,0.088703,0.445343,0.514488,0.475842,0.557267,0.00907,0.000156,0.107919,0.998898,0.005778,-0.014017,0.04442
0,0.15,5,-0.228059,-0.29995,0.088447,0.458011,0.536854,0.46702,0.532829,0.009202,0.000391,0.107647,0.999932,0.002713,0.001009,0.011262
0,0.15,5,-0.228238,-0.300002,0.088498,0.454487,0.536137,0.471526,0.5326,0.009145,0.000351,0.107827,0.999864,0.001803,0.004482,0.015777
0,0.15,5,-0.228661,-0.300047,0.088414,0.468628,0.533659,0.450606,0.540879,0.009117,0.000448,0.108249,0.999813,0.007855,-0.017575,0.002025
0,0.15,5,-0.228215,-0.300085,0.08848,0.47025,0.527904,0.452346,0.543659,0.009065,0.00038,0.107804,0.999728,0.004665,-0.022048,0.006064
0,0.15,5,-0.228295,-0.300099,0.088327,-0.468867,-0.54569,-0.453271,-0.526242,0.009074,0.000534,0.107881,-0.999943,-0.005166,0.002197,0.009038
0,0.15,5,-0.228125,-0.300059,0.088408,0.466339,0.537216,0.457835,0.533212,0.0091,0.000446,0.107712,0.999967,0.003399,-0.007133,0.001922
0,0.15,5,-0.228435,-0.300116,0.088315,0.475729,0.53386,0.447281,0.537229,0.00906,0.000551,0.108021,-0.999771,-0.004178,0.020326,0.005306
0,0.15,5,-0.228141,-0.299966,0.08855,0.449734,0.530092,0.471591,0.542535,0.009172,0.000293,0.107731,0.999648,0.00611,-0.001844,0.025738
0,0.15,5,-0.228442,-0.300023,0.088476,0.455335,0.534107,0.461702,0.542431,0.00913,0.000379,0.10803,0.999804,0.010117,-0.006867,0.015541
0,0.15,5,-0.228226,-0.300151,0.088359,0.482393,0.53108,0.440529,0.539616,0.009017,0.000509,0.107814,-0.999512,-0.003943,0.029305,0.01007
0,0.15,5,-0.228253,-0.300034,0.088311,-0.467843,-0.549202,-0.454361,-0.522549,0.00914,0.000541,0.107839,-0.99992,-0.005076,-0.00263,0.011252
0,0.15,5,-0.228408,-0.300154,0.08862,0.464104,0.508505,0.456831,0.563326,0.008979,0.000254,0.108,0.998817,0.005669,-0.037967,0.02985
0,0.15,5,-0.228276,-0.300055,0.088364,-0.464873,-0.544935,-0.458329,-0.526187,0.009112,0.000492,0.107863,-0.999982,-0.004282,-0.001637,0.003877
0,0.15,5,-0.22844,-0.300102,0.088339,0.473996,0.546241,0.446446,0.526911,0.00907,0.000525,0.108027,-0.99983,-0.006557,0.007817,0.015371
0,0.15,5,-0.228155,-0.300131,0.088465,0.462981,0.524094,0.46278,0.544801,0.009021,0.0004,0.107744,0.999704,0.001847,-0.016454,0.017824
0,0.15,5,-0.228313,-0.300239,0.08831,0.493212,0.530077,0.428956,0.540145,0.008938,0.000571,0.107901,-0.998944,-0.003972,0.040509,0.021313
0,0.15,5,-0.22822,-0.300016,0.088253,-0.472055,-0.553706,-0.449124,-0.518518,0.009165,0.000595,0.107805,-0.999774,-0.005795,-0.002795,0.020259
0,0.15,5,-0.228394,-0.30011,0.088419,0.467948,0.535007,0.453767,0.537483,0.009051,0.000447,0.107982,0.999895,0.005616,-0.013244,0.001886
0,0.15,5,-0.228066,-0.300019,0.088367,-0.464027,-0.542021,-0.460251,-0.528262,0.009145,0.00048,0.107653,-0.999994,-0.003327,-0.000266,8e-05
0,0.15,5,-0.228094,-0.299987,0.088415,-0.449749,-0.548991,-0.470558,-0.524319,0.00917,0.000428,0.107681,0.999791,0.007036,0.017467,0.007955
0,0.15,5,-0.228374,-0.300033,0.088418,-0.458966,-0.541727,-0.464514,-0.529254,0.009127,0.000436,0.107962,0.999969,0.004137,0.0039,0.005487
0,0.15,5,-0.228489,-0.300096,0.088569,0.458954,0.520973,0.464637,0.5496,0.009045,0.000298,0.10808,0.999528,0.003807,-0.017966,0.024627
0,0.15,5,-0.22775,-0.299962,0.088451,0.442163,0.552101,0.482937,0.516186,0.009186,0.000384,0.107338,0.99937,0.002304,0.032771,0.013415
0,0.15,5,-0.228137,-0.300047,0.08852,0.453106,0.531785,0.47205,0.537651,0.009096,0.000334,0.107727,0.999773,0.002578,0.000342,0.021152
0,0.15,5,-0.227505,-0.299932,0.088448,0.438644,0.554478,0.487922,0.511935,0.009214,0.000378,0.107093,0.999078,0.000723,0.040269,0.014884
0,0.15,5,-0.228405,-0.300073,0.088495,0.45241,0.532566,0.465612,0.543051,0.009077,0.000366,0.107994,0.999742,0.009205,-0.004841,0.020195
0,0.15,5,-0.228535,-0.300146,0.088471,0.463923,0.522669,0.45755,0.549764,0.009009,0.000402,0.108124,0.999572,0.005722,-0.022758,0.017472
0,0.15,5,-0.228578,-0.300174,0.088528,0.470652,0.516066,0.45049,0.556076,0.008975,0.000351,0.108168,0.999204,0.005646,-0.036045,0.016103
0,0.15,5,-0.228236,-0.300008,0.088524,0.450712,0.531375,0.473699,0.538617,0.009136,0.000326,0.107825,0.999707,0.003259,0.001478,0.023943
0,0.15,5,-0.228588,-0.300135,0.088425,0.465519,0.537626,0.456238,0.534881,0.009027,0.000447,0.108176,0.999948,0.005645,-0.008184,0.002079
0,0.15,5,-0.22825,-0.300079,0.088357,-0.459758,-0.543871,-0.46205,-0.528523,0.009089,0.000501,0.107837,0.999973,0.005668,0.003911,0.002408
0,0.15,5,-0.227966,-0.300137,0.088337,0.474998,0.545521,0.447859,0.525553,0.00903,0.000524,0.107553,-0.999845,-0.004308,0.007267,0.015435
0,0.15,5,-0.227912,-0.3001,0.088249,-0.467736,-0.553556,-0.458075,-0.514749,0.00908,0.000605,0.107497,-0.999829,-0.001602,-0.010918,0.014835
0,0.15,5,-0.228409,-0.30021,0.088326,0.492447,0.534768,0.430577,0.534904,0.008965,0.000553,0.107997,-0.999109,-0.003296,0.034097,0.024643
0,0.15,5,-0.22801,-0.300025,0.088275,-0.463674,-0.555249,-0.459097,-0.515688,0.009151,0.000571,0.107595,-0.999819,-0.00448,-0.013656,0.012487
0,0.15,5,-0.228051,-0.300101,0.088541,0.453735,0.525231,0.471688,0.543845,0.009039,0.000319,0.107641,0.999621,0.002237,-0.006917,0.026538
0,0.15,5,-0.228274,-0.30005,0.088383,-0.465068,-0.538759,-0.466225,-0.525438,0.009114,0.000472,0.107861,0.999988,-0.003208,0.002376,0.00279
0,0.15,5,-0.228443,-0.300115,0.088418,0.466939,0.525899,0.450605,0.549866,0.009046,0.000449,0.108032,0.999568,0.009305,-0.02574,0.010686
0,0.15,5,-0.228507,-0.299952,0.088491,0.442336,0.530227,0.478514,0.542423,0.009198,0.000356,0.108096,0.999414,0.00647,0.00493,0.033263
0,0.15,5,-0.228252,-0.300024,0.088331,-0.467127,-0.54347,-0.463197,-0.521422,0.009146,0.000519,0.107838,-0.999978,0.002385,-0.004666,0.003978
0,0.15,5,-0.22756,-0.299923,0.088329,-0.44439,-0.560215,-0.479182,-0.50898,0.00924,0.000496,0.107145,0.99926,0.003532,0.038162,0.003107
0,0.15,5,-0.228228,-0.299955,0.088437,0.450477,0.539131,0.468362,0.535766,0.0092,0.000405,0.107816,0.99982,0.008494,0.004728,0.016273
0,0.15,5,-0.22842,-0.299933,0.08834,-0.456043,-0.547755,-0.465702,-0.52451,0.009237,0.000501,0.108006,0.999914,0.005707,0.011543,0.002675
0,0.15,5,-0.227877,-0.299874,0.088265,-0.443269,-0.562698,-0.478476,-0.507882,0.009301,0.000557,0.10746,0.999175,0.005159,0.040253,0.001658
0,0.15,5,-0.228242,-0.299955,0.088436,0.45317,0.537238,0.470457,0.533556,0.009201,0.000406,0.107829,0.999856,0.004032,0.004657,0.015831
0,0.15,5,-0.228374,-0.300033,0.088418,-0.458966,-0.541727,-0.464514,-0.529254,0.009127,0.000436,0.107962,0.999969,0.004137,0.0039,0.005487
0,0.15,5,-0.228161,-0.299943,0.088401,-0.449515,-0.55225,-0.471419,-0.520308,0.009217,0.000437,0.107748,0.999727,0.006375,0.021861,0.005169
0,0.15,5,-0.228097,-0.299974,0.0883,-0.456228,-0.55266,-0.466804,-0.518186,0.009199,0.000541,0.107682,-0.999827,-0.004391,-0.017972,0.002039
0,0.15,5,-0.227662,-0.299885,0.088381,-0.441928,-0.562972,-0.48374,-0.503743,0.009271,0.000441,0.107248,0.998949,0.001326,0.045705,0.003153
0,0.15,5,-0.228345,-0.300106,0.088631,0.44735,0.510095,0.473583,0.561605,0.009025,0.000235,0.107937,0.998702,0.00584,-0.020656,0.046193
0,0.15,5,-0.228363,-0.300262,0.088399,0.485267,0.518911,0.437479,0.551234,0.008902,0.000487,0.107952,-0.998989,-0.003694,0.044742,0.002198
0,0.15,5,-0.228242,-0.299955,0.088436,0.45317,0.537238,0.470457,0.533556,0.009201,0.000406,0.107829,0.999856,0.004032,0.004657,0.015831
0,0.15,5,-0.228094,-0.299935,0.088377,-0.455166,-0.553973,-0.465505,-0.518886,0.009227,0.000459,0.10768,-0.99981,-0.006584,-0.018171,0.002462
0,0.15,5,-0.228386,-0.300118,0.088347,0.476011,0.533303,0.456578,0.529658,0.009053,0.000519,0.107973,-0.999906,0.00463,0.012328,0.003702
0,0.15,5,-0.228259,-0.300073,0.08854,0.451492,0.527808,0.472765,0.542279,0.00907,0.00032,0.107849,0.999641,0.003359,-0.003175,0.026382
0,0.15,5,-0.228242,-0.299955,0.088436,0.45317,0.537238,0.470457,0.533556,0.009201,0.000406,0.107829,0.999856,0.004032,0.004657,0.015831
0,0.15,5,-0.228442,-0.300265,0.088581,0.472671,0.508181,0.448458,0.563223,0.008876,0.000309,0.108034,0.998711,0.005253,-0.04594,0.020913
0,0.15,5,-0.228315,-0.300029,0.088416,0.463665,0.525934,0.455618,0.548471,0.009131,0.000438,0.107903,0.999642,0.007804,-0.02112,0.014454
0,0.15,5,-0.228255,-0.300088,0.088334,-0.463394,-0.547939,-0.45509,-0.527183,0.009083,0.000525,0.107841,-0.999944,-0.008647,-0.001856,0.005771
0,0.15,5,-0.228093,-0.299956,0.088423,-0.452902,-0.551268,-0.468789,-0.520788,0.0092,0.000416,0.10768,0.999813,0.005694,0.018294,0.002641
0,0.15,5,-0.228181,-0.300096,0.08838,-0.463793,-0.542114,-0.458701,-0.529719,0.009068,0.00048,0.107768,-0.999987,-0.004986,0.001086,0.000159
0,0.15,5,-0.228242,-0.299955,0.088436,0.45317,0.537238,0.470457,0.533556,0.009201,0.000406,0.107829,0.999856,0.004032,0.004657,0.015831
0,0.15,5,-0.228172,-0.300041,0.088358,-0.465334,-0.54528,-0.456122,-0.52734,0.009125,0.000494,0.107759,-0.99997,-0.005889,4.6e-05,0.004935
0,0.15,5,-0.228203,-0.299898,0.088343,-0.451156,-0.549623,-0.472147,-0.521008,0.009269,0.00049,0.107788,0.999778,0.004204,0.01968,0.006238
0,0.15,5,-0.22783,-0.29998,0.088229,-0.459929,-0.562665,-0.463881,-0.506645,0.0092,0.000607,0.107414,-0.999525,-0.003261,-0.026408,0.015567
0,0.15,5,-0.228469,-0.300035,0.088375,0.465186,0.54014,0.454877,0.533796,0.009132,0.000481,0.108056,-0.999951,-0.007213,0.006753,0.000147
0,0.15,5,-0.228609,-0.300082,0.088589,0.457292,0.514684,0.461486,0.559477,0.009057,0.000279,0.108201,0.999104,0.007998,-0.027316,0.031307
0,0.15,5,-0.228295,-0.300017,0.088483,0.457378,0.538596,0.462956,0.535155,0.009133,0.000368,0.107883,0.999928,0.007083,-0.000931,0.009678
0,0.15,5,-0.228456,-0.300139,0.088419,0.474154,0.529249,0.447378,0.543072,0.009023,0.000452,0.108044,0.999669,0.005529,-0.02514,0.000428
0,0.15,5,-0.228189,-0.299972,0.088243,-0.463443,-0.555705,-0.463989,-0.511005,0.00921,0.000599,0.107773,-0.99975,-7.6e-05,-0.018812,0.012114
0,0.15,5,-0.227867,-0.300021,0.088318,-0.464068,-0.548811,-0.45981,-0.521557,0.009147,0.000526,0.107453,-0.999945,-0.003604,-0.007243,0.006601
0,0.15,5,-0.228193,-0.299985,0.088364,-0.463579,-0.542311,-0.458914,-0.529519,0.00918,0.00048,0.107779,-0.999987,-0.004989,0.000675,0.000115
0,0.15,5,-0.228173,-0.299923,0.088356,-0.452054,-0.554626,-0.467879,-0.518774,0.009243,0.00048,0.107758,-0.999751,-0.007267,-0.021119,-0.000107
0,0.15,5,-0.228272,-0.30006,0.088387,0.467819,0.533703,0.458028,0.535272,0.009103,0.000469,0.107859,0.999934,0.001812,-0.010691,0.003829
0,0.15,5,-0.22867,-0.300112,0.088437,0.467622,0.529407,0.450137,0.546291,0.009049,0.000434,0.108258,0.999682,0.009165,-0.022493,0.006787
0,0.15,5,-0.228194,-0.300189,0.088366,0.47958,0.533894,0.444676,0.535932,0.008978,0.000507,0.107782,-0.999697,-0.002886,0.0226,0.009363
0,0.15,5,-0.228243,-0.299977,0.08845,0.456468,0.539879,0.468607,0.529693,0.009177,0.000395,0.10783,0.999929,0.002671,0.005749,0.010074
0,0.15,5,-0.228217,-0.299998,0.088432,0.45454,0.528479,0.465744,0.545148,0.009159,0.000416,0.107805,0.999692,0.007049,-0.009051,0.02201
0,0.15,5,-0.227523,-0.299936,0.088409,-0.445514,-0.561046,-0.480428,-0.505899,0.009216,0.000418,0.10711,0.999185,0.001231,0.040326,0.001369
0,0.15,5,-0.227961,-0.300081,0.088155,-0.473211,-0.55996,-0.450973,-0.509058,0.009112,0.000697,0.107544,-0.999561,-0.002741,-0.011529,0.027166
0,0.15,5,-0.22809,-0.299921,0.088484,0.447246,0.54419,0.476295,0.526281,0.009226,0.000351,0.107678,0.999715,0.004035,0.017706,0.015505
0,0.15,5,-0.227868,-0.299887,0.088198,-0.461205,-0.567711,-0.462023,-0.501526,0.009297,0.000626,0.10745,-0.999291,-0.003537,-0.030377,0.021959
0,0.15,5,-0.228253,-0.300034,0.088311,-0.467843,-0.549202,-0.454361,-0.522549,0.00914,0.000541,0.107839,-0.99992,-0.005076,-0.00263,0.011252
0,0.15,5,-0.228194,-0.300118,0.088179,0.487481,0.547279,0.434224,0.523734,0.009074,0.000682,0.107778,-0.999354,-0.004727,0.017476,0.031039
0,0.15,5,-0.227962,-0.300037,0.088521,0.455135,0.538116,0.473342,0.528423,0.009104,0.000328,0.107552,0.999873,-0.000511,0.008329,0.013556
0,0.15,5,-0.22854,-0.300072,0.088501,0.466989,0.525626,0.459591,0.5426,0.009078,0.000362,0.108129,0.999766,0.001059,-0.017795,0.012256
0,0.15,5,-0.228235,-0.299985,0.088368,-0.460163,-0.545074,-0.464056,-0.525164,0.00918,0.000477,0.107821,0.999968,0.003401,0.007107,0.001158
0,0.15,5,-0.228448,-0.300195,0.08836,0.48349,0.5321,0.437035,0.54047,0.008976,0.000518,0.108036,-0.99941,-0.006061,0.031364,0.012608
0,0.15,5,-0.228155,-0.300042,0.088338,-0.469505,-0.547593,-0.454487,-0.522636,0.009127,0.000513,0.107742,-0.99993,-0.003402,-0.001027,0.011276
0,0.15,5,-0.228514,-0.299969,0.088548,0.450798,0.53121,0.468843,0.54294,0.009174,0.000301,0.108104,0.999692,0.007691,-0.003247,0.023365
0,0.15,5,-0.227899,-0.299926,0.088314,-0.446358,-0.564526,-0.474445,-0.506929,0.009243,0.000517,0.107484,-0.999237,-0.006025,-0.038426,0.003436
0,0.15,5,-0.228224,-0.30014,0.088276,0.478859,0.544394,0.443994,0.526496,0.009039,0.00059,0.10781,-0.999747,-0.004169,0.011955,0.018598
0,0.15,5,-0.228161,-0.299943,0.088401,-0.449515,-0.55225,-0.471419,-0.520308,0.009217,0.000437,0.107748,0.999727,0.006375,0.021861,0.005169
0,0.15,5,-0.228232,-0.300076,0.08853,0.456467,0.525518,0.464912,0.547106,0.009067,0.00033,0.107822,0.999638,0.005971,-0.012946,0.022824
0,0.15,5,-0.227853,-0.299897,0.088372,-0.453293,-0.555593,-0.473693,-0.511328,0.009262,0.000455,0.107439,-0.999613,-0.000545,-0.027788,0.001321
0,0.15,5,-0.228241,-0.300229,0.088486,0.478981,0.523561,0.444674,0.546559,0.008922,0.000395,0.107831,0.999433,0.003307,-0.033511,0.000676
0,0.15,5,-0.228574,-0.300206,0.088385,0.488176,0.528589,0.431489,0.544147,0.008962,0.000496,0.108162,-0.999072,-0.006514,0.039949,0.014739
0,0.15,5,-0.228353,-0.300024,0.088504,0.451989,0.537685,0.468645,0.535699,0.009124,0.000349,0.107942,0.999839,0.006823,0.003436,0.016266
0,0.15,5,-0.22824,-0.299914,0.088491,-0.451082,-0.548885,-0.478609,-0.515931,0.009233,0.000346,0.107828,0.999654,-0.00185,0.025078,0.007744
0,0.15,5,-0.22843,-0.300042,0.08841,0.475667,0.536447,0.446247,0.535565,0.00912,0.000447,0.108017,-0.999785,-0.005194,0.018517,0.007803
0,0.15,5,-0.228531,-0.300116,0.08839,0.469546,0.534326,0.450356,0.539631,0.009051,0.000479,0.108119,0.999828,0.007225,-0.017089,0.000517
1,0.2625,6,-0.223382,-0.515609,0.094151,0.408041,0.536167,0.472998,0.567715,-0.036878,-0.014493,0.256083,0.992234,0.113222,0.016139,0.048916
1,0.2625,6,-0.223382,-0.515609,0.094151,0.408041,0.536167,0.472998,0.567715,-0.036878,-0.014493,0.256083,0.992234,0.113222,0.016139,0.048916
1,0.2625,6,-0.222839,-0.515544,0.094259,0.411497,0.528055,0.469558,0.575624,-0.036812,-0.014602,0.255541,0.992131,0.113106,0.004689,0.053499
1,0.2625,6,-0.224009,-0.515686,0.094258,0.399296,0.539249,0.480182,0.564977,-0.036954,-0.014599,0.256711,0.991625,0.114185,0.027022,0.05395
1,0.2625,6,-0.221977,-0.515432,0.094143,0.418468,0.52304,0.46406,0.579622,-0.036702,-0.014487,0.254679,0.992356,0.111853,-0.006054,0.051791
1,0.2625,6,-0.223382,-0.515609,0.094151,0.408041,0.536167,0.472998,0.567715,-0.036878,-0.014493,0.256083,0.992234,0.113222,0.016139,0.048916
1,0.2625,6,-0.223382,-0.515609,0.094151,0.408041,0.536167,0.472998,0.567715,-0.036878,-0.014493,0.256083,0.992234,0.113222,0.016139,0.048916
1,0.2625,6,-0.223382,-0.515609,0.094151,0.408041,0.536167,0.472998,0.567715,-0.036878,-0.014493,0.256083,0.992234,0.113222,0.016139,0.048916
1,0.2625,6,-0.223382,-0.515609,0.094151,0.408041,0.536167,0.472998,0.567715,-0.036878,-0.014493,0.256083,0.992234,0.113222,0.016139,0.048916
1,0.2625,6,-0.223382,-0.515609,0.094151,0.408041,0.536167,0.472998,0.567715,-0.036878,-0.014493,0.256083,0.992234,0.113222,0.016139,0.048916
1,0.2625,6,-0.223382,-0.515609,0.094151,0.408041,0.536167,0.472998,0.567715,-0.036878,-0.014493,0.256083,0.992234,0.113222,0.016139,0.048916
1,0.2625,6,-0.223382,-0.515609,0.094151,0.408041,0.536167,0.472998,0.567715,-0.036878,-0.014493,0.256083,0.992234,0.113222,0.016139,0.048916
1,0.2625,6,-0.222001,-0.515604,0.09405,0.441996,0.524793,0.436491,0.581985,-0.036874,-0.014395,0.254703,0.992391,0.115897,-0.031955,0.026591
1,0.2625,6,-0.223181,-0.515675,0.094198,0.424065,0.528892,0.4591,0.574168,-0.036944,-0.014541,0.255883,0.992882,0.111727,-0.005699,0.040859
1,0.2625,6,-0.223181,-0.515675,0.094198,0.424065,0.528892,0.4591,0.574168,-0.036944,-0.014541,0.255883,0.992882,0.111727,-0.005699,0.040859
1,0.2625,6,-0.222001,-0.515604,0.09405,0.441996,0.524793,0.436491,0.581985,-0.036874,-0.014395,0.254703,0.992391,0.115897,-0.031955,0.026591
1,0.2625,6,-0.222001,-0.515604,0.09405,0.441996,0.524793,0.436491,0.581985,-0.036874,-0.014395,0.254703,0.992391,0.115897,-0.031955,0.026591
1,0.2625,6,-0.222001,-0.515604,0.09405,0.441996,0.524793,0.436491,0.581985,-0.036874,-0.014395,0.254703,0.992391,0.115897,-0.031955,0.026591
1,0.2625,6,-0.222001,-0.515604,0.09405,0.441996,0.524793,0.436491,0.581985,-0.036874,-0.014395,0.254703,0.992391,0.115897,-0.031955,0.026591
1,0.2625,6,-0.222001,-0.515604,0.09405,0.441996,0.524793,0.436491,0.581985,-0.036874,-0.014395,0.254703,0.992391,0.115897,-0.031955,0.026591
1,0.2625,6,-0.222001,-0.515604,0.09405,0.441996,0.524793,0.436491,0.581985,-0.036874,-0.014395,0.254703,0.992391,0.115897,-0.031955,0.026591
1,0.2625,6,-0.222001,-0.515604,0.09405,0.441996,0.524793,0.436491,0.581985,-0.036874,-0.014395,0.254703,0.992391,0.115897,-0.031955,0.026591
1,0.2625,6,-0.222001,-0.515604,0.09405,0.441996,0.524793,0.436491,0.581985,-0.036874,-0.014395,0.254703,0.992391,0.115897,-0.031955,0.026591
1,0.2625,6,-0.221631,-0.515633,0.094033,0.446916,0.51722,0.429097,0.590445,-0.036904,-0.014378,0.254332,0.991585,0.117566,-0.046127,0.028474
1,0.2625,6,-0.222001,-0.515604,0.09405,0.441996,0.524793,0.436491,0.581985,-0.036874,-0.014395,0.254703,0.992391,0.115897,-0.031955,0.026591
1,0.2625,6,-0.222001,-0.515604,0.09405,0.441996,0.524793,0.436491,0.581985,-0.036874,-0.014395,0.254703,0.992391,0.115897,-0.031955,0.026591
1,0.2625,6,-0.222001,-0.515604,0.09405,0.441996,0.524793,0.436491,0.581985,-0.036874,-0.014395,0.254703,0.992391,0.115897,-0.031955,0.026591
1,0.2625,6,-0.222001,-0.515604,0.09405,0.441996,0.524793,0.436491,0.581985,-0.036874,-0.014395,0.254703,0.992391,0.115897,-0.031955,0.026591
1,0.2625,6,-0.222022,-0.515651,0.094136,0.42444,0.524567,0.452817,0.582784,-0.036921,-0.01448,0.254724,0.992056,0.11682,-0.015496,0.044015
1,0.2625,6,-0.222001,-0.515604,0.09405,0.441996,0.524793,0.436491,0.581985,-0.036874,-0.014395,0.254703,0.992391,0.115897,-0.031955,0.026591
1,0.2625,6,-0.222001,-0.515604,0.09405,0.441996,0.524793,0.436491,0.581985,-0.036874,-0.014395,0.254703,0.992391,0.115897,-0.031955,0.026591
1,0.2625,6,-0.222001,-0.515604,0.09405,0.441996,0.524793,0.436491,0.581985,-0.036874,-0.014395,0.254703,0.992391,0.115897,-0.031955,0.026591
1,0.2625,6,-0.222022,-0.515651,0.094136,0.42444,0.524567,0.452817,0.582784,-0.036921,-0.01448,0.254724,0.992056,0.11682,-0.015496,0.044015
1,0.2625,6,-0.222001,-0.515604,0.09405,0.441996,0.524793,0.436491,0.581985,-0.036874,-0.014395,0.254703,0.992391,0.115897,-0.031955,0.026591
1,0.2625,6,-0.222001,-0.515604,0.09405,0.441996,0.524793,0.436491,0.581985,-0.036874,-0.014395,0.254703,0.992391,0.115897,-0.031955,0.026591
1,0.2625,6,-0.222001,-0.515604,0.09405,0.441996,0.524793,0.436491,0.581985,-0.036874,-0.014395,0.254703,0.992391,0.115897,-0.031955,0.026591
1,0.2625,6,-0.222022,-0.515651,0.094136,0.42444,0.524567,0.452817,0.582784,-0.036921,-0.01448,0.254724,0.992056,0.11682,-0.015496,0.044015
1,0.2625,6,-0.222001,-0.515604,0.09405,0.441996,0.524793,0.436491,0.581985,-0.036874,-0.014395,0.254703,0.992391,0.115897,-0.031955,0.026591
1,0.2625,6,-0.222001,-0.515604,0.09405,0.441996,0.524793,0.436491,0.581985,-0.036874,-0.014395,0.254703,0.992391,0.115897,-0.031955,0.026591
1,0.2625,6,-0.222001,-0.515604,0.09405,0.441996,0.524793,0.436491,0.581985,-0.036874,-0.014395,0.254703,0.992391,0.115897,-0.031955,0.026591
1,0.2625,6,-0.222022,-0.515651,0.094136,0.42444,0.524567,0.452817,0.582784,-0.036921,-0.01448,0.254724,0.992056,0.11682,-0.015496,0.044015
1,0.2625,6,-0.222022,-0.515651,0.094136,0.42444,0.524567,0.452817,0.582784,-0.036921,-0.01448,0.254724,0.992056,0.11682,-0.015496,0.044015
1,0.2625,6,-0.222022,-0.515651,0.094136,0.42444,0.524567,0.452817,0.582784,-0.036921,-0.01448,0.254724,0.992056,0.11682,-0.015496,0.044015
1,0.2625,6,-0.222001,-0.515604,0.09405,0.441996,0.524793,0.436491,0.581985,-0.036874,-0.014395,0.254703,0.992391,0.115897,-0.031955,0.026591
1,0.2625,6,-0.222022,-0.515651,0.094136,0.42444,0.524567,0.452817,0.582784,-0.036921,-0.01448,0.254724,0.992056,0.11682,-0.015496,0.044015
1,0.2625,6,-0.222022,-0.515651,0.094136,0.42444,0.524567,0.452817,0.582784,-0.036921,-0.01448,0.254724,0.992056,0.11682,-0.015496,0.044015
1,0.2625,6,-0.221631,-0.515633,0.094033,0.446916,0.51722,0.429097,0.590445,-0.036904,-0.014378,0.254332,0.991585,0.117566,-0.046127,0.028474
1,0.2625,6,-0.220996,-0.515513,0.094013,0.429909,0.518321,0.448762,0.587481,-0.036785,-0.014359,0.253697,0.991985,0.115331,-0.025727,0.044743
1,0.2625,6,-0.221631,-0.515633,0.094033,0.446916,0.51722,0.429097,0.590445,-0.036904,-0.014378,0.254332,0.991585,0.117566,-0.046127,0.028474
1,0.2625,6,-0.222022,-0.515651,0.094136,0.42444,0.524567,0.452817,0.582784,-0.036921,-0.01448,0.254724,0.992056,0.11682,-0.015496,0.044015
1,0.2625,6,-0.222001,-0.515604,0.09405,0.441996,0.524793,0.436491,0.581985,-0.036874,-0.014395,0.254703,0.992391,0.115897,-0.031955,0.026591
1,0.2625,6,-0.222022,-0.515651,0.094136,0.42444,0.524567,0.452817,0.582784,-0.036921,-0.01448,0.254724,0.992056,0.11682,-0.015496,0.044015
1,0.2625,6,-0.222001,-0.515604,0.09405,0.441996,0.524793,0.436491,0.581985,-0.036874,-0.014395,0.254703,0.992391,0.115897,-0.031955,0.026591
1,0.2625,6,-0.222022,-0.515651,0.094136,0.42444,0.524567,0.452817,0.582784,-0.036921,-0.01448,0.254724,0.992056,0.11682,-0.015496,0.044015
1,0.2625,6,-0.222001,-0.515604,0.09405,0.441996,0.524793,0.436491,0.581985,-0.036874,-0.014395,0.254703,0.992391,0.115897,-0.031955,0.026591
1,0.2625,6,-0.222022,-0.515651,0.094136,0.42444,0.524567,0.452817,0.582784,-0.036921,-0.01448,0.254724,0.992056,0.11682,-0.015496,0.044015
1,0.2625,6,-0.222001,-0.515604,0.09405,0.441996,0.524793,0.436491,0.581985,-0.036874,-0.014395,0.254703,0.992391,0.115897,-0.031955,0.026591
1,0.2625,6,-0.222001,-0.515604,0.09405,0.441996,0.524793,0.436491,0.581985,-0.036874,-0.014395,0.254703,0.992391,0.115897,-0.031955,0.026591
1,0.2625,6,-0.222022,-0.515651,0.094136,0.42444,0.524567,0.452817,0.582784,-0.036921,-0.01448,0.254724,0.992056,0.11682,-0.015496,0.044015
1,0.2625,6,-0.222022,-0.515651,0.094136,0.42444,0.524567,0.452817,0.582784,-0.036921,-0.01448,0.254724,0.992056,0.11682,-0.015496,0.044015
1,0.2625,6,-0.222022,-0.515651,0.094136,0.42444,0.524567,0.452817,0.582784,-0.036921,-0.01448,0.254724,0.992056,0.11682,-0.015496,0.044015
1,0.2625,6,-0.222001,-0.515604,0.09405,0.441996,0.524793,0.436491,0.581985,-0.036874,-0.014395,0.254703,0.992391,0.115897,-0.031955,0.026591
1,0.2625,6,-0.222022,-0.515651,0.094136,0.42444,0.524567,0.452817,0.582784,-0.036921,-0.01448,0.254724,0.992056,0.11682,-0.015496,0.044015
1,0.2625,6,-0.220996,-0.515513,0.094013,0.429909,0.518321,0.448762,0.587481,-0.036785,-0.014359,0.253697,0.991985,0.115331,-0.025727,0.044743
1,0.2625,6,-0.222363,-0.51571,0.094055,0.442168,0.536311,0.437927,0.570156,-0.03698,-0.0144,0.255065,0.993056,0.114941,-0.019669,0.015528
1,0.2625,6,-0.222001,-0.515604,0.09405,0.441996,0.524793,0.436491,0.581985,-0.036874,-0.014395,0.254703,0.992391,0.115897,-0.031955,0.026591
1,0.2625,6,-0.222022,-0.515651,0.094136,0.42444,0.524567,0.452817,0.582784,-0.036921,-0.01448,0.254724,0.992056,0.11682,-0.015496,0.044015
1,0.2625,6,-0.222022,-0.515651,0.094136,0.42444,0.524567,0.452817,0.582784,-0.036921,-0.01448,0.254724,0.992056,0.11682,-0.015496,0.044015
1,0.2625,6,-0.222022,-0.515651,0.094136,0.42444,0.524567,0.452817,0.582784,-0.036921,-0.01448,0.254724,0.992056,0.11682,-0.015496,0.044015
1,0.2625,6,-0.222022,-0.515651,0.094136,0.42444,0.524567,0.452817,0.582784,-0.036921,-0.01448,0.254724,0.992056,0.11682,-0.015496,0.044015
1,0.2625,6,-0.222022,-0.515651,0.094136,0.42444,0.524567,0.452817,0.582784,-0.036921,-0.01448,0.254724,0.992056,0.11682,-0.015496,0.044015
1,0.2625,6,-0.222022,-0.515651,0.094136,0.42444,0.524567,0.452817,0.582784,-0.036921,-0.01448,0.254724,0.992056,0.11682,-0.015496,0.044015
1,0.2625,6,-0.221349,-0.515617,0.094022,0.428071,0.528171,0.452526,0.577071,-0.036888,-0.014368,0.25405,0.992683,0.114095,-0.012809,0.037392
1,0.2625,6,-0.222022,-0.515651,0.094136,0.42444,0.524567,0.452817,0.582784,-0.036921,-0.01448,0.254724,0.992056,0.11682,-0.015496,0.044015
1,0.2625,6,-0.222303,-0.515744,0.094141,0.422352,0.534197,0.456739,0.5724,-0.037014,-0.014486,0.255005,0.992612,0.115533,-0.002496,0.03699
1,0.2625,6,-0.222022,-0.515651,0.094136,0.42444,0.524567,0.452817,0.582784,-0.036921,-0.01448,0.254724,0.992056,0.11682,-0.015496,0.044015
1,0.2625,6,-0.222022,-0.515651,0.094136,0.42444,0.524567,0.452817,0.582784,-0.036921,-0.01448,0.254724,0.992056,0.11682,-0.015496,0.044015
1,0.2625,6,-0.222303,-0.515744,0.094141,0.422352,0.534197,0.456739,0.5724,-0.037014,-0.014486,0.255005,0.992612,0.115533,-0.002496,0.03699
1,0.225,7,-0.21613,-0.542282,0.08958,0.398352,0.56834,0.45968,0.554076,-0.010929,0.009007,0.183756,-0.998409,-0.016899,-0.053308,0.007159
1,0.225,7,-0.215999,-0.54217,0.089805,0.334706,0.51759,0.516872,0.594067,-0.010865,0.008773,0.183611,0.993328,0.013734,0.056019,0.099862
1,0.225,7,-0.215973,-0.542448,0.08982,0.408535,0.501857,0.457145,0.610129,-0.011138,0.008823,0.183578,0.998959,0.009833,-0.020425,0.039587
1,0.225,7,-0.216418,-0.542331,0.089585,0.416052,0.560128,0.443068,0.562893,-0.010988,0.008993,0.184041,-0.999255,-0.01763,-0.02881,0.018691
1,0.225,7,-0.216301,-0.542459,0.089821,0.41247,0.503851,0.452464,0.609327,-0.011161,0.008801,0.183905,0.999119,0.010955,-0.022625,0.033598
1,0.225,7,-0.216418,-0.542331,0.089585,0.416052,0.560128,0.443068,0.562893,-0.010988,0.008993,0.184041,-0.999255,-0.01763,-0.02881,0.018691
1,0.225,7,-0.216274,-0.542319,0.089677,0.411688,0.548009,0.449003,0.573233,-0.010992,0.008911,0.183891,-0.99965,-0.015981,-0.020848,0.003142
1,0.225,7,-0.216078,-0.542431,0.089709,0.425599,0.543432,0.438273,0.575729,-0.011102,0.008919,0.183692,-0.99979,-0.014013,-0.006015,0.013722
1,0.225,7,-0.216418,-0.542331,0.089585,0.416052,0.560128,0.443068,0.562893,-0.010988,0.008993,0.184041,-0.999255,-0.01763,-0.02881,0.018691
1,0.225,7,-0.216418,-0.542331,0.089585,0.416052,0.560128,0.443068,0.562893,-0.010988,0.008993,0.184041,-0.999255,-0.01763,-0.02881,0.018691
1,0.225,7,-0.216274,-0.542319,0.089677,0.411688,0.548009,0.449003,0.573233,-0.010992,0.008911,0.183891,-0.99965,-0.015981,-0.020848,0.003142
1,0.225,7,-0.216274,-0.542319,0.089677,0.411688,0.548009,0.449003,0.573233,-0.010992,0.008911,0.183891,-0.99965,-0.015981,-0.020848,0.003142
1,0.225,7,-0.216274,-0.542319,0.089677,0.411688,0.548009,0.449003,0.573233,-0.010992,0.008911,0.183891,-0.99965,-0.015981,-0.020848,0.003142
1,0.225,7,-0.215869,-0.542263,0.089663,0.398741,0.564043,0.460737,0.5573,-0.010919,0.00894,0.18349,-0.99865,-0.015698,-0.049397,0.003507
1,0.225,7,-0.215606,-0.542298,0.089663,0.42415,0.56062,0.439544,0.55911,-0.010944,0.008967,0.183227,-0.9992,-0.013899,-0.02593,0.027077
1,0.225,7,-0.216418,-0.542331,0.089585,0.416052,0.560128,0.443068,0.562893,-0.010988,0.008993,0.184041,-0.999255,-0.01763,-0.02881,0.018691
1,0.225,7,-0.216418,-0.542331,0.089585,0.416052,0.560128,0.443068,0.562893,-0.010988,0.008993,0.184041,-0.999255,-0.01763,-0.02881,0.018691
1,0.225,7,-0.216472,-0.542261,0.089526,0.403071,0.567433,0.456449,0.554264,-0.010909,0.00903,0.184101,-0.998601,-0.015974,-0.049173,0.011105
1,0.225,7,-0.216751,-0.542388,0.089688,0.398117,0.529533,0.463206,0.588674,-0.011079,0.008882,0.184365,0.999433,0.013987,0.014207,0.02715
1,0.225,7,-0.216418,-0.542331,0.089585,0.416052,0.560128,0.443068,0.562893,-0.010988,0.008993,0.184041,-0.999255,-0.01763,-0.02881,0.018691
1,0.225,7,-0.216064,-0.542101,0.089644,0.362989,0.576411,0.488964,0.544888,-0.010764,0.008909,0.183689,0.995435,0.017932,0.091312,0.021188
1,0.225,7,-0.216274,-0.542319,0.089677,0.411688,0.548009,0.449003,0.573233,-0.010992,0.008911,0.183891,-0.99965,-0.015981,-0.020848,0.003142
1,0.225,7,-0.216208,-0.542242,0.08961,0.403715,0.563071,0.457276,0.557552,-0.010899,0.008964,0.183832,-0.998849,-0.014773,-0.044977,0.007666
1,0.225,7,-0.21567,-0.54215,0.089729,0.380823,0.572984,0.475903,0.547886,-0.010817,0.008865,0.183288,0.997099,0.015961,0.074112,0.006803
1,0.225,7,-0.216336,-0.542247,0.089839,0.358691,0.519935,0.499885,0.592557,-0.01096,0.008733,0.183942,0.996291,0.011223,0.040084,0.075314
1,0.225,7,-0.216359,-0.542211,0.089742,0.381858,0.549414,0.47385,0.572534,-0.010905,0.008818,0.183974,0.998434,0.017637,0.046118,0.0263
1,0.225,7,-0.216418,-0.542331,0.089585,0.416052,0.560128,0.443068,0.562893,-0.010988,0.008993,0.184041,-0.999255,-0.01763,-0.02881,0.018691
1,0.225,7,-0.216087,-0.542389,0.08983,0.408965,0.509472,0.454689,0.605346,-0.011087,0.008792,0.183692,0.999287,0.012127,-0.014739,0.032561
1,0.225,7,-0.215726,-0.542076,0.089716,0.368225,0.579271,0.485181,0.541714,-0.010745,0.008857,0.183347,0.995642,0.017148,0.090661,0.013513
1,0.225,7,-0.216472,-0.542261,0.089526,0.403071,0.567433,0.456449,0.554264,-0.010909,0.00903,0.184101,-0.998601,-0.015974,-0.049173,0.011105
1,0.225,7,-0.215869,-0.542263,0.089663,0.398741,0.564043,0.460737,0.5573,-0.010919,0.00894,0.18349,-0.99865,-0.015698,-0.049397,0.003507
1,0.225,7,-0.216418,-0.542331,0.089585,0.416052,0.560128,0.443068,0.562893,-0.010988,0.008993,0.184041,-0.999255,-0.01763,-0.02881,0.018691
1,0.225,7,-0.215251,-0.542262,0.089767,-0.432843,-0.56899,-0.430517,-0.550956,-0.01092,0.008883,0.182866,-0.998548,-0.014435,-0.027293,0.044137
1,0.225,7,-0.216698,-0.542291,0.089602,0.387007,0.556123,0.473783,0.562567,-0.010963,0.008947,0.18432,0.998382,0.013332,0.05291,0.015995
1,0.225,7,-0.216274,-0.542319,0.089677,0.411688,0.548009,0.449003,0.573233,-0.010992,0.008911,0.183891,-0.99965,-0.015981,-0.020848,0.003142
1,0.225,7,-0.216208,-0.542242,0.08961,0.403715,0.563071,0.457276,0.557552,-0.010899,0.008964,0.183832,-0.998849,-0.014773,-0.044977,0.007666
1,0.225,7,-0.216208,-0.542242,0.08961,0.403715,0.563071,0.457276,0.557552,-0.010899,0.008964,0.183832,-0.998849,-0.014773,-0.044977,0.007666
1,0.225,7,-0.216457,-0.542194,0.089563,0.401216,0.569332,0.459943,0.550762,-0.010851,0.008981,0.184085,-0.99836,-0.014164,-0.054452,0.010542
1,0.225,7,-0.216087,-0.542389,0.08983,0.408965,0.509472,0.454689,0.605346,-0.011087,0.008792,0.183692,0.999287,0.012127,-0.014739,0.032561
1,0.225,7,-0.216208,-0.542242,0.08961,0.403715,0.563071,0.457276,0.557552,-0.010899,0.008964,0.183832,-0.998849,-0.014773,-0.044977,0.007666
1,0.225,7,-0.216208,-0.542242,0.08961,0.403715,0.563071,0.457276,0.557552,-0.010899,0.008964,0.183832,-0.998849,-0.014773,-0.044977,0.007666
1,0.225,7,-0.216179,-0.542169,0.089647,0.400131,0.566544,0.46221,0.552526,-0.010835,0.008913,0.183801,-0.998467,-0.013028,-0.053367,0.006705
1,0.225,7,-0.216208,-0.542242,0.08961,0.403715,0.563071,0.457276,0.557552,-0.010899,0.008964,0.183832,-0.998849,-0.014773,-0.044977,0.007666
1,0.225,7,-0.215546,-0.54232,0.090037,0.417124,0.491633,0.446937,0.620123,-0.011048,0.008613,0.183138,0.998414,0.011339,-0.039859,0.038118
1,0.225,7,-0.216003,-0.542365,0.089762,0.42031,0.511185,0.446237,0.602414,-0.011046,0.008858,0.183614,0.999536,0.010438,-0.020935,0.019509
1,0.225,7,-0.216126,-0.542207,0.089843,0.366959,0.518922,0.4919,0.595059,-0.010915,0.008735,0.183733,0.997139,0.012174,0.03103,0.067843
1,0.225,7,-0.216208,-0.542242,0.08961,0.403715,0.563071,0.457276,0.557552,-0.010899,0.008964,0.183832,-0.998849,-0.014773,-0.044977,0.007666
1,0.225,7,-0.21658,-0.542293,0.089509,0.399572,0.57875,0.457494,0.544141,-0.01094,0.009047,0.18421,-0.997693,-0.017491,-0.06309,0.017966
1,0.225,7,-0.215726,-0.542076,0.089716,0.368225,0.579271,0.485181,0.541714,-0.010745,0.008857,0.183347,0.995642,0.017148,0.090661,0.013513
1,0.225,7,-0.216712,-0.542269,0.089765,0.395662,0.531172,0.461304,0.590345,-0.010979,0.008783,0.184322,0.999355,0.017839,0.014566,0.027541
1,0.225,7,-0.216472,-0.542261,0.089526,0.403071,0.567433,0.456449,0.554264,-0.010909,0.00903,0.184101,-0.998601,-0.015974,-0.049173,0.011105
1,0.225,7,-0.215726,-0.542076,0.089716,0.368225,0.579271,0.485181,0.541714,-0.010745,0.008857,0.183347,0.995642,0.017148,0.090661,0.013513
1,0.225,7,-0.215943,-0.542076,0.089719,0.373626,0.585874,0.48071,0.534857,-0.010753,0.008839,0.183563,0.995455,0.016615,0.093751,0.002115
1,0.225,7,-0.216338,-0.542322,0.08967,0.4159,0.544864,0.453384,0.569731,-0.010996,0.008914,0.183956,-0.999743,-0.008297,-0.020851,0.003346
1,0.225,7,-0.21567,-0.54215,0.089729,0.380823,0.572984,0.475903,0.547886,-0.010817,0.008865,0.183288,0.997099,0.015961,0.074112,0.006803
1,0.225,7,-0.216208,-0.542242,0.08961,0.403715,0.563071,0.457276,0.557552,-0.010899,0.008964,0.183832,-0.998849,-0.014773,-0.044977,0.007666
1,0.225,7,-0.216346,-0.542343,0.0897,0.426312,0.545659,0.434371,0.576051,-0.011023,0.00889,0.183961,-0.999697,-0.016992,-0.005143,0.017061
1,0.225,7,-0.215487,-0.542145,0.089826,0.3656,0.572837,0.49101,0.545072,-0.010828,0.008782,0.183099,0.995695,0.013923,0.088844,0.022448
1,0.225,7,-0.216208,-0.542242,0.08961,0.403715,0.563071,0.457276,0.557552,-0.010899,0.008964,0.183832,-0.998849,-0.014773,-0.044977,0.007666
1,0.225,7,-0.215752,-0.542096,0.089769,0.378134,0.567593,0.480705,0.551158,-0.010777,0.008808,0.183368,0.997162,0.013771,0.072533,0.014726
1,0.225,7,-0.216691,-0.542403,0.089669,0.425043,0.548436,0.434355,0.574363,-0.011086,0.008908,0.184306,-0.999635,-0.018098,-0.008206,0.01831
1,0.225,7,-0.216208,-0.542242,0.08961,0.403715,0.563071,0.457276,0.557552,-0.010899,0.008964,0.183832,-0.998849,-0.014773,-0.044977,0.007666
1,0.225,7,-0.215489,-0.542076,0.089811,0.357617,0.580451,0.495972,0.537772,-0.010757,0.008782,0.183103,0.994314,0.015231,0.102826,0.023128
1,0.225,7,-0.216148,-0.542193,0.089916,0.357028,0.509486,0.499404,0.602952,-0.010918,0.008659,0.18375,0.995861,0.012598,0.029096,0.085184
1,0.225,7,-0.216208,-0.542242,0.08961,0.403715,0.563071,0.457276,0.557552,-0.010899,0.008964,0.183832,-0.998849,-0.014773,-0.044977,0.007666
1,0.225,7,-0.215943,-0.542076,0.089719,0.373626,0.585874,0.48071,0.534857,-0.010753,0.008839,0.183563,0.995455,0.016615,0.093751,0.002115
1,0.225,7,-0.215921,-0.542038,0.089747,0.368264,0.570368,0.487975,0.548582,-0.010721,0.008804,0.183539,0.996193,0.0148,0.083062,0.021921
1,0.225,7,-0.216208,-0.542242,0.08961,0.403715,0.563071,0.457276,0.557552,-0.010899,0.008964,0.183832,-0.998849,-0.014773,-0.044977,0.007666
1,0.225,7,-0.215921,-0.542038,0.089747,0.368264,0.570368,0.487975,0.548582,-0.010721,0.008804,0.183539,0.996193,0.0148,0.083062,0.021921
1,0.1875,8,-0.217167,-0.539882,0.092283,0.380748,0.549196,0.485558,0.563603,0.015524,-0.004896,0.152717,0.99985,-0.000777,0.004326,0.016728
1,0.1875,8,-0.218119,-0.539987,0.092207,0.392406,0.535995,0.481177,0.572011,0.015505,-0.004888,0.153678,0.99972,-0.00598,-0.014977,0.017324
1,0.1875,8,-0.21716,-0.539866,0.092332,0.369471,0.556844,0.498311,0.55236,0.015527,-0.004946,0.152705,0.999431,-0.003993,0.025193,0.022091
1,0.1875,8,-0.21716,-0.539866,0.092332,0.369471,0.556844,0.498311,0.55236,0.015527,-0.004946,0.152705,0.999431,-0.003993,0.025193,0.022091
1,0.1875,8,-0.21783,-0.539987,0.092394,0.374195,0.530279,0.488629,0.583116,0.015439,-0.005041,0.153376,0.999164,0.002983,-0.012787,0.038719
1,0.1875,8,-0.217776,-0.539899,0.092254,0.379372,0.548214,0.490837,0.560908,0.015555,-0.004922,0.153326,0.999761,-0.004631,0.007992,0.019839
1,0.1875,8,-0.218359,-0.539933,0.092119,0.411153,0.544663,0.464491,0.564397,0.015595,-0.00484,0.153919,-0.999701,0.007259,0.021325,0.009528
1,0.1875,8,-0.21716,-0.539866,0.092332,0.369471,0.556844,0.498311,0.55236,0.015527,-0.004946,0.152705,0.999431,-0.003993,0.025193,0.022091
1,0.1875,8,-0.217589,-0.539855,0.092139,0.387938,0.576883,0.476034,0.538611,0.015614,-0.004804,0.153145,-0.999527,0.00044,-0.02656,0.015505
1,0.1875,8,-0.21835,-0.53997,0.092228,0.392298,0.536673,0.482111,0.57066,0.015531,-0.004935,0.153905,0.999741,-0.006818,-0.013431,0.017052
1,0.1875,8,-0.218542,-0.539994,0.092306,0.395287,0.527494,0.46591,0.590277,0.015501,-0.005023,0.154091,0.999117,0.0063,-0.037224,0.018424
1,0.1875,8,-0.217385,-0.539988,0.092297,0.390068,0.538024,0.480737,0.572074,0.015433,-0.004905,0.152942,0.999757,-0.003611,-0.01294,0.017452
1,0.1875,8,-0.217776,-0.539899,0.092254,0.379372,0.548214,0.490837,0.560908,0.015555,-0.004922,0.153326,0.999761,-0.004631,0.007992,0.019839
1,0.1875,8,-0.217776,-0.539899,0.092254,0.379372,0.548214,0.490837,0.560908,0.015555,-0.004922,0.153326,0.999761,-0.004631,0.007992,0.019839
1,0.1875,8,-0.217911,-0.539981,0.092234,0.385104,0.557096,0.479219,0.55829,0.01549,-0.004896,0.153469,0.999962,0.00093,0.00715,0.004943
1,0.1875,8,-0.21745,-0.539757,0.092308,0.362481,0.550093,0.497068,0.564738,0.015657,-0.004978,0.152986,0.999285,0.003808,0.01737,0.033365
1,0.1875,8,-0.217105,-0.539907,0.092284,0.371627,0.565232,0.494633,0.545659,0.015496,-0.004885,0.152658,0.999435,-0.003022,0.031146,0.012238
1,0.1875,8,-0.217773,-0.539977,0.092109,0.409368,0.556244,0.460953,0.557254,0.015516,-0.004763,0.15334,-0.999753,0.003136,0.011416,0.018784
1,0.1875,8,-0.218052,-0.53987,0.09224,0.391298,0.549633,0.480475,0.560298,0.015605,-0.004943,0.153598,0.999965,-0.005183,-0.00059,0.006499
1,0.1875,8,-0.218086,-0.539835,0.092268,0.380235,0.561021,0.479277,0.557648,0.015634,-0.004981,0.153627,0.9999,0.004834,0.012035,0.005589
1,0.1875,8,-0.218018,-0.539962,0.092168,0.389698,0.558074,0.473526,0.558982,0.015532,-0.004848,0.153578,-0.999993,-0.002278,-0.002904,0.000982
1,0.1875,8,-0.218054,-0.539918,0.092183,0.393315,0.560754,0.470279,0.556504,0.015573,-0.004876,0.15361,-0.999969,-0.001964,-0.002792,0.007051
1,0.1875,8,-0.217417,-0.53988,0.092332,0.377453,0.538924,0.487586,0.57389,0.01553,-0.004968,0.152962,0.999579,0.000771,-0.004779,0.028601
1,0.1875,8,-0.217793,-0.539848,0.092255,0.384963,0.555849,0.487509,0.552421,0.015606,-0.004938,0.153339,0.99986,-0.006905,0.013023,0.007916
1,0.1875,8,-0.218189,-0.539815,0.092204,0.391396,0.556897,0.481083,0.55248,0.015676,-0.004934,0.153733,0.999947,-0.006439,0.008009,0.000274
1,0.1875,8,-0.217167,-0.539892,0.092255,0.381566,0.564937,0.485324,0.547461,0.015521,-0.004867,0.152721,0.99976,-0.002588,0.02162,0.002352
1,0.1875,8,-0.218531,-0.539933,0.09221,0.397487,0.547698,0.465904,0.570057,0.015584,-0.004945,0.154082,-0.99987,-0.00341,0.015733,0.000314
1,0.1875,8,-0.216779,-0.539773,0.092357,0.368135,0.566717,0.496739,0.544572,0.015585,-0.004956,0.152316,0.999281,-0.002196,0.035061,0.014232
1,0.1875,8,-0.218173,-0.539831,0.092236,0.380576,0.555532,0.491321,0.552404,0.015652,-0.00496,0.153716,0.999763,-0.006737,0.016429,0.012632
1,0.1875,8,-0.217923,-0.539829,0.092193,0.388557,0.555198,0.482775,0.554713,0.015648,-0.004895,0.153471,0.999945,-0.005418,0.007828,0.004483
1,0.1875,8,-0.218052,-0.53987,0.09224,0.391298,0.549633,0.480475,0.560298,0.015605,-0.004943,0.153598,0.999965,-0.005183,-0.00059,0.006499
1,0.1875,8,-0.217075,-0.539783,0.092391,0.363834,0.566431,0.50197,0.542961,0.015586,-0.005016,0.15261,0.999016,-0.003613,0.039884,0.019049
1,0.1875,8,-0.218546,-0.539908,0.092135,0.410647,0.549326,0.465749,0.559185,0.015627,-0.004879,0.154101,-0.99977,0.008327,0.015088,0.0128
1,0.1875,8,-0.217484,-0.539856,0.092343,0.37252,0.556529,0.496551,0.552215,0.015555,-0.004991,0.153025,0.999534,-0.004892,0.022962,0.019499
1,0.1875,8,-0.217478,-0.53991,0.092239,0.377028,0.548618,0.49202,0.561057,0.015529,-0.004877,0.153032,0.999711,-0.003764,0.009711,0.021676
1,0.1875,8,-0.216848,-0.539796,0.092253,0.372852,0.573078,0.489273,0.541455,0.015594,-0.004857,0.152396,0.999375,0.00038,0.035192,0.00321
1,0.1875,8,-0.218073,-0.539835,0.092267,0.387679,0.556738,0.485958,0.550993,0.015633,-0.004979,0.153614,0.999882,-0.007873,0.012418,0.004553
1,0.1875,8,-0.217776,-0.539899,0.092254,0.379372,0.548214,0.490837,0.560908,0.015555,-0.004922,0.153326,0.999761,-0.004631,0.007992,0.019839
1,0.1875,8,-0.217128,-0.539852,0.092267,0.368458,0.570049,0.49792,0.539776,0.015555,-0.004884,0.152677,0.999132,-0.004006,0.039899,0.011248
1,0.1875,8,-0.217292,-0.539794,0.092279,0.376671,0.562374,0.492033,0.547502,0.015618,-0.004925,0.152834,0.999623,-0.004611,0.025112,0.010049
1,0.1875,8,-0.217677,-0.539921,0.092308,0.377855,0.549793,0.493742,0.557828,0.015514,-0.00496,0.153225,0.999696,-0.006258,0.012444,0.020346
1,0.1875,8,-0.217786,-0.539803,0.092312,0.373412,0.551751,0.486136,0.565513,0.015634,-0.005002,0.153323,0.999739,0.004878,0.008402,0.020694
1,0.1875,8,-0.217604,-0.539784,0.092288,0.380331,0.563083,0.489686,0.546346,0.015647,-0.004966,0.153142,0.999691,-0.0056,0.023496,0.005907
1,0.1875,8,-0.217211,-0.539837,0.092236,0.378388,0.569814,0.488679,0.541597,0.015583,-0.004866,0.15276,0.99953,-0.003571,0.030427,0.001384
1,0.1875,8,-0.216779,-0.539716,0.092261,0.366335,0.568008,0.495015,0.546009,0.015664,-0.004878,0.15232,0.99928,0.000956,0.035165,0.014234
1,0.1875,8,-0.217407,-0.539802,0.092412,0.366867,0.540539,0.494186,0.573591,0.015585,-0.005063,0.152939,0.99929,0.003443,0.003898,0.037309
1,0.1875,8,-0.217614,-0.539727,0.092191,0.378573,0.564315,0.487929,0.547865,0.015727,-0.004887,0.153155,0.999704,-0.002436,0.023488,0.005927
1,0.1875,8,-0.217217,-0.539811,0.092309,0.367221,0.562375,0.500852,0.545922,0.01559,-0.004943,0.152759,0.999219,-0.005052,0.033927,0.019615
1,0.1875,8,-0.217292,-0.539794,0.092279,0.376671,0.562374,0.492033,0.547502,0.015618,-0.004925,0.152834,0.999623,-0.004611,0.025112,0.010049
1,0.1875,8,-0.217407,-0.539802,0.092412,0.366867,0.540539,0.494186,0.573591,0.015585,-0.005063,0.152939,0.99929,0.003443,0.003898,0.037309
1,0.1875,8,-0.217604,-0.539784,0.092288,0.380331,0.563083,0.489686,0.546346,0.015647,-0.004966,0.153142,0.999691,-0.0056,0.023496,0.005907
1,0.1875,8,-0.218189,-0.539815,0.092204,0.391396,0.556897,0.481083,0.55248,0.015676,-0.004934,0.153733,0.999947,-0.006439,0.008009,0.000274
1,0.1875,8,-0.217927,-0.539886,0.092291,0.382974,0.55819,0.477777,0.559896,0.015569,-0.004976,0.153472,0.99995,0.00411,0.007316,0.005446
1,0.1875,8,-0.217568,-0.539849,0.09234,0.374273,0.549662,0.486236,0.566891,0.015568,-0.004998,0.153108,0.999735,0.00418,0.006097,0.021798
1,0.1875,8,-0.217604,-0.539784,0.092288,0.380331,0.563083,0.489686,0.546346,0.015647,-0.004966,0.153142,0.999691,-0.0056,0.023496,0.005907
1,0.1875,8,-0.218045,-0.539862,0.092073,0.399123,0.56254,0.470004,0.550768,0.015654,-0.004783,0.153603,-0.999895,0.003127,-0.004114,0.013549
1,0.1875,8,-0.217923,-0.539829,0.092193,0.388557,0.555198,0.482775,0.554713,0.015648,-0.004895,0.153471,0.999945,-0.005418,0.007828,0.004483
1,0.1875,8,-0.216938,-0.539754,0.092298,0.37076,0.564925,0.49298,0.548058,0.01563,-0.004919,0.152478,0.999484,-0.000597,0.029406,0.012892
1,0.1875,8,-0.218367,-0.53999,0.092219,0.404973,0.547403,0.460021,0.569848,0.015516,-0.004924,0.153924,-0.999733,-0.002334,0.021637,0.007713
1,0.1875,8,-0.21768,-0.539759,0.092379,0.367501,0.542121,0.492836,0.572853,0.015653,-0.005068,0.153209,0.999364,0.004116,0.004363,0.035165
1,0.1875,8,-0.217826,-0.539934,0.092169,0.395166,0.555693,0.474507,0.556679,0.015546,-0.004837,0.153385,-0.999989,0.003331,-0.00064,0.003272
1,0.1875,8,-0.217897,-0.539875,0.092144,0.392096,0.562259,0.477865,0.549336,0.015614,-0.004834,0.153453,-0.999912,0.004417,-0.011164,0.00568
1,0.1875,8,-0.218086,-0.539835,0.092268,0.380235,0.561021,0.479277,0.557648,0.015634,-0.004981,0.153627,0.9999,0.004834,0.012035,0.005589
1,0.1875,8,-0.217793,-0.539848,0.092255,0.384963,0.555849,0.487509,0.552421,0.015606,-0.004938,0.153339,0.99986,-0.006905,0.013023,0.007916
1,0.1875,8,-0.217217,-0.539811,0.092309,0.367221,0.562375,0.500852,0.545922,0.01559,-0.004943,0.152759,0.999219,-0.005052,0.033927,0.019615
1,0.1875,8,-0.217123,-0.539844,0.092447,0.365921,0.539096,0.495792,0.574166,0.015517,-0.005059,0.152658,0.999203,0.002776,0.003848,0.03964
1,0.1875,8,-0.217793,-0.539848,0.092255,0.384963,0.555849,0.487509,0.552421,0.015606,-0.004938,0.153339,0.99986,-0.006905,0.013023,0.007916
1,0.1875,8,-0.217407,-0.539802,0.092412,0.366867,0.540539,0.494186,0.573591,0.015585,-0.005063,0.152939,0.99929,0.003443,0.003898,0.037309
1,0.1875,8,-0.216938,-0.539754,0.092298,0.37076,0.564925,0.49298,0.548058,0.01563,-0.004919,0.152478,0.999484,-0.000597,0.029406,0.012892
1,0.1875,8,-0.218052,-0.53987,0.09224,0.391298,0.549633,0.480475,0.560298,0.015605,-0.004943,0.153598,0.999965,-0.005183,-0.00059,0.006499
1,0.1875,8,-0.217923,-0.539829,0.092193,0.388557,0.555198,0.482775,0.554713,0.015648,-0.004895,0.153471,0.999945,-0.005418,0.007828,0.004483
1,0.1875,8,-0.217384,-0.539821,0.092377,0.368259,0.564377,0.502311,0.5418,0.015574,-0.005023,0.15292,0.999121,-0.007615,0.037415,0.017279
1,0.1875,8,-0.216959,-0.539729,0.092407,0.366491,0.573655,0.500999,0.53442,0.015628,-0.005033,0.152488,0.998824,-0.005764,0.04703,0.010251
1,0.1875,8,-0.217604,-0.539784,0.092288,0.380331,0.563083,0.489686,0.546346,0.015647,-0.004966,0.153142,0.999691,-0.0056,0.023496,0.005907
1,0.1875,8,-0.217909,-0.539934,0.092288,0.387627,0.539468,0.476277,0.576091,0.015521,-0.00496,0.153458,0.999736,0.002712,-0.014951,0.017231
1,0.1875,8,-0.217786,-0.539943,0.092324,0.391394,0.546671,0.482865,0.561073,0.015496,-0.00498,0.153335,0.999926,-0.007368,-0.001787,0.00948
1,0.1875,8,-0.216821,-0.53972,0.092337,0.365729,0.571301,0.499369,0.53897,0.015645,-0.004954,0.152355,0.998994,-0.003194,0.042909,0.012671
1,0.1875,8,-0.217866,-0.539835,0.092352,0.374281,0.530551,0.48854,0.582888,0.015599,-0.005041,0.153402,0.999179,0.002983,-0.012583,0.038402
1,0.1875,8,-0.218189,-0.539815,0.092204,0.391396,0.556897,0.481083,0.55248,0.015676,-0.004934,0.153733,0.999947,-0.006439,0.008009,0.000274
1,0.1875,8,-0.217217,-0.539811,0.092309,0.367221,0.562375,0.500852,0.545922,0.01559,-0.004943,0.152759,0.999219,-0.005052,0.033927,0.019615
1,0.1875,8,-0.217923,-0.539829,0.092193,0.388557,0.555198,0.482775,0.554713,0.015648,-0.004895,0.153471,0.999945,-0.005418,0.007828,0.004483
1,0.1875,8,-0.217984,-0.540194,0.092161,0.46232,0.5048,0.415085,0.599284,0.015307,-0.004781,0.153565,-0.993725,0.007072,0.106632,0.03303
1,0.1875,8,-0.217447,-0.539776,0.092216,0.38039,0.561518,0.487254,0.550077,0.015662,-0.004884,0.152992,0.999781,-0.003114,0.019568,0.006728
1,0.1875,8,-0.217184,-0.539881,0.092224,0.393043,0.565485,0.474474,0.548287,0.015541,-0.004841,0.152739,-0.999878,0.002276,-0.011775,0.010032
1,0.1875,8,-0.217923,-0.539829,0.092193,0.388557,0.555198,0.482775,0.554713,0.015648,-0.004895,0.153471,0.999945,-0.005418,0.007828,0.004483
1,0.1875,8,-0.21768,-0.539759,0.092379,0.367501,0.542121,0.492836,0.572853,0.015653,-0.005068,0.153209,0.999364,0.004116,0.004363,0.035165
1,0.1875,8,-0.218189,-0.539815,0.092204,0.391396,0.556897,0.481083,0.55248,0.015676,-0.004934,0.153733,0.999947,-0.006439,0.008009,0.000274
1,0.1875,8,-0.217712,-0.539889,0.092212,0.386374,0.563704,0.484442,0.546141,0.015572,-0.004878,0.153265,-0.999801,0.005872,-0.019037,0.000762
1,0.1875,8,-0.217217,-0.539811,0.092309,0.367221,0.562375,0.500852,0.545922,0.01559,-0.004943,0.152759,0.999219,-0.005052,0.033927,0.019615
1,0.1875,8,-0.217166,-0.539806,0.092366,0.37341,0.547044,0.495922,0.561577,0.015577,-0.004995,0.152704,0.999562,-0.00431,0.011786,0.026817
1,0.1875,8,-0.217292,-0.539794,0.092279,0.376671,0.562374,0.492033,0.547502,0.015618,-0.004925,0.152834,0.999623,-0.004611,0.025112,0.010049
1,0.1875,8,-0.216671,-0.53976,0.092301,0.365942,0.578692,0.497228,0.532884,0.015605,-0.004896,0.152213,0.998758,-0.002103,0.049486,0.005474
1,0.1875,8,-0.218146,-0.539769,0.09227,0.384473,0.54678,0.488899,0.560526,0.015702,-0.005005,0.153681,0.999831,-0.007121,0.004224,0.016438
1,0.1875,8,-0.217341,-0.539894,0.092368,0.374984,0.547978,0.486455,0.567863,0.015502,-0.004992,0.152885,0.999727,0.003464,0.004364,0.022701
1,0.1875,8,-0.217605,-0.539933,0.09225,0.388156,0.548669,0.476657,0.566653,0.015512,-0.004894,0.153159,0.999947,0.001334,-0.004663,0.009086
1,0.1875,8,-0.218054,-0.539918,0.092183,0.393315,0.560754,0.470279,0.556504,0.015573,-0.004876,0.15361,-0.999969,-0.001964,-0.002792,0.007051
1,0.1875,8,-0.218292,-0.539796,0.092134,0.39683,0.559011,0.47461,0.552067,0.015719,-0.004882,0.153839,-0.999949,0.005199,-0.004309,0.007527
1,0.1875,8,-0.217789,-0.539884,0.092181,0.39937,0.561296,0.47228,0.549911,0.015589,-0.004857,0.153343,-0.9999,0.005431,-0.004668,0.012171
1,0.1875,8,-0.217786,-0.539803,0.092312,0.373412,0.551751,0.486136,0.565513,0.015634,-0.005002,0.153323,0.999739,0.004878,0.008402,0.020694
1,0.1875,8,-0.217211,-0.539837,0.092236,0.378388,0.569814,0.488679,0.541597,0.015583,-0.004866,0.15276,0.99953,-0.003571,0.030427,0.001384
1,0.1875,8,-0.217777,-0.539927,0.09214,0.40837,0.556184,0.461862,0.557294,0.015556,-0.004805,0.153338,-0.999782,0.003096,0.010642,0.017676
1,0.1875,8,-0.218086,-0.539835,0.092268,0.380235,0.561021,0.479277,0.557648,0.015634,-0.004981,0.153627,0.9999,0.004834,0.012035,0.005589
1,0.1875,8,-0.217057,-0.539658,0.092325,0.365888,0.560965,0.499619,0.549386,0.015722,-0.00498,0.152585,0.999269,-0.002532,0.031363,0.021704
1,0.1875,8,-0.217923,-0.53982,0.092158,0.401949,0.556684,0.470104,0.554564,0.015666,-0.004863,0.153472,-0.999924,0.005245,0.002573,0.010812
1,0.1875,8,-0.217793,-0.539848,0.092255,0.384963,0.555849,0.487509,0.552421,0.015606,-0.004938,0.153339,0.99986,-0.006905,0.013023,0.007916
1,0.1875,8,-0.217786,-0.539803,0.092312,0.373412,0.551751,0.486136,0.565513,0.015634,-0.005002,0.153323,0.999739,0.004878,0.008402,0.020694
1,0.1875,8,-0.21734,-0.539691,0.092282,0.372848,0.570176,0.492609,0.541499,0.015721,-0.004958,0.152873,0.999368,-0.002602,0.034851,0.006457
1,0.1875,8,-0.218086,-0.539835,0.092268,0.380235,0.561021,0.479277,0.557648,0.015634,-0.004981,0.153627,0.9999,0.004834,0.012035,0.005589
1,0.15,9,-0.218961,-0.537651,0.099244,0.385756,0.543432,0.475966,0.573873,0.014991,-0.009617,0.11509,0.999657,0.006174,-0.024502,0.006856
1,0.15,9,-0.219086,-0.537579,0.099178,0.377847,0.545873,0.480517,0.573025,0.015088,-0.009584,0.115211,0.999742,0.008582,-0.017103,0.012276
1,0.15,9,-0.21824,-0.537417,0.099134,0.364744,0.561033,0.495133,0.554119,0.015175,-0.009485,0.114359,0.999809,0.004397,0.013789,0.013143
1,0.15,9,-0.218892,-0.537516,0.099206,0.376822,0.556313,0.482214,0.56213,0.015124,-0.009605,0.115009,0.999957,0.006908,-0.004085,0.004574
1,0.15,9,-0.218844,-0.537634,0.099157,0.394805,0.543337,0.470363,0.572426,0.015018,-0.009524,0.114979,-0.999534,-0.003492,0.030273,0.001797
1,0.15,9,-0.218961,-0.537651,0.099244,0.385756,0.543432,0.475966,0.573873,0.014991,-0.009617,0.11509,0.999657,0.006174,-0.024502,0.006856
1,0.15,9,-0.218312,-0.537497,0.099266,0.374132,0.540381,0.489201,0.57332,0.015072,-0.009602,0.114428,0.999636,0.003887,-0.015201,0.021961
1,0.15,9,-0.218537,-0.537483,0.099171,0.368598,0.556792,0.489988,0.560383,0.01513,-0.009538,0.114657,0.999891,0.006521,0.004109,0.012578
1,0.15,9,-0.218947,-0.537571,0.099118,0.380842,0.55591,0.479889,0.561809,0.015098,-0.009513,0.115078,0.999959,0.005645,-0.006966,0.001119
1,0.15,9,-0.218566,-0.537479,0.099122,0.38266,0.571577,0.479432,0.544992,0.015149,-0.009496,0.114689,-0.999846,-0.0027,-0.010057,0.014155
1,0.15,9,-0.218512,-0.537553,0.099294,0.371051,0.535643,0.489257,0.579685,0.01503,-0.009638,0.11463,0.999375,0.006857,-0.019867,0.028427
1,0.15,9,-0.218294,-0.537465,0.099215,0.368488,0.552051,0.491276,0.564007,0.015114,-0.009559,0.11441,0.999838,0.005819,-1e-06,0.017039
1,0.15,9,-0.218626,-0.537433,0.099126,0.370962,0.56601,0.489731,0.549712,0.015198,-0.009518,0.114743,0.999893,0.003683,0.013934,0.002583
1,0.15,9,-0.218486,-0.537342,0.099186,0.362315,0.556399,0.49841,0.557437,0.015258,-0.009581,0.114588,0.999727,0.003777,0.011793,0.019832
1,0.15,9,-0.218412,-0.537403,0.099151,0.375935,0.561537,0.486059,0.554162,0.015201,-0.009525,0.114525,0.99998,0.003397,0.005156,0.001641
1,0.15,9,-0.218623,-0.537391,0.099055,0.369621,0.566872,0.488454,0.550863,0.015256,-0.009459,0.114741,0.999881,0.006027,0.013934,0.002635
1,0.15,9,-0.218699,-0.537567,0.099184,0.386502,0.549413,0.476676,0.567047,0.015062,-0.00955,0.114826,0.999837,0.004332,-0.017464,0.001335
1,0.15,9,-0.218753,-0.537454,0.099006,0.383655,0.576214,0.479641,0.539195,0.01522,-0.009411,0.114881,-0.999698,-0.000984,-0.015462,0.01905
1,0.15,9,-0.218865,-0.537482,0.099149,0.377746,0.562661,0.481408,0.555848,0.015168,-0.009555,0.114983,-0.999977,-0.006213,-0.002188,0.001862
1,0.15,9,-0.218291,-0.537412,0.099194,0.372718,0.563026,0.490082,0.551273,0.01517,-0.009551,0.114403,0.999933,0.002127,0.01069,0.003848
1,0.15,9,-0.218741,-0.537464,0.099029,0.375231,0.577121,0.48277,0.541356,0.015203,-0.009429,0.114869,-0.99971,-0.005344,-0.020038,0.012246
1,0.15,9,-0.218699,-0.537553,0.099166,0.380367,0.55048,0.481498,0.566085,0.015079,-0.009535,0.114826,0.9999,0.005021,-0.011522,0.006546
1,0.15,9,-0.219064,-0.537485,0.099188,0.377792,0.556696,0.480731,0.562371,0.015173,-0.009615,0.115177,0.999955,0.007452,-0.005043,0.003115
1,0.15,9,-0.219105,-0.53757,0.099157,0.379991,0.550729,0.479957,0.567403,0.015103,-0.009569,0.11523,0.999879,0.006821,-0.012524,0.006276
1,0.15,9,-0.218484,-0.537431,0.099085,0.377767,0.564867,0.487462,0.548268,0.015197,-0.009462,0.114605,-0.999948,-7e-06,-0.009941,0.002454
1,0.15,9,-0.218309,-0.53745,0.099179,0.365765,0.556553,0.494258,0.558725,0.015139,-0.009528,0.114426,0.999829,0.004838,0.007904,0.016017
1,0.15,9,-0.218355,-0.537541,0.099236,0.369432,0.536606,0.488846,0.580176,0.015042,-0.009567,0.114478,0.999368,0.008594,-0.018978,0.028816
1,0.15,9,-0.218738,-0.537454,0.099318,0.374051,0.546322,0.487578,0.569109,0.015141,-0.00971,0.114839,0.999798,0.005056,-0.010135,0.016613
1,0.15,9,-0.218086,-0.537349,0.099136,0.366814,0.565208,0.496336,0.547392,0.015226,-0.009486,0.114198,0.99978,0.000902,0.019315,0.008076
1,0.15,9,-0.219268,-0.537652,0.09931,0.38715,0.535614,0.474471,0.581472,0.015002,-0.009715,0.115388,0.999315,0.00693,-0.034327,0.011937
1,0.15,9,-0.219204,-0.537559,0.099188,0.376432,0.551648,0.478761,0.569887,0.015116,-0.009612,0.115324,0.999833,0.011026,-0.012131,0.008084
1,0.15,9,-0.21863,-0.537602,0.099321,0.372284,0.526127,0.488373,0.588291,0.014987,-0.009666,0.11475,0.998879,0.007206,-0.030886,0.035146
1,0.15,9,-0.21837,-0.537369,0.099056,0.372347,0.576762,0.488931,0.538191,0.015253,-0.009437,0.114488,-0.999643,-0.001864,-0.025354,0.008239
1,0.15,9,-0.21872,-0.537492,0.099126,0.382317,0.559695,0.486568,0.551204,0.015151,-0.009514,0.114843,-0.999991,0.002585,-0.002884,0.00185
1,0.15,9,-0.218693,-0.537544,0.098972,0.38538,0.561195,0.478347,0.554731,0.015136,-0.00935,0.114836,-0.999964,-0.00255,0.002872,0.007521
1,0.15,9,-0.218861,-0.537438,0.099176,0.375233,0.550814,0.48722,0.564288,0.015203,-0.009591,0.114971,0.999907,0.003968,-0.005661,0.011741
1,0.15,9,-0.218954,-0.537626,0.099206,0.384808,0.544871,0.475592,0.573454,0.015023,-0.009586,0.115083,0.999686,0.007255,-0.023152,0.006315
1,0.15,9,-0.219237,-0.537537,0.099146,0.37919,0.550949,0.480043,0.567652,0.01515,-0.009581,0.115357,0.999876,0.007425,-0.01212,0.006756
1,0.15,9,-0.218817,-0.537503,0.099024,0.379035,0.565937,0.48147,0.551575,0.015174,-0.009424,0.114949,-0.999956,-0.004635,-0.005788,0.005761
1,0.15,9,-0.218704,-0.537503,0.099244,0.372032,0.546996,0.485655,0.571425,0.015109,-0.009623,0.114818,0.999756,0.008629,-0.010807,0.017216
1,0.15,9,-0.218695,-0.537472,0.099191,0.365873,0.547546,0.489144,0.571899,0.015151,-0.009579,0.11481,0.99967,0.010572,-0.006449,0.022495
1,0.15,9,-0.218961,-0.537651,0.099244,0.385756,0.543432,0.475966,0.573873,0.014991,-0.009617,0.11509,0.999657,0.006174,-0.024502,0.006856
1,0.15,9,-0.218269,-0.537454,0.099344,0.356612,0.536669,0.501069,0.577706,0.01509,-0.009683,0.114373,0.999074,0.007795,-0.006686,0.041778
1,0.15,9,-0.218667,-0.537523,0.099281,0.371269,0.535424,0.48844,0.580437,0.015076,-0.00965,0.114781,0.999356,0.00747,-0.020825,0.028243
1,0.15,9,-0.218923,-0.537553,0.099259,0.384371,0.554109,0.477385,0.563316,0.015077,-0.009651,0.115039,-0.999921,-0.005109,0.011473,0.000788
1,0.15,9,-0.218826,-0.537449,0.099196,0.36723,0.552621,0.489897,0.565467,0.015184,-0.009604,0.114937,0.999817,0.008212,-0.000414,0.017248
1,0.15,9,-0.218461,-0.537396,0.099291,0.362696,0.542928,0.496069,0.57236,0.015177,-0.009667,0.114561,0.999496,0.006967,-0.005087,0.030538
1,0.15,9,-0.218678,-0.537489,0.099228,0.371499,0.540883,0.488404,0.575235,0.015124,-0.009608,0.114792,0.999588,0.00692,-0.015018,0.023464
1,0.15,9,-0.218337,-0.537414,0.099272,0.359787,0.545961,0.49984,0.568014,0.015153,-0.00963,0.114442,0.999498,0.005546,0.00187,0.031128
1,0.15,9,-0.218621,-0.537396,0.099169,0.366676,0.550378,0.495838,0.56283,0.015222,-0.009567,0.11473,0.999773,0.00309,0.002348,0.020954
1,0.15,9,-0.219101,-0.537531,0.099257,0.37685,0.545988,0.480153,0.573877,0.015115,-0.009674,0.115213,0.999721,0.009798,-0.01717,0.012896
1,0.15,9,-0.218821,-0.537518,0.099155,0.372217,0.546331,0.486068,0.571589,0.015127,-0.009547,0.114943,0.999747,0.008124,-0.0112,0.017729
1,0.15,9,-0.218691,-0.537404,0.099061,0.380383,0.565641,0.484549,0.548244,0.015249,-0.009469,0.11481,-0.99995,-0.000446,-0.008004,0.005917
1,0.15,9,-0.218978,-0.537498,0.099158,0.378173,0.546149,0.480856,0.572262,0.015161,-0.009572,0.115096,0.999761,0.007948,-0.016553,0.01186
1,0.15,9,-0.218913,-0.537497,0.099168,0.377027,0.556511,0.480797,0.563011,0.015153,-0.009575,0.11503,0.999947,0.008083,-0.005107,0.00391
1,0.15,9,-0.218738,-0.537454,0.099318,0.374051,0.546322,0.487578,0.569109,0.015141,-0.00971,0.114839,0.999798,0.005056,-0.010135,0.016613
1,0.15,9,-0.218981,-0.537459,0.099257,0.378595,0.551052,0.481822,0.56644,0.015174,-0.009677,0.115085,0.999898,0.006221,-0.010419,0.007567
1,0.15,9,-0.218533,-0.537492,0.099188,0.373705,0.556696,0.486173,0.560419,0.015118,-0.009553,0.114653,0.999954,0.005768,0.000104,0.007675
1,0.15,9,-0.218451,-0.537428,0.099189,0.370072,0.555087,0.490523,0.560636,0.015171,-0.00956,0.114564,0.999901,0.004875,0.002511,0.012983
1,0.15,9,-0.21845,-0.537456,0.099237,0.369323,0.551612,0.491152,0.563998,0.015132,-0.0096,0.114562,0.999846,0.00525,-0.00069,0.016717
1,0.15,9,-0.218467,-0.53756,0.099308,0.369159,0.532538,0.48954,0.583503,0.015016,-0.009645,0.114585,0.999175,0.008425,-0.022695,0.032596
1,0.15,9,-0.218978,-0.537498,0.099158,0.378173,0.546149,0.480856,0.572262,0.015161,-0.009572,0.115096,0.999761,0.007948,-0.016553,0.01186
1,0.15,9,-0.218578,-0.537412,0.099207,0.366543,0.547573,0.490414,0.570354,0.015194,-0.009596,0.114686,0.9997,0.008754,-0.005412,0.022229
1,0.15,9,-0.218831,-0.537459,0.099215,0.372554,0.552105,0.485895,0.565942,0.015171,-0.00962,0.114941,0.999881,0.007494,-0.005074,0.012492
1,0.15,9,-0.218568,-0.537445,0.099261,0.362569,0.546874,0.49565,0.569037,0.015147,-0.009639,0.114675,0.999604,0.007162,-0.001141,0.027194
1,0.15,9,-0.218713,-0.537431,0.099188,0.372387,0.562381,0.488539,0.553521,0.015193,-0.009588,0.114823,0.999945,0.004012,0.008649,0.004341
1,0.15,9,-0.218815,-0.53749,0.099265,0.365219,0.543088,0.490211,0.575642,0.015126,-0.009659,0.114925,0.999527,0.010461,-0.010288,0.027042
1,0.15,9,-0.218822,-0.537522,0.099322,0.37114,0.541375,0.486886,0.57629,0.015082,-0.009707,0.11493,0.999575,0.008662,-0.015738,0.022979
1,0.15,9,-0.219087,-0.53767,0.099123,0.402999,0.547803,0.462393,0.568944,0.015014,-0.00951,0.115227,-0.999352,-0.003354,0.032865,0.014286
1,0.15,9,-0.218664,-0.53749,0.099299,0.370395,0.563403,0.489058,0.55336,0.015104,-0.009675,0.114772,0.999919,0.005148,0.01047,0.005177
1,0.15,9,-0.218339,-0.537358,0.099328,0.354294,0.54744,0.502703,0.567516,0.015194,-0.009697,0.114432,0.999342,0.007346,0.006725,0.034867
1,0.15,9,-0.218814,-0.537484,0.099158,0.383658,0.565517,0.478018,0.551812,0.015159,-0.009557,0.114932,-0.999941,-0.003924,-0.001864,0.009959
1,0.15,9,-0.218831,-0.537459,0.099215,0.372554,0.552105,0.485895,0.565942,0.015171,-0.00962,0.114941,0.999881,0.007494,-0.005074,0.012492
1,0.15,9,-0.21853,-0.537442,0.099259,0.361218,0.53725,0.497764,0.57716,0.015147,-0.009633,0.114638,0.999249,0.007014,-0.009553,0.036888
1,0.15,9,-0.218842,-0.537439,0.099179,0.372262,0.552159,0.484911,0.566925,0.0152,-0.009591,0.114952,0.999868,0.0087,-0.005826,0.012453
1,0.15,9,-0.218289,-0.537407,0.099275,0.361176,0.541919,0.496723,0.573709,0.015154,-0.009629,0.114393,0.999419,0.007721,-0.005413,0.03275
1,0.15,9,-0.218533,-0.537365,0.099426,0.355897,0.52716,0.50126,0.586667,0.01518,-0.009813,0.114616,0.998558,0.00881,-0.016543,0.050311
1,0.15,9,-0.218509,-0.537467,0.099041,0.381122,0.569571,0.483242,0.544804,0.015176,-0.009414,0.114638,-0.999884,-0.000588,-0.011247,0.010274
1,0.15,9,-0.218897,-0.537455,0.099166,0.376368,0.567169,0.484415,0.549553,0.015193,-0.009581,0.11501,-0.999934,-0.003978,-0.010017,0.004006
1,0.15,9,-0.218123,-0.537312,0.099082,0.365751,0.582408,0.493242,0.532672,0.015279,-0.009447,0.114235,-0.999309,-0.00263,-0.03641,0.007016
1,0.15,9,-0.218221,-0.537393,0.099085,0.373006,0.568725,0.489736,0.545507,0.01521,-0.009442,0.114341,-0.999857,-0.001534,-0.016798,0.001468
1,0.15,9,-0.218856,-0.537461,0.099214,0.373335,0.551453,0.48519,0.566667,0.015171,-0.009621,0.114966,0.999875,0.007552,-0.006488,0.012257
1,0.15,9,-0.218678,-0.537489,0.099228,0.371499,0.540883,0.488404,0.575235,0.015124,-0.009608,0.114792,0.999588,0.00692,-0.015018,0.023464
1,0.15,9,-0.218843,-0.537553,0.099205,0.379464,0.545495,0.481575,0.571426,0.015083,-0.00959,0.114965,0.999773,0.006173,-0.016801,0.011544
1,0.15,9,-0.218828,-0.537491,0.099272,0.378455,0.550576,0.482572,0.566359,0.015125,-0.009667,0.114937,0.999897,0.005662,-0.010284,0.008264
1,0.15,9,-0.218549,-0.537474,0.09931,0.365261,0.538392,0.491279,0.579105,0.015106,-0.009676,0.114655,0.999361,0.009734,-0.014439,0.031213
1,0.15,9,-0.218737,-0.537432,0.099283,0.373292,0.546452,0.487003,0.569974,0.01517,-0.009682,0.114839,0.999782,0.006268,-0.010396,0.01698
1,0.15,9,-0.219136,-0.537523,0.09914,0.3849,0.559702,0.478166,0.556725,0.015156,-0.009567,0.115257,-0.999966,-0.003316,0.004649,0.005871
1,0.15,9,-0.218611,-0.537387,0.099315,0.363237,0.541917,0.496183,0.572876,0.015194,-0.009709,0.114706,0.99948,0.006466,-0.006154,0.030989
1,0.15,9,-0.218626,-0.537433,0.099126,0.370962,0.56601,0.489731,0.549712,0.015198,-0.009518,0.114743,0.999893,0.003683,0.013934,0.002583
1,0.15,9,-0.218961,-0.537563,0.099268,0.377294,0.545997,0.48039,0.573378,0.015069,-0.009661,0.115078,0.999734,0.00918,-0.017011,0.012587
1,0.15,9,-0.218567,-0.537505,0.099205,0.373077,0.551204,0.485427,0.566876,0.015104,-0.009569,0.114686,0.999869,0.007571,-0.006527,0.012734
1,0.15,9,-0.21839,-0.537471,0.099275,0.370755,0.536037,0.49013,0.578772,0.015102,-0.009626,0.114501,0.999399,0.006245,-0.018663,0.028539
1,0.15,9,-0.218695,-0.53754,0.099299,0.382464,0.539766,0.476285,0.579247,0.015059,-0.009666,0.114808,0.999492,0.009042,-0.027817,0.012687
1,0.15,9,-0.218611,-0.537387,0.099315,0.363237,0.541917,0.496183,0.572876,0.015194,-0.009709,0.114706,0.99948,0.006466,-0.006154,0.030989
1,0.15,9,-0.218289,-0.537407,0.099275,0.361176,0.541919,0.496723,0.573709,0.015154,-0.009629,0.114393,0.999419,0.007721,-0.005413,0.03275
1,0.15,9,-0.218597,-0.537367,0.099285,0.361999,0.541332,0.495991,0.574377,0.01522,-0.009683,0.114692,0.999421,0.007769,-0.00679,0.032424
1,0.15,9,-0.218392,-0.537482,0.09929,0.366436,0.536657,0.494504,0.577226,0.015088,-0.009638,0.114503,0.999362,0.005716,-0.013693,0.032487
1,0.15,9,-0.218975,-0.537472,0.099278,0.384157,0.549521,0.47751,0.567833,0.015155,-0.009694,0.115079,0.999844,0.0056,-0.016388,0.003348
1,0.15,9,-0.218835,-0.53747,0.099235,0.378104,0.551027,0.481647,0.566942,0.015155,-0.009637,0.114944,0.99989,0.006826,-0.010542,0.007946
1,0.15,9,-0.218704,-0.537472,0.099192,0.372672,0.551654,0.485167,0.566927,0.015152,-0.00958,0.114819,0.999868,0.008138,-0.006209,0.012614
1,0.15,9,-0.218991,-0.537422,0.099085,0.378676,0.567154,0.479931,0.551912,0.015253,-0.009522,0.115106,-0.999939,-0.006316,-0.005863,0.006882
1,0.15,9,-0.218737,-0.537432,0.099283,0.373292,0.546452,0.487003,0.569974,0.01517,-0.009682,0.114839,0.999782,0.006268,-0.010396,0.01698
1,0.15,9,-0.218497,-0.537377,0.099259,0.368986,0.546244,0.491345,0.569251,0.015207,-0.009645,0.114597,0.999729,0.005832,-0.006364,0.021618
1,0.15,9,-0.218628,-0.537428,0.099379,0.365415,0.542962,0.496809,0.569951,0.015141,-0.009763,0.114722,0.999575,0.003882,-0.00476,0.028508
1,0.15,9,-0.218883,-0.537459,0.099097,0.380009,0.566089,0.479383,0.552566,0.015205,-0.009512,0.115002,-0.999949,-0.005788,-0.004052,0.007162
1,0.15,9,-0.218702,-0.537504,0.099246,0.378794,0.550661,0.481654,0.566831,0.015107,-0.009625,0.114816,0.99989,0.006244,-0.011015,0.007702
1,0.15,9,-0.218806,-0.537498,0.099286,0.373067,0.55222,0.487921,0.563743,0.015113,-0.009677,0.114914,0.999904,0.00506,-0.003259,0.012444
1,0.15,9,-0.218465,-0.537427,0.099348,0.368243,0.541148,0.493089,0.573079,0.015133,-0.009715,0.114564,0.999571,0.005193,-0.010303,0.026935
1,0.15,9,-0.218715,-0.537631,0.099288,0.381797,0.544051,0.482594,0.570388,0.014975,-0.009637,0.11484,0.999775,0.003252,-0.017765,0.011123
1,0.15,9,-0.218641,-0.53747,0.09935,0.363556,0.53443,0.491968,0.583249,0.015108,-0.009726,0.114743,0.999132,0.010803,-0.01786,0.036046
1,0.15,9,-0.218456,-0.537378,0.099167,0.375141,0.565623,0.488543,0.54833,0.015225,-0.009551,0.114564,-0.999927,-0.001191,-0.012011,0.000737
1,0.15,9,-0.218695,-0.537525,0.099283,0.379142,0.550162,0.48258,0.566294,0.015077,-0.009655,0.114809,0.999896,0.005086,-0.010808,0.008063
1,0.15,9,-0.218582,-0.537454,0.099278,0.367942,0.546718,0.491645,0.569213,0.015136,-0.009654,0.114689,0.99972,0.00641,-0.005459,0.02212
1,0.15,9,-0.218338,-0.537449,0.099386,0.354303,0.532706,0.502252,0.581752,0.015091,-0.009732,0.114437,0.998801,0.008879,-0.009572,0.047185
1,0.15,9,-0.218078,-0.537535,0.099296,0.3649,0.532849,0.494475,0.581733,0.015007,-0.009595,0.114198,0.999138,0.007324,-0.017587,0.036888
1,0.15,9,-0.219072,-0.537477,0.099169,0.383529,0.556407,0.475044,0.563605,0.015187,-0.009599,0.115185,-0.999907,-0.007894,0.010843,0.002632
1,0.15,9,-0.218631,-0.537417,0.099367,0.369569,0.541581,0.492579,0.572254,0.015154,-0.009754,0.114725,0.999613,0.004501,-0.010439,0.02539
1,0.15,9,-0.218428,-0.537395,0.099057,0.37902,0.582719,0.482917,0.532516,0.015234,-0.009437,0.114548,-0.999447,-0.000994,-0.026296,0.020351
1,0.15,10,-0.218036,-0.540628,0.100374,0.403118,0.53572,0.465962,0.57739,0.011567,-0.002455,0.115929,-0.999154,0.005117,0.037757,0.015464
1,0.15,10,-0.217903,-0.540596,0.100285,0.4084,0.554939,0.45312,0.565627,0.01161,-0.002359,0.115804,-0.998842,-0.000688,0.027764,0.039273
1,0.15,10,-0.217626,-0.540434,0.100502,0.377626,0.548821,0.479125,0.571519,0.011687,-0.00257,0.115487,-0.999943,-0.003551,0.009802,0.00235
1,0.15,10,-0.217582,-0.540416,0.100627,0.367837,0.535119,0.490226,0.581396,0.011668,-0.002688,0.115428,0.999705,0.002362,-0.014095,0.019661
1,0.15,10,-0.217358,-0.540319,0.100389,0.368311,0.569246,0.487689,0.549969,0.011804,-0.002453,0.115223,-0.999718,-0.001005,-0.021365,0.010336
1,0.15,10,-0.218086,-0.540451,0.100466,0.391078,0.543276,0.480549,0.566554,0.011717,-0.002594,0.115948,-0.999792,0.009163,0.016204,0.008327
1,0.15,10,-0.217161,-0.540319,0.100608,0.361163,0.562193,0.499439,0.551417,0.011731,-0.002636,0.115003,0.999686,-0.003623,0.024442,0.00416
1,0.15,10,-0.217139,-0.540147,0.100415,0.369727,0.574464,0.489075,0.542309,0.011945,-0.002491,0.114984,-0.99947,0.002335,-0.028372,0.015769
1,0.15,10,-0.217304,-0.540243,0.100594,0.354207,0.561143,0.506377,0.550671,0.01182,-0.002661,0.115138,0.999459,-0.00446,0.030233,0.012153
1,0.15,10,-0.217738,-0.540522,0.100379,0.404048,0.547114,0.459846,0.570923,0.011643,-0.002446,0.115622,-0.999161,0.00106,0.030484,0.027319
1,0.15,10,-0.217722,-0.540459,0.100364,0.385467,0.556137,0.47389,0.563519,0.011707,-0.002445,0.115601,-0.999843,-0.001027,0.007018,0.016216
1,0.15,10,-0.217543,-0.540365,0.100448,0.378377,0.566838,0.478156,0.553978,0.01176,-0.002524,0.115404,-0.999781,-0.001887,-0.009337,0.01862
1,0.15,10,-0.217768,-0.540394,0.100582,0.370801,0.537917,0.485837,0.580615,0.011716,-0.002676,0.115615,0.999781,0.003873,-0.015161,0.013911
1,0.15,10,-0.217751,-0.540444,0.100444,0.38469,0.548939,0.480959,0.565118,0.011703,-0.002528,0.115619,-0.99992,0.004451,0.008952,0.007779
1,0.15,10,-0.218001,-0.540478,0.100455,0.393485,0.538478,0.47801,0.571592,0.011688,-0.002566,0.115868,-0.999657,0.008399,0.023815,0.006876
1,0.15,10,-0.21794,-0.540365,0.100515,0.372472,0.552851,0.485145,0.56591,0.011776,-0.002643,0.115789,-0.999998,-0.001772,-0.000325,0.000169
1,0.15,10,-0.217815,-0.540315,0.100503,0.369413,0.549242,0.48727,0.569593,0.011817,-0.002626,0.115661,0.999978,0.002702,-0.001466,0.005864
1,0.15,10,-0.217174,-0.54034,0.100526,0.36511,0.567063,0.493488,0.549184,0.011733,-0.002554,0.115029,-0.999693,0.001704,-0.024287,0.004558
1,0.15,10,-0.218039,-0.540471,0.100508,0.388366,0.542724,0.468826,0.57864,0.011684,-0.002623,0.115899,-0.999609,-0.00463,0.026247,0.008482
1,0.15,10,-0.217463,-0.540305,0.10066,0.361319,0.550126,0.500559,0.562362,0.011756,-0.002731,0.115295,0.999815,-0.003529,0.011923,0.014644
1,0.15,10,-0.21783,-0.54036,0.100453,0.380433,0.550357,0.486343,0.562004,0.011787,-0.002569,0.115687,-0.999969,0.00613,0.002351,0.004254
1,0.15,10,-0.217415,-0.54027,0.100564,0.357496,0.566912,0.502731,0.545957,0.011811,-0.002641,0.115254,0.999435,-0.004351,0.033135,0.003716
1,0.15,10,-0.21783,-0.540531,0.100648,0.396349,0.516766,0.46457,0.60003,0.011572,-0.002714,0.115683,0.998286,0.003332,-0.058197,0.005264
1,0.15,10,-0.217847,-0.540455,0.100514,0.386827,0.539314,0.48068,0.573108,0.011682,-0.002606,0.115707,-0.999787,0.005184,0.019945,0.001478
1,0.15,10,-0.217752,-0.54035,0.10043,0.388422,0.552912,0.478776,0.560527,0.011796,-0.002538,0.115611,-0.99985,0.006025,0.006801,0.01474
1,0.15,10,-0.217741,-0.540369,0.100367,0.375451,0.568749,0.480498,0.55198,0.011794,-0.002472,0.115609,-0.999752,-0.001921,-0.013817,0.017349
1,0.15,10,-0.217995,-0.540696,0.100354,0.426108,0.5489,0.436595,0.571424,0.011503,-0.002413,0.115898,-0.997367,-0.000818,0.049159,0.053304
1,0.15,10,-0.217109,-0.540371,0.100498,0.368518,0.569572,0.493996,0.543829,0.011706,-0.00251,0.114971,-0.99957,0.005538,-0.027193,0.009424
1,0.15,10,-0.217815,-0.540315,0.100503,0.369413,0.549242,0.48727,0.569593,0.011817,-0.002626,0.115661,0.999978,0.002702,-0.001466,0.005864
1,0.15,10,-0.217815,-0.54039,0.100634,0.372944,0.524267,0.486627,0.590975,0.01171,-0.002733,0.115655,0.999287,0.002181,-0.029342,0.023641
1,0.15,10,-0.21795,-0.540458,0.100446,0.391282,0.545073,0.478477,0.566439,0.011705,-0.002555,0.115817,-0.999789,0.007489,0.015998,0.010502
1,0.15,10,-0.217741,-0.54042,0.100519,0.376759,0.549082,0.481671,0.569697,0.011705,-0.002605,0.115598,-0.999971,-0.001803,0.007277,0.001262
1,0.15,10,-0.217656,-0.540302,0.100573,0.365683,0.544193,0.492379,0.572444,0.011798,-0.002675,0.115494,0.999894,0.001372,-0.002173,0.014311
1,0.15,10,-0.217857,-0.54052,0.100514,0.39051,0.541173,0.476226,0.572576,0.011619,-0.002592,0.115724,-0.999722,0.004263,0.022055,0.00712
1,0.15,10,-0.217324,-0.540306,0.100485,0.379295,0.555246,0.478648,0.564565,0.011789,-0.002543,0.115177,-0.99995,-0.001919,0.003322,0.009278
1,0.15,10,-0.21768,-0.540415,0.100496,0.385249,0.550435,0.473732,0.56937,0.011711,-0.002576,0.115539,-0.999845,-0.001951,0.013424,0.011223
1,0.15,10,-0.217253,-0.540127,0.100473,0.358119,0.568675,0.496208,0.54967,0.011959,-0.002567,0.115088,0.999568,0.001456,0.029343,0.000294
1,0.15,10,-0.217521,-0.540393,0.100446,0.377354,0.562295,0.485301,0.553093,0.011732,-0.002511,0.115385,-0.999864,0.003714,-0.010424,0.01222
1,0.15,10,-0.217359,-0.540312,0.100737,0.359383,0.524209,0.497956,0.58999,0.011721,-0.002789,0.115184,0.999141,0.002761,-0.018008,0.03722
1,0.15,10,-0.217781,-0.540373,0.100487,0.380221,0.550887,0.47743,0.569224,0.011762,-0.002591,0.115636,-0.999931,-0.002734,0.009262,0.006615
1,0.15,10,-0.217494,-0.540275,0.100494,0.383343,0.561787,0.48084,0.553387,0.011831,-0.002583,0.115341,-0.999818,0.004544,-0.005396,0.017711
1,0.15,10,-0.217756,-0.540388,0.100752,0.368763,0.521598,0.491391,0.592017,0.011676,-0.002839,0.115583,0.999158,0.001306,-0.027614,0.03032
1,0.15,10,-0.2174,-0.540232,0.100577,0.358646,0.569512,0.501604,0.543527,0.011843,-0.002661,0.115233,0.999378,-0.004559,0.034966,0.000272
1,0.15,10,-0.217453,-0.540393,0.100507,0.375288,0.555739,0.488026,0.558699,0.011711,-0.002561,0.115312,-0.999968,0.003838,-0.005646,0.004267
1,0.15,10,-0.217506,-0.540328,0.100571,0.363472,0.557098,0.491294,0.562281,0.01176,-0.002646,0.11535,0.999918,0.003085,0.011402,0.004893
1,0.15,10,-0.217389,-0.540239,0.100466,0.374702,0.571252,0.485739,0.545278,0.011864,-0.002551,0.115236,-0.999612,0.002951,-0.021253,0.017752
1,0.15,10,-0.218036,-0.54066,0.10038,0.41987,0.528203,0.449805,0.585137,0.011535,-0.002453,0.115932,-0.997788,0.004271,0.06046,0.027303
1,0.15,10,-0.217388,-0.540245,0.100413,0.363779,0.573454,0.488187,0.548169,0.011824,-0.002543,0.115257,-0.999568,-0.003885,-0.02726,0.010325
1,0.15,10,-0.217839,-0.540449,0.100485,0.386557,0.55211,0.482227,0.559648,0.011694,-0.002579,0.115702,-0.999891,0.007674,0.004573,0.011719
1,0.15,10,-0.217478,-0.540269,0.100442,0.376734,0.558958,0.483009,0.558873,0.011801,-0.002576,0.115346,-0.999943,0.000547,-0.004925,0.009463
1,0.15,10,-0.21758,-0.540336,0.100466,0.377978,0.566552,0.476105,0.556305,0.011787,-0.002554,0.115435,-0.999793,-0.004291,-0.007319,0.018518
1,0.15,10,-0.217849,-0.540395,0.100455,0.388885,0.555089,0.478871,0.557967,0.011754,-0.002565,0.115708,-0.999824,0.006765,0.004347,0.016964
1,0.15,10,-0.217781,-0.540373,0.100487,0.380221,0.550887,0.47743,0.569224,0.011762,-0.002591,0.115636,-0.999931,-0.002734,0.009262,0.006615
1,0.15,10,-0.217467,-0.540433,0.100395,0.388235,0.564091,0.474058,0.553483,0.011702,-0.002445,0.115343,-0.999675,0.002504,-0.001735,0.025304
1,0.15,10,-0.217622,-0.540353,0.100676,0.368091,0.53108,0.490052,0.585075,0.011719,-0.002756,0.115456,0.999565,0.0026,-0.018596,0.022758
1,0.15,10,-0.217658,-0.540292,0.100454,0.376146,0.566662,0.481868,0.552459,0.011839,-0.002563,0.115509,-0.999797,-0.000216,-0.012547,0.015791
1,0.15,10,-0.218142,-0.540447,0.100418,0.392736,0.543421,0.474232,0.570575,0.011738,-0.002557,0.116008,-0.999694,0.004498,0.021507,0.01132
1,0.15,10,-0.217491,-0.540275,0.100499,0.383809,0.560023,0.482935,0.553027,0.011829,-0.002588,0.115337,-0.999834,0.00682,-0.005154,0.016095
1,0.15,10,-0.217309,-0.540284,0.100492,0.369308,0.574585,0.485286,0.545858,0.011808,-0.002554,0.115159,-0.999545,-0.001808,-0.02527,0.016357
1,0.15,10,-0.217912,-0.540547,0.100424,0.40638,0.539308,0.45734,0.578656,0.011574,-0.00255,0.115808,-0.99888,0.000114,0.041101,0.023449
1,0.15,10,-0.21769,-0.540255,0.100488,0.373821,0.562919,0.485277,0.554875,0.011868,-0.002609,0.115532,-0.999885,0.000651,-0.011501,0.009874
1,0.15,10,-0.217728,-0.540335,0.100454,0.379682,0.551844,0.482692,0.564196,0.011803,-0.002562,0.115582,-0.999975,0.00203,0.003719,0.005749
1,0.15,10,-0.217378,-0.540239,0.100627,0.359836,0.562727,0.502858,0.548626,0.011821,-0.002704,0.115207,0.999569,-0.00598,0.028206,0.005495
1,0.15,10,-0.217227,-0.540236,0.1006,0.364806,0.562185,0.497607,0.550683,0.011819,-0.002658,0.11506,0.999737,-0.004958,0.022387,0.000819
1,0.15,10,-0.218088,-0.540509,0.10062,0.390242,0.520429,0.468695,0.597654,0.011622,-0.002728,0.115939,0.998689,0.004584,-0.050304,0.008325
1,0.15,10,-0.217437,-0.540255,0.100494,0.366058,0.550835,0.49239,0.565805,0.011797,-0.002624,0.115298,0.999952,0.000376,0.0052,0.008287
1,0.15,10,-0.217688,-0.540361,0.100487,0.398032,0.560636,0.472404,0.551446,0.011766,-0.002582,0.115542,-0.999472,0.009257,0.004475,0.030836
1,0.15,10,-0.2176,-0.540357,0.100776,0.360035,0.513206,0.498565,0.598688,0.011687,-0.002847,0.115423,0.998524,0.002176,-0.029118,0.045785
1,0.15,10,-0.217876,-0.540494,0.100391,0.396555,0.555926,0.469721,0.559511,0.011678,-0.002483,0.115754,-0.999575,0.004763,0.011873,0.026179
1,0.15,10,-0.218003,-0.540361,0.100574,0.375493,0.532801,0.4801,0.587054,0.011769,-0.002709,0.115843,0.99956,0.005745,-0.026031,0.012984
1,0.15,10,-0.217578,-0.540334,0.100465,0.380576,0.565255,0.47878,0.553551,0.011788,-0.002553,0.115433,-0.99979,0.000478,-0.007842,0.018908
1,0.15,10,-0.217863,-0.540306,0.100638,0.375817,0.533951,0.484098,0.5825,0.011793,-0.002764,0.115692,0.999686,0.001522,-0.021532,0.012748
1,0.15,10,-0.217871,-0.540399,0.100457,0.383595,0.557362,0.473619,0.563815,0.011752,-0.002569,0.115731,-0.999855,-0.002815,0.00568,0.015792
1,0.15,10,-0.217741,-0.540203,0.100639,0.360203,0.540309,0.496416,0.5761,0.011835,-0.002819,0.115576,0.999735,0.002404,-0.002082,0.022782
1,0.15,10,-0.217374,-0.540229,0.100575,0.359639,0.570568,0.501878,0.541508,0.011844,-0.002656,0.115208,-0.999323,0.005849,-0.036298,0.001405
1,0.15,10,-0.217568,-0.540286,0.100647,0.368529,0.552569,0.494467,0.560675,0.011786,-0.002737,0.115397,0.999942,-0.003972,0.008455,0.005387
1,0.15,10,-0.217274,-0.540224,0.100548,0.367581,0.563341,0.494045,0.550864,0.011848,-0.002618,0.115111,-0.999782,0.003956,-0.020262,0.00321
1,0.15,10,-0.217788,-0.540358,0.100441,0.388015,0.548031,0.480558,0.564066,0.011788,-0.002552,0.115646,-0.999871,0.00691,0.01065,0.009832
1,0.15,10,-0.217391,-0.540152,0.10057,0.359882,0.561628,0.496402,0.555558,0.011921,-0.002672,0.115216,0.99976,0.000603,0.021326,0.005028
1,0.15,10,-0.217886,-0.540455,0.100683,0.379713,0.524584,0.479651,0.592085,0.01164,-0.002774,0.115727,0.999227,0.003047,-0.035672,0.016224
1,0.15,10,-0.217645,-0.540384,0.100597,0.373994,0.545386,0.481118,0.575506,0.011711,-0.002676,0.11549,0.999914,0.005085,-0.011434,0.003962
1,0.15,10,-0.217629,-0.540253,0.100549,0.363778,0.56028,0.497976,0.552966,0.0118,-0.002704,0.115481,0.999769,-0.004237,0.02082,0.003273
1,0.15,10,-0.217768,-0.540646,0.100634,0.416221,0.513414,0.448029,0.602026,0.01146,-0.002663,0.115637,-0.996946,-0.001433,0.077032,0.012723
1,0.15,10,-0.217788,-0.540348,0.100671,0.371507,0.533572,0.48897,0.581543,0.011739,-0.002775,0.115619,0.999693,0.00054,-0.017303,0.0177
1,0.15,10,-0.217408,-0.540188,0.100584,0.365193,0.567224,0.498133,0.544751,0.011884,-0.002679,0.115235,-0.999565,0.006471,-0.028519,0.003775
1,0.15,10,-0.21785,-0.540634,0.100511,0.426492,0.534793,0.439213,0.582403,0.011511,-0.002559,0.115731,-0.997203,0.000806,0.062401,0.041118
1,0.15,10,-0.217707,-0.54031,0.100628,0.374467,0.527695,0.483446,0.58957,0.011732,-0.002777,0.115555,0.999414,0.003703,-0.028425,0.018722
1,0.15,10,-0.217903,-0.54037,0.100606,0.382707,0.53686,0.474449,0.583279,0.011696,-0.002767,0.115758,0.999618,0.004608,-0.027138,0.002294
1,0.15,10,-0.217836,-0.540421,0.100374,0.389237,0.562554,0.467221,0.560118,0.011749,-0.002479,0.115708,-0.999628,-0.003459,0.005838,0.026418
1,0.15,10,-0.21794,-0.540365,0.100515,0.372472,0.552851,0.485145,0.56591,0.011776,-0.002643,0.115789,-0.999998,-0.001772,-0.000325,0.000169
1,0.15,10,-0.217775,-0.540444,0.100467,0.389208,0.556187,0.469423,0.564638,0.011698,-0.002554,0.11564,-0.999728,-0.00205,0.011095,0.020403
1,0.15,10,-0.21792,-0.540597,0.100468,0.409773,0.539927,0.451817,0.580023,0.011562,-0.002537,0.1158,-0.998574,-0.002057,0.045351,0.028094
1,0.15,10,-0.217574,-0.540406,0.100475,0.393551,0.553035,0.465792,0.567721,0.011716,-0.002544,0.115436,-0.999589,-0.002027,0.018045,0.022178
1,0.15,10,-0.21782,-0.540296,0.100383,0.388535,0.556784,0.479059,0.556358,0.011818,-0.002561,0.115693,-0.999809,0.00686,0.002128,0.018198
1,0.15,10,-0.217484,-0.540337,0.1005,0.384184,0.564524,0.476337,0.553912,0.011769,-0.002572,0.115337,-0.999751,0.001186,-0.004563,0.021806
1,0.15,10,-0.217658,-0.540292,0.100454,0.376146,0.566662,0.481868,0.552459,0.011839,-0.002563,0.115509,-0.999797,-0.000216,-0.012547,0.015791
1,0.15,10,-0.217449,-0.540297,0.100639,0.367991,0.550516,0.494409,0.563094,0.011768,-0.002711,0.115282,0.999947,-0.003233,0.006199,0.007561
1,0.15,10,-0.218079,-0.540469,0.100579,0.388786,0.535989,0.469848,0.583785,0.01167,-0.002697,0.115931,-0.999453,-0.003806,0.032716,0.002959
1,0.15,10,-0.217894,-0.540351,0.10046,0.402254,0.555983,0.470819,0.554441,0.011799,-0.002587,0.115748,-0.999403,0.010973,0.011403,0.030717
1,0.15,10,-0.217781,-0.540473,0.10055,0.387746,0.538593,0.470715,0.581376,0.011649,-0.002628,0.11564,-0.999562,-0.003691,0.029085,0.004058
1,0.15,10,-0.218079,-0.540469,0.100579,0.388786,0.535989,0.469848,0.583785,0.01167,-0.002697,0.115931,-0.999453,-0.003806,0.032716,0.002959
1,0.15,10,-0.217806,-0.540339,0.100348,0.391999,0.559368,0.474705,0.555067,0.011785,-0.002515,0.115688,-0.999682,0.005971,0.003264,0.024297
1,0.15,10,-0.21803,-0.540411,0.100344,0.399383,0.555347,0.470345,0.557547,0.011783,-0.002479,0.115902,-0.999505,0.007848,0.012258,0.027886
1,0.15,10,-0.218033,-0.540469,0.100502,0.394143,0.540588,0.473701,0.572734,0.011686,-0.002617,0.115893,-0.999618,0.004983,0.025182,0.010225
1,0.15,10,-0.217427,-0.540198,0.100606,0.3587,0.566142,0.504146,0.54466,0.01187,-0.0027,0.115253,0.999414,-0.006734,0.03336,0.003707
1,0.15,10,-0.217834,-0.54057,0.100489,0.408875,0.521995,0.459762,0.590729,0.011576,-0.002552,0.11571,-0.998256,0.003431,0.057992,0.010486
1,0.15,10,-0.217449,-0.540297,0.100639,0.367991,0.550516,0.494409,0.563094,0.011768,-0.002711,0.115282,0.999947,-0.003233,0.006199,0.007561
1,0.15,10,-0.217309,-0.540254,0.100568,0.372263,0.564193,0.491256,0.54934,0.011817,-0.002634,0.115147,-0.999784,0.005386,-0.018267,0.00838
1,0.15,10,-0.217226,-0.540191,0.100615,0.366469,0.560598,0.492185,0.556044,0.011858,-0.002683,0.115053,-0.999876,0.000798,-0.015698,0.000339
1,0.15,10,-0.217642,-0.540484,0.10042,0.403576,0.55716,0.459784,0.561514,0.011662,-0.002481,0.115518,-0.999181,0.001587,0.019405,0.035485
1,0.15,10,-0.217811,-0.540414,0.100624,0.386257,0.527596,0.474618,0.589225,0.011689,-0.002717,0.115655,0.99927,0.002015,-0.037452,0.007214
1,0.15,10,-0.217647,-0.540344,0.100481,0.385353,0.551497,0.478458,0.564297,0.011781,-0.002575,0.115501,-0.9999,0.002847,0.008309,0.011085
1,0.15,10,-0.217887,-0.540422,0.100632,0.378937,0.529999,0.479046,0.588238,0.011685,-0.002733,0.115729,0.999457,0.00397,-0.030337,0.01226
1,0.15,10,-0.217753,-0.540434,0.100527,0.400238,0.545488,0.469412,0.567366,0.01169,-0.002611,0.11561,-0.999481,0.006702,0.024014,0.020424
1,0.15,10,-0.21747,-0.540294,0.100465,0.380615,0.561166,0.480779,0.555946,0.01177,-0.002591,0.115337,-0.999872,0.002025,-0.005069,0.015055
1,0.15,10,-0.217537,-0.540224,0.100668,0.359215,0.548158,0.497613,0.568216,0.011838,-0.002769,0.115357,0.99982,0.001408,0.007502,0.017351
1,0.15,10,-0.217726,-0.54042,0.100517,0.382503,0.546389,0.486549,0.564288,0.011705,-0.002601,0.115583,-0.999944,0.00776,0.006784,0.002528
1,0.15,10,-0.216435,-0.540154,0.100712,0.353779,0.569551,0.502648,0.545708,0.011803,-0.002677,0.114257,0.999322,-0.001388,0.036541,0.004395
2,0.2625,11,0.156202,-0.615097,0.083649,0.0161,-0.733302,-0.679308,0.023441,-0.055355,0.01187,0.29722,-0.998908,0.005302,-0.027413,0.037449
2,0.2625,11,0.155975,-0.61444,0.083564,-0.037747,0.754512,0.654225,-0.035737,-0.055128,0.011954,0.296563,-0.996207,-0.001309,-0.051415,0.070186
2,0.2625,11,0.156102,-0.615253,0.083602,-0.054521,0.759419,0.646152,-0.052899,-0.055254,0.011917,0.297377,-0.993988,-0.001048,-0.075414,0.079363
2,0.2625,11,0.155975,-0.61444,0.083564,-0.037747,0.754512,0.654225,-0.035737,-0.055128,0.011954,0.296563,-0.996207,-0.001309,-0.051415,0.070186
2,0.2625,11,0.155975,-0.61444,0.083564,-0.037747,0.754512,0.654225,-0.035737,-0.055128,0.011954,0.296563,-0.996207,-0.001309,-0.051415,0.070186
2,0.2625,11,0.156102,-0.615253,0.083602,-0.054521,0.759419,0.646152,-0.052899,-0.055254,0.011917,0.297377,-0.993988,-0.001048,-0.075414,0.079363
2,0.2625,11,0.155975,-0.61444,0.083564,-0.037747,0.754512,0.654225,-0.035737,-0.055128,0.011954,0.296563,-0.996207,-0.001309,-0.051415,0.070186
2,0.2625,11,0.155975,-0.61444,0.083564,-0.037747,0.754512,0.654225,-0.035737,-0.055128,0.011954,0.296563,-0.996207,-0.001309,-0.051415,0.070186
2,0.2625,11,0.155975,-0.61444,0.083564,-0.037747,0.754512,0.654225,-0.035737,-0.055128,0.011954,0.296563,-0.996207,-0.001309,-0.051415,0.070186
2,0.2625,11,0.155975,-0.61444,0.083564,-0.037747,0.754512,0.654225,-0.035737,-0.055128,0.011954,0.296563,-0.996207,-0.001309,-0.051415,0.070186
2,0.2625,11,0.155975,-0.61444,0.083564,-0.037747,0.754512,0.654225,-0.035737,-0.055128,0.011954,0.296563,-0.996207,-0.001309,-0.051415,0.070186
2,0.2625,11,0.156202,-0.615097,0.083649,0.0161,-0.733302,-0.679308,0.023441,-0.055355,0.01187,0.29722,-0.998908,0.005302,-0.027413,0.037449
2,0.2625,11,0.156202,-0.615097,0.083649,0.0161,-0.733302,-0.679308,0.023441,-0.055355,0.01187,0.29722,-0.998908,0.005302,-0.027413,0.037449
2,0.2625,11,0.155975,-0.61444,0.083564,-0.037747,0.754512,0.654225,-0.035737,-0.055128,0.011954,0.296563,-0.996207,-0.001309,-0.051415,0.070186
2,0.2625,11,0.155975,-0.61444,0.083564,-0.037747,0.754512,0.654225,-0.035737,-0.055128,0.011954,0.296563,-0.996207,-0.001309,-0.051415,0.070186
2,0.2625,11,0.155975,-0.61444,0.083564,-0.037747,0.754512,0.654225,-0.035737,-0.055128,0.011954,0.296563,-0.996207,-0.001309,-0.051415,0.070186
2,0.2625,11,0.155975,-0.61444,0.083564,-0.037747,0.754512,0.654225,-0.035737,-0.055128,0.011954,0.296563,-0.996207,-0.001309,-0.051415,0.070186
2,0.2625,11,0.155975,-0.61444,0.083564,-0.037747,0.754512,0.654225,-0.035737,-0.055128,0.011954,0.296563,-0.996207,-0.001309,-0.051415,0.070186
2,0.2625,11,0.155975,-0.61444,0.083564,-0.037747,0.754512,0.654225,-0.035737,-0.055128,0.011954,0.296563,-0.996207,-0.001309,-0.051415,0.070186
2,0.2625,11,0.155975,-0.61444,0.083564,-0.037747,0.754512,0.654225,-0.035737,-0.055128,0.011954,0.296563,-0.996207,-0.001309,-0.051415,0.070186
2,0.2625,11,0.155975,-0.61444,0.083564,-0.037747,0.754512,0.654225,-0.035737,-0.055128,0.011954,0.296563,-0.996207,-0.001309,-0.051415,0.070186
2,0.2625,11,0.155975,-0.61444,0.083564,-0.037747,0.754512,0.654225,-0.035737,-0.055128,0.011954,0.296563,-0.996207,-0.001309,-0.051415,0.070186
2,0.2625,11,0.155975,-0.61444,0.083564,-0.037747,0.754512,0.654225,-0.035737,-0.055128,0.011954,0.296563,-0.996207,-0.001309,-0.051415,0.070186
2,0.2625,11,0.155975,-0.61444,0.083564,-0.037747,0.754512,0.654225,-0.035737,-0.055128,0.011954,0.296563,-0.996207,-0.001309,-0.051415,0.070186
2,0.2625,11,0.155975,-0.61444,0.083564,-0.037747,0.754512,0.654225,-0.035737,-0.055128,0.011954,0.296563,-0.996207,-0.001309,-0.051415,0.070186
2,0.2625,11,0.155975,-0.61444,0.083564,-0.037747,0.754512,0.654225,-0.035737,-0.055128,0.011954,0.296563,-0.996207,-0.001309,-0.051415,0.070186
2,0.2625,11,0.155975,-0.61444,0.083564,-0.037747,0.754512,0.654225,-0.035737,-0.055128,0.011954,0.296563,-0.996207,-0.001309,-0.051415,0.070186
2,0.2625,11,0.155975,-0.61444,0.083564,-0.037747,0.754512,0.654225,-0.035737,-0.055128,0.011954,0.296563,-0.996207,-0.001309,-0.051415,0.070186
2,0.2625,11,0.155975,-0.61444,0.083564,-0.037747,0.754512,0.654225,-0.035737,-0.055128,0.011954,0.296563,-0.996207,-0.001309,-0.051415,0.070186
2,0.2625,11,0.156202,-0.615097,0.083649,0.0161,-0.733302,-0.679308,0.023441,-0.055355,0.01187,0.29722,-0.998908,0.005302,-0.027413,0.037449
2,0.2625,11,0.155975,-0.61444,0.083564,-0.037747,0.754512,0.654225,-0.035737,-0.055128,0.011954,0.296563,-0.996207,-0.001309,-0.051415,0.070186
2,0.2625,11,0.155975,-0.61444,0.083564,-0.037747,0.754512,0.654225,-0.035737,-0.055128,0.011954,0.296563,-0.996207,-0.001309,-0.051415,0.070186
2,0.2625,11,0.155975,-0.61444,0.083564,-0.037747,0.754512,0.654225,-0.035737,-0.055128,0.011954,0.296563,-0.996207,-0.001309,-0.051415,0.070186
2,0.2625,11,0.155975,-0.61444,0.083564,-0.037747,0.754512,0.654225,-0.035737,-0.055128,0.011954,0.296563,-0.996207,-0.001309,-0.051415,0.070186
2,0.2625,11,0.155975,-0.61444,0.083564,-0.037747,0.754512,0.654225,-0.035737,-0.055128,0.011954,0.296563,-0.996207,-0.001309,-0.051415,0.070186
2,0.2625,11,0.155975,-0.61444,0.083564,-0.037747,0.754512,0.654225,-0.035737,-0.055128,0.011954,0.296563,-0.996207,-0.001309,-0.051415,0.070186
2,0.2625,11,0.155975,-0.61444,0.083564,-0.037747,0.754512,0.654225,-0.035737,-0.055128,0.011954,0.296563,-0.996207,-0.001309,-0.051415,0.070186
2,0.2625,11,0.155975,-0.61444,0.083564,-0.037747,0.754512,0.654225,-0.035737,-0.055128,0.011954,0.296563,-0.996207,-0.001309,-0.051415,0.070186
2,0.2625,11,0.155975,-0.61444,0.083564,-0.037747,0.754512,0.654225,-0.035737,-0.055128,0.011954,0.296563,-0.996207,-0.001309,-0.051415,0.070186
2,0.2625,11,0.155975,-0.61444,0.083564,-0.037747,0.754512,0.654225,-0.035737,-0.055128,0.011954,0.296563,-0.996207,-0.001309,-0.051415,0.070186
2,0.2625,11,0.155975,-0.61444,0.083564,-0.037747,0.754512,0.654225,-0.035737,-0.055128,0.011954,0.296563,-0.996207,-0.001309,-0.051415,0.070186
2,0.2625,11,0.155975,-0.61444,0.083564,-0.037747,0.754512,0.654225,-0.035737,-0.055128,0.011954,0.296563,-0.996207,-0.001309,-0.051415,0.070186
2,0.2625,11,0.155975,-0.61444,0.083564,-0.037747,0.754512,0.654225,-0.035737,-0.055128,0.011954,0.296563,-0.996207,-0.001309,-0.051415,0.070186
2,0.2625,11,0.155975,-0.61444,0.083564,-0.037747,0.754512,0.654225,-0.035737,-0.055128,0.011954,0.296563,-0.996207,-0.001309,-0.051415,0.070186
2,0.2625,11,0.155975,-0.61444,0.083564,-0.037747,0.754512,0.654225,-0.035737,-0.055128,0.011954,0.296563,-0.996207,-0.001309,-0.051415,0.070186
2,0.2625,11,0.155975,-0.61444,0.083564,-0.037747,0.754512,0.654225,-0.035737,-0.055128,0.011954,0.296563,-0.996207,-0.001309,-0.051415,0.070186
2,0.2625,11,0.155975,-0.61444,0.083564,-0.037747,0.754512,0.654225,-0.035737,-0.055128,0.011954,0.296563,-0.996207,-0.001309,-0.051415,0.070186
2,0.2625,11,0.155975,-0.61444,0.083564,-0.037747,0.754512,0.654225,-0.035737,-0.055128,0.011954,0.296563,-0.996207,-0.001309,-0.051415,0.070186
2,0.2625,11,0.156202,-0.615097,0.083649,0.0161,-0.733302,-0.679308,0.023441,-0.055355,0.01187,0.29722,-0.998908,0.005302,-0.027413,0.037449
2,0.2625,11,0.155975,-0.61444,0.083564,-0.037747,0.754512,0.654225,-0.035737,-0.055128,0.011954,0.296563,-0.996207,-0.001309,-0.051415,0.070186
2,0.2625,11,0.156365,-0.61615,0.083511,-0.043853,0.746247,0.662952,-0.041075,-0.055517,0.01201,0.298274,-0.99653,-0.001865,-0.059505,0.05817
2,0.2625,11,0.155975,-0.61444,0.083564,-0.037747,0.754512,0.654225,-0.035737,-0.055128,0.011954,0.296563,-0.996207,-0.001309,-0.051415,0.070186
2,0.2625,11,0.155975,-0.61444,0.083564,-0.037747,0.754512,0.654225,-0.035737,-0.055128,0.011954,0.296563,-0.996207,-0.001309,-0.051415,0.070186
2,0.2625,11,0.155975,-0.61444,0.083564,-0.037747,0.754512,0.654225,-0.035737,-0.055128,0.011954,0.296563,-0.996207,-0.001309,-0.051415,0.070186
2,0.2625,11,0.155975,-0.61444,0.083564,-0.037747,0.754512,0.654225,-0.035737,-0.055128,0.011954,0.296563,-0.996207,-0.001309,-0.051415,0.070186
2,0.2625,11,0.155975,-0.61444,0.083564,-0.037747,0.754512,0.654225,-0.035737,-0.055128,0.011954,0.296563,-0.996207,-0.001309,-0.051415,0.070186
2,0.2625,11,0.155975,-0.61444,0.083564,-0.037747,0.754512,0.654225,-0.035737,-0.055128,0.011954,0.296563,-0.996207,-0.001309,-0.051415,0.070186
2,0.2625,11,0.155975,-0.61444,0.083564,-0.037747,0.754512,0.654225,-0.035737,-0.055128,0.011954,0.296563,-0.996207,-0.001309,-0.051415,0.070186
2,0.2625,11,0.155975,-0.61444,0.083564,-0.037747,0.754512,0.654225,-0.035737,-0.055128,0.011954,0.296563,-0.996207,-0.001309,-0.051415,0.070186
2,0.2625,11,0.155975,-0.61444,0.083564,-0.037747,0.754512,0.654225,-0.035737,-0.055128,0.011954,0.296563,-0.996207,-0.001309,-0.051415,0.070186
2,0.2625,11,0.155975,-0.61444,0.083564,-0.037747,0.754512,0.654225,-0.035737,-0.055128,0.011954,0.296563,-0.996207,-0.001309,-0.051415,0.070186
2,0.2625,11,0.155975,-0.61444,0.083564,-0.037747,0.754512,0.654225,-0.035737,-0.055128,0.011954,0.296563,-0.996207,-0.001309,-0.051415,0.070186
2,0.2625,11,0.155975,-0.61444,0.083564,-0.037747,0.754512,0.654225,-0.035737,-0.055128,0.011954,0.296563,-0.996207,-0.001309,-0.051415,0.070186
2,0.2625,11,0.155975,-0.61444,0.083564,-0.037747,0.754512,0.654225,-0.035737,-0.055128,0.011954,0.296563,-0.996207,-0.001309,-0.051415,0.070186
2,0.2625,11,0.155975,-0.61444,0.083564,-0.037747,0.754512,0.654225,-0.035737,-0.055128,0.011954,0.296563,-0.996207,-0.001309,-0.051415,0.070186
2,0.2625,11,0.155975,-0.61444,0.083564,-0.037747,0.754512,0.654225,-0.035737,-0.055128,0.011954,0.296563,-0.996207,-0.001309,-0.051415,0.070186
2,0.2625,11,0.155975,-0.61444,0.083564,-0.037747,0.754512,0.654225,-0.035737,-0.055128,0.011954,0.296563,-0.996207,-0.001309,-0.051415,0.070186
2,0.2625,11,0.155975,-0.61444,0.083564,-0.037747,0.754512,0.654225,-0.035737,-0.055128,0.011954,0.296563,-0.996207,-0.001309,-0.051415,0.070186
2,0.2625,11,0.155975,-0.61444,0.083564,-0.037747,0.754512,0.654225,-0.035737,-0.055128,0.011954,0.296563,-0.996207,-0.001309,-0.051415,0.070186
2,0.2625,11,0.155975,-0.61444,0.083564,-0.037747,0.754512,0.654225,-0.035737,-0.055128,0.011954,0.296563,-0.996207,-0.001309,-0.051415,0.070186
2,0.2625,11,0.155975,-0.61444,0.083564,-0.037747,0.754512,0.654225,-0.035737,-0.055128,0.011954,0.296563,-0.996207,-0.001309,-0.051415,0.070186
2,0.2625,11,0.155975,-0.61444,0.083564,-0.037747,0.754512,0.654225,-0.035737,-0.055128,0.011954,0.296563,-0.996207,-0.001309,-0.051415,0.070186
2,0.2625,11,0.155975,-0.61444,0.083564,-0.037747,0.754512,0.654225,-0.035737,-0.055128,0.011954,0.296563,-0.996207,-0.001309,-0.051415,0.070186
2,0.2625,11,0.155975,-0.61444,0.083564,-0.037747,0.754512,0.654225,-0.035737,-0.055128,0.011954,0.296563,-0.996207,-0.001309,-0.051415,0.070186
2,0.2625,11,0.155975,-0.61444,0.083564,-0.037747,0.754512,0.654225,-0.035737,-0.055128,0.011954,0.296563,-0.996207,-0.001309,-0.051415,0.070186
2,0.225,12,0.153473,-0.611223,0.073485,-0.044775,0.688081,0.723739,-0.027244,0.003014,0.008523,0.172493,0.995763,0.007078,-0.000694,0.091677
2,0.225,12,0.153392,-0.611344,0.073319,-0.07716,0.719302,0.687095,-0.06747,0.003109,0.008701,0.172582,0.997682,0.002599,0.051509,0.044396
2,0.225,12,0.153625,-0.611781,0.073388,-0.036549,0.710741,0.702082,-0.024324,0.002921,0.008697,0.173045,0.998129,0.001225,-0.00802,0.06061
2,0.225,12,0.153742,-0.611693,0.073253,-0.028701,0.760005,0.649255,-0.006046,0.002797,0.008823,0.172952,-0.99958,-0.003724,0.026074,0.012047
2,0.225,12,0.153765,-0.611856,0.073432,-0.024767,0.732367,0.680458,-0.00164,0.002788,0.008667,0.173139,0.999019,0.005736,-0.032514,0.029505
2,0.225,12,0.153548,-0.611057,0.073505,-0.043218,0.693704,0.718374,-0.029067,0.002923,0.008484,0.17234,0.99645,0.004315,-0.000278,0.08407
2,0.225,12,0.153454,-0.611258,0.073459,-0.053557,0.680967,0.729463,-0.036043,0.003037,0.008553,0.172522,0.994805,0.008364,0.011654,0.100782
2,0.225,12,0.153586,-0.611706,0.073081,-0.055097,0.77116,0.633293,-0.034871,0.002956,0.00899,0.172927,-0.999427,-0.003687,-0.013311,0.030904
2,0.225,12,0.15361,-0.61171,0.073564,-0.043962,0.709588,0.702906,-0.021819,0.002926,0.008513,0.172997,0.998048,0.008518,-0.005032,0.061668
2,0.225,12,0.153393,-0.610869,0.07319,-0.082328,0.752434,0.650151,-0.066092,0.003062,0.008767,0.172097,-0.998487,-0.004918,-0.0545,0.005366
2,0.225,12,0.153338,-0.611321,0.073341,-0.079758,0.726718,0.678731,-0.069597,0.00316,0.008676,0.172557,0.997931,0.002598,0.054961,0.033248
2,0.225,12,0.153799,-0.612045,0.073479,-0.018353,0.737882,0.674642,0.007188,0.002773,0.008646,0.173335,0.998816,0.006315,-0.043277,0.021314
2,0.225,12,0.153371,-0.611016,0.073247,-0.076446,0.752518,0.651138,-0.06238,0.003097,0.008728,0.172247,-0.998842,-0.002961,-0.047799,0.004669
2,0.225,12,0.15336,-0.610855,0.073269,-0.074028,0.723213,0.683683,-0.063729,0.003092,0.008686,0.17209,0.998138,0.00244,0.046672,0.039189
2,0.225,12,0.153518,-0.611711,0.073313,-0.056498,0.752302,0.654673,-0.047473,0.003021,0.008759,0.172955,-0.999724,0.002126,-0.023333,0.001935
2,0.225,12,0.153897,-0.611689,0.073446,-0.001279,0.740059,0.672225,0.020615,0.00264,0.008635,0.172989,0.99775,0.002143,-0.064555,0.017981
2,0.225,12,0.153286,-0.610372,0.073343,-0.102904,0.72681,0.672472,-0.094553,0.003115,0.008547,0.171617,0.995589,0.003412,0.089203,0.028886
2,0.225,12,0.153468,-0.61212,0.073438,-0.079395,0.73291,0.673405,-0.055361,0.003111,0.008688,0.17337,0.998663,0.011267,0.04407,0.024576
2,0.225,12,0.153483,-0.611832,0.073326,-0.062763,0.733833,0.675078,-0.04265,0.003068,0.008762,0.173073,0.999382,0.007127,0.023483,0.025161
2,0.225,12,0.153568,-0.611689,0.07326,-0.06149,0.754345,0.652403,-0.039406,0.00297,0.00881,0.172932,-0.99975,-0.006778,-0.020589,0.005472
2,0.225,12,0.153589,-0.611978,0.07324,-0.063745,0.754019,0.652495,-0.04052,0.002979,0.008869,0.173216,-0.999694,-0.007757,-0.022913,0.005207
2,0.225,12,0.153404,-0.611381,0.07324,-0.076319,0.750161,0.653987,-0.061118,0.003101,0.008785,0.172609,-0.9989,-0.003877,-0.046712,0.001028
2,0.225,12,0.153602,-0.612216,0.073318,-0.048511,0.766286,0.640208,-0.024215,0.002989,0.008823,0.173463,-0.999722,-0.006146,-0.000815,0.022768
2,0.225,12,0.153479,-0.611588,0.073476,-0.053311,0.70365,0.707537,-0.037761,0.003046,0.00858,0.172852,0.997484,0.005453,0.013071,0.069467
2,0.225,12,0.153405,-0.610983,0.073532,-0.063858,0.67699,0.731842,-0.044881,0.003057,0.008443,0.172256,0.994072,0.010537,0.025082,0.105267
2,0.225,12,0.153439,-0.611091,0.073238,-0.08743,0.741108,0.661549,-0.073941,0.003037,0.008749,0.172326,0.997907,0.004404,0.063593,0.010838
2,0.225,12,0.153327,-0.610815,0.073264,-0.087428,0.739041,0.663981,-0.072829,0.00312,0.008684,0.172046,0.99792,0.005292,0.06271,0.013977
2,0.225,12,0.153548,-0.611842,0.073591,-0.054813,0.70248,0.708828,-0.032856,0.003001,0.008502,0.173125,0.997377,0.009894,0.010349,0.070954
2,0.225,12,0.153478,-0.611992,0.073493,-0.068931,0.726243,0.68224,-0.048676,0.003087,0.008617,0.173253,0.998819,0.008332,0.031979,0.035616
2,0.225,12,0.153611,-0.611911,0.073638,-0.048828,0.704926,0.707011,-0.028826,0.002945,0.008467,0.173205,0.99765,0.007886,0.003393,0.06798
2,0.225,12,0.1537,-0.6117,0.073654,-0.040695,0.710176,0.702451,-0.023566,0.002835,0.008424,0.173009,0.998102,0.004876,-0.005864,0.061108
2,0.225,12,0.153629,-0.611044,0.0732,-0.035494,0.790264,0.611668,-0.009212,0.002844,0.008786,0.172294,-0.998002,-0.004382,0.018489,0.060255
2,0.225,12,0.153288,-0.610377,0.073236,-0.10581,0.733111,0.665522,-0.091834,0.003115,0.008653,0.171607,0.995804,0.006916,0.089186,0.01932
2,0.225,12,0.153448,-0.611226,0.073635,-0.053704,0.681214,0.729215,-0.036189,0.003037,0.008374,0.172513,0.994838,0.00836,0.011864,0.100435
2,0.225,12,0.153518,-0.611703,0.073311,-0.061909,0.752123,0.654716,-0.04272,0.00302,0.00876,0.172948,-0.999713,-0.005075,-0.02332,0.002143
2,0.225,12,0.153686,-0.611744,0.073398,-0.037976,0.757202,0.652022,-0.008361,0.002857,0.008684,0.173016,-0.999755,-0.009374,0.018275,0.008291
2,0.225,12,0.153596,-0.61158,0.073566,-0.044961,0.722311,0.689718,-0.023109,0.002927,0.008493,0.172868,0.999024,0.0075,-0.003206,0.043416
2,0.225,12,0.153611,-0.611911,0.073638,-0.048828,0.704926,0.707011,-0.028826,0.002945,0.008467,0.173205,0.99765,0.007886,0.003393,0.06798
2,0.225,12,0.153523,-0.611805,0.073454,-0.062851,0.736024,0.672686,-0.042564,0.003023,0.008632,0.173067,0.999458,0.007087,0.023515,0.021916
2,0.225,12,0.153478,-0.611992,0.073493,-0.068931,0.726243,0.68224,-0.048676,0.003087,0.008617,0.173253,0.998819,0.008332,0.031979,0.035616
2,0.225,12,0.153618,-0.611443,0.073579,-0.030715,0.713631,0.699759,-0.011128,0.00289,0.008463,0.172737,0.998147,0.005324,-0.02176,0.056567
2,0.225,12,0.153547,-0.611685,0.073525,-0.064744,0.72255,0.686569,-0.048493,0.002986,0.008547,0.172962,0.998705,0.005587,0.02901,0.04141
2,0.225,12,0.153588,-0.612054,0.073369,-0.047524,0.759599,0.648167,-0.025123,0.002986,0.008751,0.173308,-0.99991,-0.005321,-0.000699,0.012322
2,0.225,12,0.153751,-0.612061,0.073525,-0.022622,0.737673,0.674733,0.007885,0.002822,0.008601,0.173352,0.998881,0.009994,-0.040993,0.021367
2,0.225,12,0.15351,-0.611899,0.073547,-0.069245,0.720214,0.688309,-0.05222,0.003045,0.008552,0.173172,0.998392,0.00667,0.034763,0.044284
2,0.225,12,0.153275,-0.610911,0.073274,-0.0938,0.737085,0.664635,-0.078534,0.003182,0.008686,0.172138,0.997315,0.006434,0.071216,0.015816
2,0.225,12,0.153651,-0.61224,0.07351,-0.04855,0.730386,0.680986,-0.020915,0.00294,0.008638,0.173517,0.999445,0.011046,-0.002355,0.031347
2,0.225,12,0.153428,-0.611045,0.073564,-0.056348,0.685364,0.725055,-0.037355,0.003039,0.00842,0.172324,0.99537,0.009286,0.014537,0.094554
2,0.225,12,0.153477,-0.611703,0.07335,-0.058936,0.75447,0.652336,-0.041953,0.003061,0.008721,0.172949,-0.999763,-0.003176,-0.020824,0.005423
2,0.225,12,0.153508,-0.610983,0.073563,-0.03984,0.703419,0.709277,-0.023252,0.002954,0.008415,0.17227,0.997463,0.004923,-0.00676,0.070692
2,0.225,12,0.153517,-0.611397,0.073634,-0.063333,0.705713,0.703609,-0.053783,0.002986,0.0084,0.172689,0.997339,0.002255,0.031813,0.065555
2,0.225,12,0.153493,-0.611014,0.073345,-0.08249,0.73338,0.671621,-0.065375,0.002974,0.008635,0.17227,0.998262,0.00694,0.053696,0.023266
2,0.225,12,0.153554,-0.611133,0.073573,-0.043005,0.686377,0.725429,-0.028105,0.002923,0.008426,0.172424,0.995543,0.005302,-0.001233,0.094155
2,0.225,12,0.153651,-0.61224,0.07351,-0.04855,0.730386,0.680986,-0.020915,0.00294,0.008638,0.173517,0.999445,0.011046,-0.002355,0.031347
2,0.225,12,0.153404,-0.611381,0.07324,-0.076319,0.750161,0.653987,-0.061118,0.003101,0.008785,0.172609,-0.9989,-0.003877,-0.046712,0.001028
2,0.225,12,0.153686,-0.611744,0.073398,-0.037976,0.757202,0.652022,-0.008361,0.002857,0.008684,0.173016,-0.999755,-0.009374,0.018275,0.008291
2,0.225,12,0.153657,-0.612031,0.073321,-0.039414,0.760917,0.64751,-0.013548,0.002915,0.008798,0.173286,-0.999791,-0.006758,0.013343,0.013944
2,0.225,12,0.153554,-0.611133,0.073573,-0.043005,0.686377,0.725429,-0.028105,0.002923,0.008426,0.172424,0.995543,0.005302,-0.001233,0.094155
2,0.225,12,0.153712,-0.61194,0.073355,-0.033958,0.762527,0.646046,-0.004824,0.002851,0.008753,0.173206,-0.999557,-0.00828,0.023472,0.01632
2,0.225,12,0.153611,-0.611911,0.073638,-0.048828,0.704926,0.707011,-0.028826,0.002945,0.008467,0.173205,0.99765,0.007886,0.003393,0.06798
2,0.225,12,0.153247,-0.610276,0.073357,-0.096554,0.718847,0.682558,-0.089733,0.003144,0.008519,0.17152,0.995823,0.002435,0.081203,0.041679
2,0.225,12,0.153799,-0.612045,0.073479,-0.018353,0.737882,0.674642,0.007188,0.002773,0.008646,0.173335,0.998816,0.006315,-0.043277,0.021314
2,0.225,12,0.153548,-0.611842,0.073591,-0.054813,0.70248,0.708828,-0.032856,0.003001,0.008502,0.173125,0.997377,0.009894,0.010349,0.070954
2,0.225,12,0.153571,-0.611743,0.073609,-0.042637,0.710942,0.701665,-0.020256,0.002968,0.008472,0.173032,0.998149,0.008456,-0.007064,0.059816
2,0.225,12,0.153746,-0.612262,0.073422,-0.045488,0.730987,0.680489,-0.022884,0.002849,0.00873,0.173536,0.999495,0.007409,-0.002884,0.03075
2,0.225,12,0.153766,-0.611905,0.073629,-0.021849,0.71001,0.703838,-0.004445,0.00279,0.008478,0.173214,0.997536,0.003323,-0.032683,0.061983
2,0.225,12,0.153588,-0.612054,0.073369,-0.047524,0.759599,0.648167,-0.025123,0.002986,0.008751,0.173308,-0.99991,-0.005321,-0.000699,0.012322
2,0.225,12,0.153686,-0.611744,0.073398,-0.037976,0.757202,0.652022,-0.008361,0.002857,0.008684,0.173016,-0.999755,-0.009374,0.018275,0.008291
2,0.225,12,0.153548,-0.611842,0.073591,-0.054813,0.70248,0.708828,-0.032856,0.003001,0.008502,0.173125,0.997377,0.009894,0.010349,0.070954
2,0.225,12,0.153585,-0.611382,0.073522,-0.058249,0.714568,0.695937,-0.040878,0.002918,0.00851,0.172666,0.998367,0.006318,0.018843,0.05356
2,0.225,12,0.153338,-0.610302,0.073342,-0.097033,0.726143,0.674734,-0.089635,0.003056,0.008539,0.171553,0.996183,0.002324,0.08157,0.030984
2,0.225,12,0.153645,-0.611235,0.073256,-0.009875,0.761151,0.648499,-9e-05,0.002847,0.008756,0.172491,-0.998971,0.006585,0.042928,0.013083
2,0.225,12,0.153476,-0.611306,0.073407,-0.079997,0.719236,0.687051,-0.065278,0.00302,0.008611,0.172564,0.997662,0.006176,0.05173,0.044232
2,0.225,12,0.153623,-0.611185,0.073636,-0.053892,0.68098,0.729404,-0.036491,0.002858,0.008373,0.17249,0.994803,0.008319,0.012213,0.100739
2,0.225,12,0.154157,-0.611373,0.073547,0.003378,0.727301,0.685665,0.029762,0.002348,0.0085,0.172717,0.996532,0.005584,-0.074702,0.036215
2,0.1875,13,0.154457,-0.617358,0.085773,-0.049238,0.72735,0.683534,-0.036316,0.001907,-0.011848,0.149319,0.999974,-0.00528,-0.002474,0.004187
2,0.1875,13,0.154527,-0.617975,0.085837,-0.055947,0.736454,0.673558,-0.028727,0.001915,-0.011869,0.149943,-0.999938,-0.00394,0.003211,0.009937
2,0.1875,13,0.154523,-0.618058,0.085816,-0.063375,0.746736,0.661355,-0.031269,0.00193,-0.011842,0.150023,-0.999633,-0.006647,-0.004017,0.025956
2,0.1875,13,0.154513,-0.618053,0.085813,-0.056887,0.747912,0.659981,-0.042625,0.001939,-0.01184,0.150017,-0.999589,0.005927,-0.007925,0.026912
2,0.1875,13,0.154539,-0.618151,0.08585,-0.063434,0.740884,0.666584,-0.052267,0.001925,-0.011869,0.15012,-0.999644,0.007098,-0.019296,0.017005
2,0.1875,13,0.154504,-0.617917,0.085757,-0.06266,0.73363,0.675776,-0.034461,0.001932,-0.011794,0.149877,-0.999952,-0.005168,-0.005517,0.006312
2,0.1875,13,0.154517,-0.618536,0.085897,-0.061324,0.755705,0.650521,-0.044412,0.001994,-0.011891,0.150501,-0.999143,0.004658,-0.0125,0.039174
2,0.1875,13,0.154577,-0.618183,0.085698,-0.044242,0.778375,0.625819,-0.022926,0.001896,-0.011714,0.150145,-0.997203,0.004595,0.014227,0.073224
2,0.1875,13,0.154532,-0.617844,0.085763,-0.056046,0.754131,0.652978,-0.042023,0.001896,-0.011803,0.149809,-0.999295,0.006713,-0.007085,0.03626
2,0.1875,13,0.154555,-0.618128,0.085913,-0.043601,0.732988,0.678055,-0.032704,0.001905,-0.011933,0.150104,-0.999927,0.007433,0.008839,0.003654
2,0.1875,13,0.154456,-0.617536,0.085756,-0.064771,0.740033,0.668469,-0.036127,0.001932,-0.01182,0.149495,-0.999825,-0.004973,-0.008352,0.015983
2,0.1875,13,0.154527,-0.6178,0.085758,-0.046668,0.741487,0.668849,-0.025678,0.001894,-0.011801,0.149765,-0.999793,0.001195,0.011665,0.016648
2,0.1875,13,0.15439,-0.617579,0.085863,-0.065836,0.731774,0.676224,-0.053785,0.002,-0.011926,0.149536,-0.999739,0.005547,-0.021821,0.003769
2,0.1875,13,0.15452,-0.618343,0.085837,-0.0548,0.753751,0.653885,-0.035923,0.001969,-0.011844,0.150306,-0.999358,0.003419,-0.001748,0.035632
2,0.1875,13,0.15446,-0.617722,0.085825,-0.06867,0.738908,0.668984,-0.041951,0.00195,-0.011876,0.149684,-0.999768,-0.003935,-0.015266,0.014655
2,0.1875,13,0.154602,-0.617578,0.085914,-0.037101,0.719459,0.693296,-0.018506,0.001788,-0.01197,0.149565,0.999581,-0.001248,-0.023998,0.01612
2,0.1875,13,0.154711,-0.617995,0.085826,-0.026349,0.756582,0.653263,0.011705,0.001736,-0.01185,0.149985,-0.997804,-0.008052,0.052439,0.039652
2,0.1875,13,0.154431,-0.617583,0.085876,-0.05752,0.716201,0.694617,-0.035417,0.00196,-0.011937,0.149546,0.999804,0.00237,0.00228,0.01953
2,0.1875,13,0.154489,-0.617497,0.08596,-0.05903,0.723492,0.686649,-0.039841,0.00189,-0.012025,0.149475,0.999937,-0.000213,0.006725,0.008943
2,0.1875,13,0.15468,-0.618248,0.085834,-0.046815,0.764819,0.642485,-0.008561,0.001798,-0.011842,0.150232,-0.9983,-0.008375,0.02341,0.052712
2,0.1875,13,0.154403,-0.617972,0.085808,-0.062644,0.743753,0.663465,-0.052175,0.002038,-0.011844,0.149923,-0.999568,0.007876,-0.018764,0.021212
2,0.1875,13,0.154644,-0.617904,0.08583,-0.034572,0.737868,0.673817,-0.018066,0.00179,-0.011862,0.149887,-0.999606,0.004474,0.025601,0.010562
2,0.1875,13,0.154483,-0.617979,0.08589,-0.064177,0.743714,0.663589,-0.049204,0.001958,-0.011923,0.149946,-0.999606,0.004729,-0.017633,0.021311
2,0.1875,13,0.154513,-0.618053,0.085813,-0.056887,0.747912,0.659981,-0.042625,0.001939,-0.01184,0.150017,-0.999589,0.005927,-0.007925,0.026912
2,0.1875,13,0.154238,-0.617327,0.085823,-0.082428,0.729135,0.675923,-0.068528,0.00212,-0.011908,0.149265,-0.999025,0.003336,-0.04398,0.001952
2,0.1875,13,0.154196,-0.617158,0.085747,-0.101038,0.74249,0.655791,-0.091858,0.002142,-0.011845,0.149087,-0.996894,0.007055,-0.07432,0.025091
2,0.1875,13,0.154483,-0.617557,0.08578,-0.06791,0.74564,0.661585,-0.041408,0.001907,-0.011842,0.14952,-0.999586,-0.003126,-0.014527,0.02464
2,0.1875,13,0.154531,-0.618109,0.085839,-0.042579,0.755105,0.653822,-0.022797,0.001928,-0.011861,0.150076,-0.999182,0.003482,0.016192,0.0369
2,0.1875,13,0.15439,-0.617553,0.085773,-0.07807,0.74595,0.658096,-0.066127,0.001999,-0.011838,0.149504,-0.998844,0.006418,-0.039664,0.026389
2,0.1875,13,0.154413,-0.617331,0.085889,-0.055702,0.724864,0.685985,-0.029895,0.001945,-0.011967,0.149295,0.999963,0.004029,-0.00281,0.007093
2,0.1875,13,0.154317,-0.617433,0.085653,-0.076121,0.764334,0.637683,-0.057968,0.002059,-0.011729,0.149368,-0.997982,0.003997,-0.032873,0.054179
2,0.1875,13,0.154569,-0.618503,0.085821,-0.053795,0.766965,0.638089,-0.0414,0.001941,-0.011816,0.15047,-0.998384,0.009147,-0.005475,0.055818
2,0.1875,13,0.154589,-0.617914,0.085878,-0.040894,0.734735,0.676716,-0.023395,0.001845,-0.011911,0.149893,-0.999823,0.003215,0.017461,0.006238
2,0.1875,13,0.154202,-0.617163,0.085675,-0.090679,0.754357,0.645984,-0.073677,0.002138,-0.011772,0.149088,-0.997688,0.003231,-0.054132,0.040968
2,0.1875,13,0.154555,-0.618128,0.085913,-0.043601,0.732988,0.678055,-0.032704,0.001905,-0.011933,0.150104,-0.999927,0.007433,0.008839,0.003654
2,0.1875,13,0.154445,-0.617914,0.085866,-0.067944,0.734957,0.67349,-0.040412,0.001988,-0.011904,0.149875,-0.999859,-0.004823,-0.013536,0.008738
2,0.1875,13,0.154652,-0.618257,0.085817,-0.032934,0.758657,0.65049,-0.014755,0.001828,-0.011825,0.150236,-0.998701,0.005358,0.028565,0.04186
2,0.1875,13,0.154405,-0.618142,0.08587,-0.066957,0.744124,0.662115,-0.058314,0.002056,-0.011894,0.150096,-0.999367,0.008973,-0.026241,0.02226
2,0.1875,13,0.15438,-0.617371,0.08585,-0.055782,0.726454,0.684299,-0.029794,0.001984,-0.011927,0.149328,0.999977,0.004011,-0.002792,0.004772
2,0.1875,13,0.154484,-0.61815,0.085953,-0.068733,0.744007,0.662295,-0.05563,0.001977,-0.011973,0.15012,-0.99941,0.005838,-0.025485,0.022258
2,0.1875,13,0.154653,-0.618544,0.085917,-0.050302,0.75228,0.65668,-0.017802,0.00186,-0.011905,0.150528,-0.999317,-0.005806,0.014642,0.033432
2,0.1875,13,0.154634,-0.617289,0.085594,-0.008113,0.758559,0.651282,0.018854,0.001728,-0.011669,0.14926,-0.996652,0.000569,0.070025,0.042211
2,0.1875,13,0.154547,-0.617358,0.085877,-0.035274,0.720259,0.692643,-0.015087,0.001816,-0.011949,0.149337,0.999503,-0.000322,-0.027728,0.014974
2,0.1875,13,0.154531,-0.618109,0.085839,-0.042579,0.755105,0.653822,-0.022797,0.001928,-0.011861,0.150076,-0.999182,0.003482,0.016192,0.0369
2,0.1875,13,0.154551,-0.617421,0.085912,-0.052369,0.711259,0.700519,-0.02531,0.001819,-0.01198,0.149403,0.999584,0.005962,-0.008756,0.026822
2,0.1875,13,0.154613,-0.617718,0.085817,-0.035304,0.756771,0.652724,0.001314,0.001798,-0.011863,0.149698,-0.998424,-0.007487,0.038738,0.039911
2,0.1875,13,0.154428,-0.617479,0.085909,-0.064225,0.738053,0.669991,-0.047596,0.001948,-0.011977,0.149445,-0.999779,0.00307,-0.016335,0.012876
2,0.1875,13,0.154667,-0.618029,0.0859,-0.019258,0.746584,0.665012,-0.000392,0.001782,-0.011923,0.150019,-0.998529,0.004404,0.048738,0.023365
2,0.1875,13,0.154483,-0.617979,0.08589,-0.064177,0.743714,0.663589,-0.049204,0.001958,-0.011923,0.149946,-0.999606,0.004729,-0.017633,0.021311
2,0.1875,13,0.154483,-0.617979,0.08589,-0.064177,0.743714,0.663589,-0.049204,0.001958,-0.011923,0.149946,-0.999606,0.004729,-0.017633,0.021311
2,0.1875,13,0.154364,-0.617039,0.085957,-0.056319,0.713136,0.697662,-0.039148,0.001955,-0.012057,0.149005,0.999701,-0.000773,0.004124,0.024084
2,0.1875,13,0.154533,-0.617336,0.085852,-0.055467,0.726323,0.684478,-0.02945,0.001828,-0.011927,0.149313,0.999974,0.004028,-0.003263,0.004984
2,0.1875,13,0.15439,-0.617579,0.085863,-0.065836,0.731774,0.676224,-0.053785,0.002,-0.011926,0.149536,-0.999739,0.005547,-0.021821,0.003769
2,0.1875,13,0.154577,-0.618183,0.085698,-0.044242,0.778375,0.625819,-0.022926,0.001896,-0.011714,0.150145,-0.997203,0.004595,0.014227,0.073224
2,0.1875,13,0.154589,-0.618293,0.085895,-0.042042,0.747104,0.662928,-0.024374,0.001893,-0.011903,0.15027,-0.999564,0.004196,0.015633,0.024705
2,0.1875,13,0.15451,-0.617915,0.085954,-0.047364,0.733532,0.677795,-0.016773,0.001921,-0.01199,0.14989,-0.999807,-0.006117,0.01791,0.005218
2,0.1875,13,0.154531,-0.618109,0.085839,-0.042579,0.755105,0.653822,-0.022797,0.001928,-0.011861,0.150076,-0.999182,0.003482,0.016192,0.0369
2,0.1875,13,0.15431,-0.617667,0.08584,-0.085109,0.740568,0.662987,-0.069017,0.002091,-0.011899,0.149611,-0.99873,0.002785,-0.04648,0.019239
2,0.1875,13,0.154354,-0.616558,0.085738,-0.056278,0.697702,0.713133,-0.038562,0.00191,-0.011872,0.148512,0.998942,0.000973,0.003348,0.045848
2,0.1875,13,0.154229,-0.617177,0.085818,-0.089781,0.735051,0.667143,-0.080991,0.00211,-0.011913,0.149115,-0.998199,0.007078,-0.058359,0.011954
2,0.1875,13,0.154704,-0.617467,0.085895,-0.023597,0.721924,0.691531,-0.007304,0.001673,-0.011954,0.149466,0.999053,-0.003677,-0.041351,0.013002
2,0.1875,13,0.154296,-0.617315,0.085722,-0.075452,0.737533,0.668123,-0.062963,0.002063,-0.011806,0.149253,-0.999272,0.005369,-0.035311,0.013426
2,0.1875,13,0.154637,-0.61801,0.085834,-0.01527,0.753933,0.656767,0.002814,0.00181,-0.011859,0.149992,-0.997952,0.005819,0.053591,0.034424
2,0.1875,13,0.15428,-0.6176,0.085798,-0.076697,0.750813,0.652687,-0.066307,0.002113,-0.011863,0.149539,-0.998643,0.007995,-0.038991,0.033589
2,0.1875,13,0.154378,-0.617407,0.08587,-0.0685,0.720853,0.688134,-0.04637,0.00199,-0.011945,0.149365,0.999766,0.002451,0.017943,0.011857
2,0.1875,13,0.154555,-0.618128,0.085913,-0.043601,0.732988,0.678055,-0.032704,0.001905,-0.011933,0.150104,-0.999927,0.007433,0.008839,0.003654
2,0.1875,13,0.154613,-0.617718,0.085817,-0.035304,0.756771,0.652724,0.001314,0.001798,-0.011863,0.149698,-0.998424,-0.007487,0.038738,0.039911
2,0.1875,13,0.154379,-0.617734,0.085643,-0.067199,0.770991,0.631468,-0.048019,0.002036,-0.011696,0.149672,-0.99778,0.004317,-0.019653,0.063486
2,0.15,14,0.153643,-0.620184,0.094782,-0.05645,0.752018,0.655575,-0.038778,0.002449,-0.009356,0.106405,-0.999869,0.001827,0.000214,0.016075
2,0.15,14,0.153604,-0.619766,0.094637,-0.063127,0.759111,0.646499,-0.042485,0.002433,-0.009255,0.105973,-0.999593,0.00011,-0.007239,0.027583
2,0.15,14,0.153695,-0.619352,0.094841,-0.050782,0.728001,0.683114,-0.028123,0.002283,-0.009498,0.105598,0.999715,0.003526,-0.012547,0.019982
2,0.15,14,0.153743,-0.620159,0.094586,-0.053028,0.770289,0.634622,-0.033118,0.00235,-0.00916,0.106373,-0.999009,0.002442,0.006199,0.043997
2,0.15,14,0.153815,-0.619669,0.094784,-0.041621,0.743575,0.667269,-0.010742,0.002209,-0.009405,0.105921,-0.999485,-0.006835,0.031241,0.002804
2,0.15,14,0.15371,-0.619759,0.094601,-0.049622,0.756305,0.651566,-0.031668,0.002328,-0.009217,0.105976,-0.999704,0.002542,0.009979,0.022052
2,0.15,14,0.153446,-0.619633,0.094655,-0.076363,0.752769,0.6513,-0.057586,0.002571,-0.009292,0.105823,-0.99944,-0.000169,-0.027239,0.019436
2,0.15,14,0.153625,-0.619415,0.094783,-0.056582,0.736693,0.673039,-0.033176,0.002362,-0.009436,0.105645,0.99996,0.003565,-0.004687,0.006776
2,0.15,14,0.153683,-0.619685,0.094703,-0.066064,0.741727,0.666407,-0.037123,0.002343,-0.009327,0.10591,-0.99996,-0.007413,-0.004755,0.001641
2,0.15,14,0.153599,-0.61987,0.094812,-0.063383,0.737053,0.671883,-0.036177,0.002449,-0.009419,0.106094,0.999961,0.006537,0.00213,0.005588
2,0.15,14,0.153604,-0.619766,0.094637,-0.063127,0.759111,0.646499,-0.042485,0.002433,-0.009255,0.105973,-0.999593,0.00011,-0.007239,0.027583
2,0.15,14,0.153562,-0.619602,0.094666,-0.070533,0.744847,0.661871,-0.046421,0.002453,-0.009302,0.105809,-0.99986,-0.004164,-0.01477,0.006726
2,0.15,14,0.154092,-0.619674,0.094724,-0.037901,0.754288,0.655448,-0.001355,0.001936,-0.009335,0.105957,-0.998957,-0.009273,0.040418,0.019113
2,0.15,14,0.154244,-0.619466,0.094845,-0.032539,0.732649,0.679717,-0.012329,0.001755,-0.009471,0.105785,0.999236,0.000151,-0.036419,0.01416
2,0.15,14,0.15416,-0.619822,0.094819,-0.062212,0.752176,0.65466,-0.042215,0.001887,-0.009412,0.106122,-0.999838,-0.000105,-0.006228,0.016884
2,0.15,14,0.154228,-0.620031,0.094649,-0.059203,0.76882,0.636154,-0.026814,0.001852,-0.00922,0.106319,-0.999053,-0.006487,0.00678,0.04248
2,0.15,14,0.15413,-0.619654,0.09485,-0.057483,0.737739,0.672116,-0.026406,0.001893,-0.009461,0.105956,0.999909,0.008657,-0.009092,0.004971
2,0.15,14,0.153899,-0.619937,0.09473,-0.043407,0.756072,0.652662,-0.022434,0.002163,-0.009321,0.106191,-0.99955,0.000928,0.021027,0.021374
2,0.15,14,0.153868,-0.619854,0.094695,-0.042939,0.75974,0.648483,-0.020528,0.002184,-0.009296,0.106101,-0.999378,0.000374,0.022654,0.027012
2,0.15,14,0.153664,-0.619637,0.09478,-0.076357,0.746244,0.658768,-0.057563,0.002354,-0.009409,0.105868,-0.999588,-0.000843,-0.027042,0.009545
2,0.15,14,0.154122,-0.619798,0.094541,-0.018121,0.775499,0.630945,0.013437,0.001927,-0.00914,0.106064,-0.996616,-0.002324,0.064004,0.051521
2,0.15,14,0.153832,-0.620034,0.094817,-0.04079,0.752702,0.656718,-0.022294,0.002241,-0.0094,0.106286,-0.999605,0.002425,0.02298,0.016024
2,0.15,14,0.153677,-0.619556,0.094829,-0.060671,0.732948,0.676569,-0.036878,0.002329,-0.009466,0.105796,0.999918,0.004475,0.00073,0.011947
2,0.15,14,0.154133,-0.619785,0.094761,-0.030151,0.750887,0.659716,0.005838,0.00191,-0.009359,0.106075,-0.998564,-0.008691,0.051037,0.013791
2,0.15,14,0.153786,-0.619304,0.094814,-0.048279,0.727014,0.68452,-0.0235,0.002187,-0.009473,0.105561,0.9996,0.004869,-0.017687,0.021515
2,0.15,14,0.153854,-0.619798,0.094803,-0.050305,0.751421,0.657271,-0.028811,0.002187,-0.00941,0.106056,-0.999822,-0.000372,0.011779,0.014753
2,0.15,14,0.153918,-0.619715,0.094779,-0.045316,0.748031,0.661989,-0.012903,0.002113,-0.009391,0.105979,-0.999558,-0.007671,0.027041,0.009712
2,0.15,14,0.153791,-0.619682,0.094793,-0.046018,0.742163,0.668397,-0.017959,0.002234,-0.009413,0.105931,-0.999721,-0.0054,0.022965,0.000781
2,0.15,14,0.1538,-0.619606,0.094883,-0.048551,0.730984,0.680375,-0.019878,0.002213,-0.00951,0.105867,0.999651,0.007101,-0.020106,0.015573
2,0.15,14,0.153842,-0.61951,0.094908,-0.042689,0.733837,0.677853,-0.013267,0.002158,-0.009544,0.105781,0.999491,0.006908,-0.028886,0.011647
2,0.15,14,0.153876,-0.61985,0.094828,-0.045315,0.748482,0.661463,-0.0137,0.002172,-0.009428,0.106112,-0.999572,-0.007093,0.026438,0.010356
2,0.15,14,0.153845,-0.619749,0.094813,-0.042368,0.741109,0.669924,-0.012819,0.002189,-0.009424,0.106007,0.999552,0.006246,-0.029259,0.000901
2,0.15,14,0.153857,-0.619955,0.094752,-0.05343,0.757131,0.650746,-0.020671,0.002207,-0.009342,0.106205,-0.999562,-0.007544,0.015573,0.023989
2,0.15,14,0.154028,-0.61961,0.094784,-0.041474,0.743387,0.667491,-0.010584,0.001989,-0.009404,0.105892,-0.999478,-0.006851,0.031462,0.002517
2,0.15,14,0.154055,-0.619458,0.094744,-0.051662,0.746122,0.663071,-0.031136,0.001943,-0.009379,0.105741,-0.999934,-0.000354,0.009277,0.006834
2,0.15,14,0.154006,-0.619363,0.094914,-0.048694,0.721811,0.689934,-0.02468,0.001975,-0.009559,0.105659,0.999427,0.004896,-0.016645,0.029054
2,0.15,14,0.153754,-0.61971,0.09464,-0.064036,0.757551,0.648035,-0.045464,0.002277,-0.00926,0.105939,-0.99963,0.001276,-0.010025,0.025268
2,0.15,14,0.153947,-0.6195,0.094777,-0.058797,0.733135,0.676468,-0.038041,0.002055,-0.009411,0.105772,0.999927,0.002295,0.000339,0.011886
2,0.15,14,0.154151,-0.620011,0.094779,-0.05059,0.757322,0.650386,-0.030042,0.001922,-0.009353,0.106302,-0.999663,0.000843,0.010509,0.023736
2,0.15,14,0.154092,-0.619802,0.094813,-0.051388,0.739604,0.67079,-0.019626,0.001952,-0.009411,0.106092,0.999795,0.008507,-0.018183,0.00259
2,0.15,14,0.153991,-0.619878,0.094715,-0.040118,0.757746,0.651286,-0.006155,0.002064,-0.009309,0.106143,-0.999055,-0.007353,0.035275,0.024317
2,0.15,14,0.154189,-0.619736,0.094764,-0.022931,0.749113,0.662041,0.002326,0.001848,-0.009365,0.106035,-0.998523,-0.001186,0.05332,0.010403
2,0.15,14,0.153984,-0.619416,0.094838,-0.049544,0.734986,0.675779,-0.025752,0.002006,-0.009478,0.1057,0.999834,0.003508,-0.01498,0.009793
2,0.15,14,0.153909,-0.619909,0.094769,-0.047851,0.752496,0.656387,-0.024834,0.002149,-0.009362,0.106169,-0.999733,-0.001112,0.016356,0.016259
2,0.15,14,0.153924,-0.620055,0.094863,-0.040699,0.750215,0.659911,-0.006127,0.002151,-0.00944,0.106324,-0.999263,-0.008568,0.035112,0.01292
2,0.15,14,0.153637,-0.619819,0.094682,-0.067536,0.757438,0.647431,-0.050588,0.002407,-0.009294,0.106034,-0.999542,0.00212,-0.016199,0.025481
2,0.15,14,0.153671,-0.619427,0.094746,-0.06544,0.733159,0.675611,-0.041769,0.002319,-0.009397,0.10566,0.999898,0.004696,0.007585,0.011193
2,0.15,14,0.153856,-0.619982,0.094709,-0.042008,0.761943,0.645971,-0.019992,0.002213,-0.009297,0.106227,-0.99926,0.00093,0.023614,0.030339
2,0.15,14,0.153662,-0.619645,0.094752,-0.069746,0.752904,0.652276,-0.052988,0.002358,-0.00938,0.105874,-0.999634,0.001636,-0.019352,0.018811
2,0.15,14,0.153767,-0.619648,0.094708,-0.052945,0.746853,0.662032,-0.033469,0.002254,-0.009333,0.105886,-0.999946,0.000335,0.00666,0.008009
2,0.15,14,0.153645,-0.619645,0.094736,-0.068117,0.750361,0.655633,-0.049643,0.002374,-0.009365,0.105869,-0.999768,0.000335,-0.015691,0.014753
2,0.15,14,0.153914,-0.620002,0.094654,-0.05423,0.768563,0.637097,-0.021839,0.002158,-0.009238,0.106249,-0.999015,-0.006174,0.013832,0.041703
2,0.15,14,0.153789,-0.619871,0.094779,-0.053394,0.74703,0.662279,-0.021959,0.002262,-0.00938,0.106116,-0.999822,-0.007682,0.014913,0.008622
2,0.15,14,0.153812,-0.620365,0.094691,-0.054138,0.769327,0.635522,-0.03627,0.002309,-0.009241,0.106597,-0.999083,0.003633,0.003135,0.04255
2,0.15,14,0.153891,-0.619723,0.094813,-0.041004,0.752337,0.65749,-0.00368,0.00214,-0.009426,0.105987,-0.999143,-0.010212,0.036665,0.016283
2,0.15,14,0.153677,-0.619556,0.094829,-0.060671,0.732948,0.676569,-0.036878,0.002329,-0.009466,0.105796,0.999918,0.004475,0.00073,0.011947
2,0.15,14,0.153721,-0.619759,0.094834,-0.059805,0.747271,0.660561,-0.040855,0.002313,-0.009448,0.106002,-0.999951,0.000261,-0.003463,0.00922
2,0.15,14,0.15363,-0.619685,0.094727,-0.075865,0.747202,0.658226,-0.051689,0.002395,-0.009353,0.105906,-0.999681,-0.004324,-0.022353,0.010905
2,0.15,14,0.153901,-0.619763,0.094741,-0.043016,0.752008,0.657619,-0.013048,0.002137,-0.00935,0.106021,-0.999462,-0.005472,0.028373,0.015509
2,0.15,14,0.153625,-0.619735,0.0946,-0.072666,0.764788,0.638363,-0.048085,0.002409,-0.009222,0.105941,-0.999133,-0.002583,-0.018005,0.037452
2,0.15,15,0.154979,-0.619668,0.094854,-0.088383,0.75319,0.648956,-0.061227,0.000393,4.7e-05,0.102125,-0.998869,-0.004728,-0.045455,0.013106
2,0.15,15,0.155265,-0.619694,0.095072,-0.043658,0.746472,0.663891,-0.011089,0.000107,-0.000155,0.102211,0.999739,0.00533,-0.022203,0.001161
2,0.15,15,0.155261,-0.619936,0.094996,-0.040302,0.752373,0.657263,-0.017767,0.000143,-5e-05,0.102439,-0.999786,0.002124,0.019259,0.007228
2,0.15,15,0.155124,-0.619646,0.094944,-0.06209,0.753759,0.653444,-0.031681,0.000244,-3.9e-05,0.102131,-0.999913,-0.00475,-0.005721,0.010919
2,0.15,15,0.155124,-0.619644,0.095036,-0.054153,0.739957,0.66996,-0.026166,0.000241,-0.00013,0.102141,0.999929,0.003736,-0.004122,0.0105
2,0.15,15,0.154916,-0.619921,0.095145,-0.076769,0.725843,0.681602,-0.05175,0.000479,-0.000215,0.102402,0.999118,0.004829,0.029764,0.029227
2,0.15,15,0.15529,-0.619645,0.094905,-0.033034,0.758895,0.650317,-0.008703,8e-05,7e-06,0.102145,-0.999383,0.002126,0.030665,0.016999
2,0.15,15,0.15521,-0.619529,0.095009,-0.035855,0.744056,0.667154,-0.000233,0.000143,-0.000113,0.102034,0.999331,0.00692,-0.035579,0.00485
2,0.15,15,0.155185,-0.619494,0.094941,-0.049727,0.762254,0.645083,-0.019073,0.000165,-5.2e-05,0.101988,-0.99966,-0.003136,0.01169,0.023089
2,0.15,15,0.155271,-0.619693,0.095128,-0.035931,0.734391,0.677768,-0.003158,9.9e-05,-0.00021,0.102218,0.99923,0.005897,-0.033621,0.019332
2,0.15,15,0.15532,-0.619711,0.094827,-0.040784,0.765684,0.641907,-0.004506,6.1e-05,9.3e-05,0.102204,-0.99918,-0.00581,0.028425,0.028245
2,0.15,15,0.155298,-0.619937,0.095,-0.049148,0.751422,0.65778,-0.01661,0.000106,-5.3e-05,0.102445,-0.999863,-0.005318,0.014266,0.00655
2,0.15,15,0.155088,-0.619935,0.094913,-0.061126,0.761831,0.643648,-0.039927,0.000316,2.4e-05,0.102408,-0.999664,0.002172,-0.011524,0.023101
2,0.15,15,0.155284,-0.6197,0.094891,-0.042814,0.76803,0.638962,-0.004899,9.4e-05,2.7e-05,0.102196,-0.999106,-0.006847,0.026701,0.03204
2,0.15,15,0.155192,-0.619675,0.094838,-0.057419,0.766393,0.639465,-0.020711,0.000183,7.2e-05,0.102154,-0.999504,-0.007397,0.005199,0.030175
2,0.15,15,0.155245,-0.619696,0.095025,-0.043915,0.750963,0.658818,-0.009178,0.000129,-0.000108,0.102205,-0.999691,-0.006384,0.023324,0.005713
2,0.15,15,0.155135,-0.61961,0.094975,-0.049638,0.75791,0.650351,-0.012328,0.000227,-7.4e-05,0.102101,-0.999687,-0.007933,0.016939,0.016642
2,0.15,15,0.155068,-0.619758,0.094924,-0.063607,0.754538,0.652103,-0.037275,0.000313,-8e-06,0.102232,-0.999864,-0.002097,-0.010952,0.012179
2,0.15,15,0.155163,-0.619852,0.095052,-0.053677,0.742233,0.667674,-0.020516,0.000228,-0.00012,0.102352,0.999915,0.006925,-0.008604,0.006994
2,0.15,15,0.155045,-0.619951,0.094984,-0.07202,0.751566,0.654642,-0.037488,0.000359,-4.6e-05,0.102428,-0.999789,-0.008481,-0.016633,0.008566
2,0.15,15,0.155118,-0.619867,0.095011,-0.052939,0.751209,0.657678,-0.018505,0.000275,-7.9e-05,0.102356,-0.999902,-0.006904,0.01033,0.0065
2,0.15,15,0.155333,-0.619948,0.095041,-0.036925,0.755051,0.654623,-0.001514,7.1e-05,-9.1e-05,0.102465,-0.99935,-0.005882,0.033574,0.011751
2,0.15,15,0.155245,-0.620152,0.095037,-0.050624,0.754221,0.654502,-0.014652,0.000183,-6.7e-05,0.102656,-0.999804,-0.007462,0.014662,0.011004
2,0.15,15,0.155235,-0.619733,0.094924,-0.052606,0.755884,0.652284,-0.019922,0.000145,-5e-06,0.102227,-0.999851,-0.005296,0.009344,0.013536
2,0.15,15,0.15502,-0.619871,0.095008,-0.067073,0.744367,0.663368,-0.03689,0.000373,-8e-05,0.102348,0.999899,0.005845,0.012661,0.002839
2,0.15,15,0.15501,-0.619807,0.095116,-0.071444,0.736368,0.671329,-0.044452,0.000372,-0.000195,0.102298,0.999665,0.004789,0.02102,0.014355
2,0.15,15,0.155095,-0.619854,0.095011,-0.067199,0.749865,0.657076,-0.037922,0.000296,-8.2e-05,0.10234,-0.99988,-0.004761,-0.013687,0.005448
2,0.15,15,0.155135,-0.619658,0.094978,-0.05877,0.747,0.661521,-0.030445,0.000234,-7.1e-05,0.102149,-0.99999,-0.003707,-0.002371,0.000376
2,0.15,15,0.155069,-0.619758,0.09507,-0.064475,0.745892,0.662036,-0.034593,0.000309,-0.000153,0.10225,0.999943,0.0053,0.009252,0.00079
2,0.15,15,0.155117,-0.619766,0.095026,-0.056687,0.75103,0.656993,-0.033171,0.000263,-0.000106,0.102259,-0.999976,1.3e-05,-0.003149,0.006212
2,0.15,15,0.155139,-0.619623,0.094911,-0.05815,0.76063,0.645972,-0.027928,0.000227,-8e-06,0.102106,-0.99977,-0.003684,-0.000502,0.02113
2,0.15,15,0.155103,-0.619833,0.094915,-0.067735,0.758341,0.647427,-0.034191,0.000289,1.1e-05,0.102309,-0.999739,-0.006868,-0.011516,0.018486
2,0.15,15,0.155376,-0.619372,0.09493,-0.020601,0.753026,0.657612,0.008587,-3.9e-05,-4.8e-05,0.101889,-0.998612,-0.000576,0.052024,0.00822
2,0.15,15,0.155214,-0.619827,0.095109,-0.046955,0.747258,0.662728,-0.013884,0.000173,-0.000178,0.10234,-0.999823,-0.005864,0.017894,0.000178
2,0.15,15,0.155261,-0.619927,0.094998,-0.046244,0.751335,0.658195,-0.011744,0.000141,-5.4e-05,0.102431,-0.999762,-0.006387,0.019844,0.006357
2,0.15,15,0.155273,-0.619803,0.094956,-0.046401,0.757109,0.651529,-0.011963,0.000115,-2.6e-05,0.102305,-0.99968,-0.005837,0.019394,0.015151
2,0.15,15,0.155224,-0.619943,0.095039,-0.048267,0.747891,0.661906,-0.014483,0.000179,-9.5e-05,0.102448,-0.999842,-0.006388,0.016554,0.00122
2,0.15,15,0.155055,-0.619807,0.095094,-0.070604,0.741727,0.665157,-0.049227,0.000328,-0.000171,0.1023,0.999686,0.000517,0.0242,0.006484
2,0.15,15,0.155183,-0.619628,0.095134,-0.051426,0.741951,0.668032,-0.024441,0.000178,-0.000227,0.102144,0.999941,0.002672,-0.007173,0.007732
2,0.15,15,0.155192,-0.619897,0.094932,-0.051404,0.763533,0.643594,-0.012734,0.000208,5e-06,0.102385,-0.999524,-0.008467,0.015275,0.025444
2,0.15,15,0.155087,-0.619552,0.094761,-0.062691,0.778239,0.624038,-0.031476,0.000273,0.00013,0.102012,-0.998765,-0.003086,-0.006802,0.049117
2,0.15,15,0.155126,-0.619596,0.094913,-0.056066,0.764714,0.641553,-0.021864,0.000237,-1.4e-05,0.102079,-0.999594,-0.00578,0.005294,0.027399
2,0.15,15,0.155149,-0.619975,0.094991,-0.060077,0.752268,0.655549,-0.027187,0.000258,-4.6e-05,0.102464,-0.999943,-0.006366,-0.000963,0.008542
2,0.15,15,0.155132,-0.61964,0.095081,-0.05305,0.741722,0.668208,-0.023096,0.000231,-0.000175,0.102143,0.999932,0.004793,-0.007105,0.007891
2,0.15,15,0.155296,-0.619945,0.095235,-0.046194,0.729274,0.682408,-0.018573,0.000103,-0.000286,0.102482,0.999517,0.003785,-0.015406,0.026704
2,0.15,15,0.155145,-0.61974,0.09495,-0.06585,0.754432,0.652128,-0.034997,0.000234,-3.3e-05,0.102227,-0.999853,-0.005286,-0.010736,0.012284
2,0.15,15,0.155348,-0.619663,0.094932,-0.0399,0.759683,0.648937,-0.013101,2.5e-05,-1.6e-05,0.102172,-0.999569,-7e-06,0.022785,0.018527
2,0.15,15,0.155354,-0.619675,0.094815,-0.049255,0.772998,0.632324,-0.014612,2.2e-05,0.000101,0.102172,-0.999078,-0.004753,0.014975,0.039958
2,0.15,15,0.155033,-0.619731,0.095005,-0.071235,0.747232,0.659294,-0.043613,0.000343,-9.3e-05,0.102211,-0.999778,-0.004222,-0.020571,0.001865
2,0.15,15,0.155116,-0.619525,0.094931,-0.061427,0.758671,0.647901,-0.029484,0.000238,-4.1e-05,0.102009,-0.999809,-0.005268,-0.003789,0.018409
2,0.15,15,0.155011,-0.619708,0.094911,-0.069199,0.760882,0.643774,-0.04272,0.000364,-3e-06,0.102175,-0.999565,-0.002065,-0.018976,0.022477
2,0.15,15,0.155239,-0.619577,0.095037,-0.039737,0.750948,0.659111,-0.008485,0.000119,-0.000135,0.102088,-0.999624,-0.003732,0.026623,0.005391
2,0.15,15,0.155272,-0.619737,0.095023,-0.040603,0.758367,0.650558,-0.002029,0.000107,-0.000101,0.102248,-0.999353,-0.007981,0.030638,0.017069
2,0.15,15,0.155227,-0.619725,0.095022,-0.046694,0.75205,0.65727,-0.015379,0.000149,-0.000103,0.102231,-0.999823,-0.00425,0.016802,0.007338
2,0.15,15,0.155175,-0.619753,0.094878,-0.055153,0.770784,0.634338,-0.021584,0.000209,4.1e-05,0.102234,-0.999294,-0.004728,0.005904,0.036793
2,0.15,15,0.15517,-0.619718,0.095166,-0.050873,0.737432,0.673089,-0.023603,0.000202,-0.000248,0.102235,0.999856,0.003217,-0.008299,0.014472
2,0.15,15,0.155283,-0.619578,0.094957,-0.040821,0.756791,0.652268,-0.012154,7.7e-05,-5.4e-05,0.102085,-0.999634,-0.001583,0.022974,0.014204
2,0.15,15,0.155046,-0.61996,0.095047,-0.069317,0.749949,0.656668,-0.03948,0.000358,-0.000107,0.102444,-0.999837,-0.005295,-0.016272,0.005789
2,0.15,15,0.154962,-0.619653,0.094916,-0.078864,0.757104,0.646392,-0.052457,0.000406,-1.7e-05,0.102115,-0.999304,-0.003129,-0.032621,0.017793
2,0.15,15,0.155105,-0.619548,0.095046,-0.050151,0.746927,0.662662,-0.021558,0.000248,-0.000152,0.102045,0.999945,0.003189,-0.010032,0.000309
2,0.15,15,0.155092,-0.619812,0.09522,-0.058313,0.732718,0.677285,-0.031769,0.000289,-0.000295,0.102325,0.99977,0.003757,0.002644,0.020939
2,0.15,15,0.155059,-0.619744,0.095133,-0.059807,0.737934,0.671531,-0.030373,0.000316,-0.000217,0.102243,0.999897,0.005334,0.002741,0.013065
2,0.15,15,0.155203,-0.619725,0.094879,-0.050691,0.770475,0.635342,-0.011814,0.000177,3.8e-05,0.10221,-0.999181,-0.007909,0.016201,0.036231
2,0.15,15,0.155041,-0.61992,0.095168,-0.067742,0.734392,0.674166,-0.039739,0.000354,-0.000232,0.102418,0.999718,0.005339,0.014956,0.017641
2,0.15,15,0.155115,-0.61977,0.095072,-0.050915,0.74692,0.662403,-0.027218,0.000265,-0.000152,0.102268,0.999986,7e-06,-0.005284,0.000405
2,0.15,15,0.155131,-0.619652,0.095031,-0.053482,0.752806,0.655636,-0.023733,0.000235,-0.000124,0.102148,-0.999936,-0.0037,0.006004,0.008815
2,0.15,15,0.15522,-0.619736,0.094884,-0.063711,0.769302,0.634479,-0.03938,0.000162,3.5e-05,0.102224,-0.999301,0.000572,-0.013093,0.035005
2,0.15,15,0.15545,-0.619648,0.095087,-0.043036,0.749618,0.660395,-0.009954,-8.3e-05,-0.000168,0.10219,-0.999706,-0.005337,0.023371,0.003574
2,0.15,15,0.155522,-0.619856,0.095099,-0.044565,0.753009,0.656404,-0.011205,-0.000129,-0.000152,0.102404,-0.99972,-0.005342,0.021312,0.00878
2,0.15,15,0.155328,-0.619653,0.095079,-0.072183,0.743187,0.663414,-0.048415,3.9e-05,-0.000164,0.102179,0.999685,0.0021,0.024687,0.004122
2,0.15,15,0.155502,-0.619823,0.094847,-0.049275,0.776712,0.62773,-0.015668,-0.000107,9.4e-05,0.102338,-0.998845,-0.003724,0.014039,0.045792
2,0.15,15,0.155164,-0.619816,0.094952,-0.062281,0.762186,0.64346,-0.033956,0.000225,-2.5e-05,0.102305,-0.999682,-0.002617,-0.007827,0.023837
2,0.15,15,0.155287,-0.619781,0.095023,-0.043178,0.753918,0.655509,-0.007134,9.6e-05,-9.5e-05,0.102293,-0.999605,-0.006923,0.025251,0.010228
2,0.15,15,0.154959,-0.619863,0.095126,-0.066836,0.741235,0.666791,-0.038638,0.000429,-0.000201,0.102348,0.999866,0.004788,0.013722,0.007571
2,0.15,15,0.155127,-0.619448,0.09485,-0.062097,0.768543,0.635967,-0.032117,0.00022,3.1e-05,0.101925,-0.999405,-0.003117,-0.006541,0.033736
2,0.15,15,0.155289,-0.619816,0.094945,-0.050796,0.770698,0.635046,-0.012676,0.000101,-1.3e-05,0.102318,-0.999184,-0.007395,0.015478,0.036556
2,0.15,15,0.155234,-0.619801,0.095104,-0.040503,0.747978,0.662415,-0.009726,0.000149,-0.000175,0.102317,-0.999673,-0.003747,0.025276,0.000913
2,0.15,15,0.155142,-0.619975,0.095002,-0.06171,0.750103,0.657783,-0.029307,0.000265,-5.6e-05,0.102464,-0.999959,-0.006371,-0.003573,0.005376
2,0.15,15,0.155363,-0.61959,0.094945,-0.024869,0.760863,0.648386,0.008021,-0.0,-3.7e-05,0.102104,-0.99861,-0.002675,0.048518,0.020401
2,0.15,15,0.155173,-0.619734,0.094963,-0.054211,0.758368,0.649216,-0.021406,0.000206,-4.5e-05,0.102226,-0.999809,-0.005282,0.007083,0.017441
2,0.15,15,0.155135,-0.619514,0.094835,-0.058612,0.773183,0.631028,-0.023576,0.00022,5.4e-05,0.101989,-0.999147,-0.00576,0.002021,0.040853
2,0.15,15,0.15529,-0.619691,0.095108,-0.03911,0.744834,0.665915,-0.015801,8e-05,-0.00019,0.102216,0.999754,-0.001034,-0.021752,0.004156
2,0.15,15,0.155113,-0.619856,0.095255,-0.061907,0.726235,0.683876,-0.032618,0.000273,-0.000323,0.102375,0.999511,0.006438,0.0055,0.030088
2,0.15,15,0.155287,-0.619943,0.094921,-0.04928,0.767994,0.638472,-0.010513,0.000119,2.5e-05,0.102441,-0.999282,-0.007949,0.0182,0.032278
2,0.15,15,0.155306,-0.619957,0.094943,-0.04387,0.764349,0.643257,-0.008109,0.000102,6e-06,0.102459,-0.999357,-0.005845,0.023723,0.026253
