marker_id,scan_distance,movement_id,px,py,pz,qx,qy,qz,qw,cam_px,cam_py,cam_pz,cam_qx,cam_qy,cam_qz,cam_qw
0,0.2625,1,-0.197044,-0.297772,0.093771,0.522436,0.48001,0.505557,0.490981,-0.0179,-0.01838,0.22977,-0.999556,0.026912,0.012367,0.003208
0,0.2625,1,-0.197546,-0.297877,0.093801,0.528709,0.480328,0.499936,0.48971,-0.018006,-0.018411,0.230272,-0.999413,0.027703,0.017531,0.009942
0,0.2625,1,-0.197546,-0.297877,0.093801,0.528709,0.480328,0.499936,0.48971,-0.018006,-0.018411,0.230272,-0.999413,0.027703,0.017531,0.009942
0,0.2625,1,-0.197546,-0.297877,0.093801,0.528709,0.480328,0.499936,0.48971,-0.018006,-0.018411,0.230272,-0.999413,0.027703,0.017531,0.009942
0,0.2625,1,-0.197546,-0.297877,0.093801,0.528709,0.480328,0.499936,0.48971,-0.018006,-0.018411,0.230272,-0.999413,0.027703,0.017531,0.009942
0,0.2625,1,-0.197546,-0.297877,0.093801,0.528709,0.480328,0.499936,0.48971,-0.018006,-0.018411,0.230272,-0.999413,0.027703,0.017531,0.009942
0,0.2625,1,-0.197546,-0.297877,0.093801,0.528709,0.480328,0.499936,0.48971,-0.018006,-0.018411,0.230272,-0.999413,0.027703,0.017531,0.009942
0,0.2625,1,-0.198339,-0.297809,0.093802,-0.505349,-0.506547,-0.522501,-0.463708,-0.017941,-0.018412,0.231066,-0.999046,0.027203,-0.031537,0.013167
0,0.2625,1,-0.197546,-0.297877,0.093801,0.528709,0.480328,0.499936,0.48971,-0.018006,-0.018411,0.230272,-0.999413,0.027703,0.017531,0.009942
0,0.2625,1,-0.198339,-0.297809,0.093802,-0.505349,-0.506547,-0.522501,-0.463708,-0.017941,-0.018412,0.231066,-0.999046,0.027203,-0.031537,0.013167
0,0.2625,1,-0.197546,-0.297877,0.093801,0.528709,0.480328,0.499936,0.48971,-0.018006,-0.018411,0.230272,-0.999413,0.027703,0.017531,0.009942
0,0.2625,1,-0.197044,-0.297772,0.093771,0.522436,0.48001,0.505557,0.490981,-0.0179,-0.01838,0.22977,-0.999556,0.026912,0.012367,0.003208
0,0.2625,1,-0.197546,-0.297877,0.093801,0.528709,0.480328,0.499936,0.48971,-0.018006,-0.018411,0.230272,-0.999413,0.027703,0.017531,0.009942
0,0.2625,1,-0.197546,-0.297877,0.093801,0.528709,0.480328,0.499936,0.48971,-0.018006,-0.018411,0.230272,-0.999413,0.027703,0.017531,0.009942
0,0.2625,1,-0.198105,-0.297898,0.093929,0.513449,0.4787,0.517871,0.488903,-0.018029,-0.01854,0.230831,0.999516,-0.030288,-0.001317,0.007036
0,0.2625,1,-0.197546,-0.297877,0.093801,0.528709,0.480328,0.499936,0.48971,-0.018006,-0.018411,0.230272,-0.999413,0.027703,0.017531,0.009942
0,0.2625,1,-0.197546,-0.297877,0.093801,0.528709,0.480328,0.499936,0.48971,-0.018006,-0.018411,0.230272,-0.999413,0.027703,0.017531,0.009942
0,0.2625,1,-0.197546,-0.297877,0.093801,0.528709,0.480328,0.499936,0.48971,-0.018006,-0.018411,0.230272,-0.999413,0.027703,0.017531,0.009942
0,0.2625,1,-0.197546,-0.297877,0.093801,0.528709,0.480328,0.499936,0.48971,-0.018006,-0.018411,0.230272,-0.999413,0.027703,0.017531,0.009942
0,0.2625,1,-0.198105,-0.297898,0.093929,0.513449,0.4787,0.517871,0.488903,-0.018029,-0.01854,0.230831,0.999516,-0.030288,-0.001317,0.007036
0,0.2625,1,-0.198339,-0.297809,0.093802,-0.505349,-0.506547,-0.522501,-0.463708,-0.017941,-0.018412,0.231066,-0.999046,0.027203,-0.031537,0.013167
0,0.2625,1,-0.197546,-0.297877,0.093801,0.528709,0.480328,0.499936,0.48971,-0.018006,-0.018411,0.230272,-0.999413,0.027703,0.017531,0.009942
0,0.2625,1,-0.197546,-0.297877,0.093801,0.528709,0.480328,0.499936,0.48971,-0.018006,-0.018411,0.230272,-0.999413,0.027703,0.017531,0.009942
0,0.2625,1,-0.198339,-0.297809,0.093802,-0.505349,-0.506547,-0.522501,-0.463708,-0.017941,-0.018412,0.231066,-0.999046,0.027203,-0.031537,0.013167
0,0.2625,1,-0.197546,-0.297877,0.093801,0.528709,0.480328,0.499936,0.48971,-0.018006,-0.018411,0.230272,-0.999413,0.027703,0.017531,0.009942
0,0.2625,1,-0.197546,-0.297877,0.093801,0.528709,0.480328,0.499936,0.48971,-0.018006,-0.018411,0.230272,-0.999413,0.027703,0.017531,0.009942
0,0.2625,1,-0.197044,-0.297772,0.093771,0.522436,0.48001,0.505557,0.490981,-0.0179,-0.01838,0.22977,-0.999556,0.026912,0.012367,0.003208
0,0.2625,1,-0.197546,-0.297877,0.093801,0.528709,0.480328,0.499936,0.48971,-0.018006,-0.018411,0.230272,-0.999413,0.027703,0.017531,0.009942
0,0.2625,1,-0.197546,-0.297877,0.093801,0.528709,0.480328,0.499936,0.48971,-0.018006,-0.018411,0.230272,-0.999413,0.027703,0.017531,0.009942
0,0.2625,1,-0.197546,-0.297877,0.093801,0.528709,0.480328,0.499936,0.48971,-0.018006,-0.018411,0.230272,-0.999413,0.027703,0.017531,0.009942
0,0.2625,1,-0.197546,-0.297877,0.093801,0.528709,0.480328,0.499936,0.48971,-0.018006,-0.018411,0.230272,-0.999413,0.027703,0.017531,0.009942
0,0.2625,1,-0.197546,-0.297877,0.093801,0.528709,0.480328,0.499936,0.48971,-0.018006,-0.018411,0.230272,-0.999413,0.027703,0.017531,0.009942
0,0.2625,1,-0.197546,-0.297877,0.093801,0.528709,0.480328,0.499936,0.48971,-0.018006,-0.018411,0.230272,-0.999413,0.027703,0.017531,0.009942
0,0.2625,1,-0.198339,-0.297809,0.093802,-0.505349,-0.506547,-0.522501,-0.463708,-0.017941,-0.018412,0.231066,-0.999046,0.027203,-0.031537,0.013167
0,0.2625,1,-0.197546,-0.297877,0.093801,0.528709,0.480328,0.499936,0.48971,-0.018006,-0.018411,0.230272,-0.999413,0.027703,0.017531,0.009942
0,0.2625,1,-0.197546,-0.297877,0.093801,0.528709,0.480328,0.499936,0.48971,-0.018006,-0.018411,0.230272,-0.999413,0.027703,0.017531,0.009942
0,0.2625,1,-0.197546,-0.297877,0.093801,0.528709,0.480328,0.499936,0.48971,-0.018006,-0.018411,0.230272,-0.999413,0.027703,0.017531,0.009942
0,0.2625,1,-0.197546,-0.297877,0.093801,0.528709,0.480328,0.499936,0.48971,-0.018006,-0.018411,0.230272,-0.999413,0.027703,0.017531,0.009942
0,0.2625,1,-0.197546,-0.297877,0.093801,0.528709,0.480328,0.499936,0.48971,-0.018006,-0.018411,0.230272,-0.999413,0.027703,0.017531,0.009942
0,0.2625,1,-0.197546,-0.297877,0.093801,0.528709,0.480328,0.499936,0.48971,-0.018006,-0.018411,0.230272,-0.999413,0.027703,0.017531,0.009942
0,0.2625,1,-0.198339,-0.297809,0.093802,-0.505349,-0.506547,-0.522501,-0.463708,-0.017941,-0.018412,0.231066,-0.999046,0.027203,-0.031537,0.013167
0,0.2625,1,-0.197546,-0.297877,0.093801,0.528709,0.480328,0.499936,0.48971,-0.018006,-0.018411,0.230272,-0.999413,0.027703,0.017531,0.009942
0,0.2625,1,-0.197546,-0.297877,0.093801,0.528709,0.480328,0.499936,0.48971,-0.018006,-0.018411,0.230272,-0.999413,0.027703,0.017531,0.009942
0,0.2625,1,-0.197546,-0.297877,0.093801,0.528709,0.480328,0.499936,0.48971,-0.018006,-0.018411,0.230272,-0.999413,0.027703,0.017531,0.009942
0,0.2625,1,-0.197546,-0.297877,0.093801,0.528709,0.480328,0.499936,0.48971,-0.018006,-0.018411,0.230272,-0.999413,0.027703,0.017531,0.009942
0,0.2625,1,-0.197546,-0.297877,0.093801,0.528709,0.480328,0.499936,0.48971,-0.018006,-0.018411,0.230272,-0.999413,0.027703,0.017531,0.009942
0,0.2625,1,-0.198339,-0.297809,0.093802,-0.505349,-0.506547,-0.522501,-0.463708,-0.017941,-0.018412,0.231066,-0.999046,0.027203,-0.031537,0.013167
0,0.2625,1,-0.197546,-0.297877,0.093801,0.528709,0.480328,0.499936,0.48971,-0.018006,-0.018411,0.230272,-0.999413,0.027703,0.017531,0.009942
0,0.2625,1,-0.197546,-0.297877,0.093801,0.528709,0.480328,0.499936,0.48971,-0.018006,-0.018411,0.230272,-0.999413,0.027703,0.017531,0.009942
0,0.2625,1,-0.197546,-0.297877,0.093801,0.528709,0.480328,0.499936,0.48971,-0.018006,-0.018411,0.230272,-0.999413,0.027703,0.017531,0.009942
0,0.2625,1,-0.197546,-0.297877,0.093801,0.528709,0.480328,0.499936,0.48971,-0.018006,-0.018411,0.230272,-0.999413,0.027703,0.017531,0.009942
0,0.2625,1,-0.197546,-0.297877,0.093801,0.528709,0.480328,0.499936,0.48971,-0.018006,-0.018411,0.230272,-0.999413,0.027703,0.017531,0.009942
0,0.2625,1,-0.197546,-0.297877,0.093801,0.528709,0.480328,0.499936,0.48971,-0.018006,-0.018411,0.230272,-0.999413,0.027703,0.017531,0.009942
0,0.2625,1,-0.197546,-0.297877,0.093801,0.528709,0.480328,0.499936,0.48971,-0.018006,-0.018411,0.230272,-0.999413,0.027703,0.017531,0.009942
0,0.2625,1,-0.197044,-0.297772,0.093771,0.522436,0.48001,0.505557,0.490981,-0.0179,-0.01838,0.22977,-0.999556,0.026912,0.012367,0.003208
0,0.2625,1,-0.197546,-0.297877,0.093801,0.528709,0.480328,0.499936,0.48971,-0.018006,-0.018411,0.230272,-0.999413,0.027703,0.017531,0.009942
0,0.2625,1,-0.197546,-0.297877,0.093801,0.528709,0.480328,0.499936,0.48971,-0.018006,-0.018411,0.230272,-0.999413,0.027703,0.017531,0.009942
0,0.2625,1,-0.197546,-0.297877,0.093801,0.528709,0.480328,0.499936,0.48971,-0.018006,-0.018411,0.230272,-0.999413,0.027703,0.017531,0.009942
0,0.2625,1,-0.197546,-0.297877,0.093801,0.528709,0.480328,0.499936,0.48971,-0.018006,-0.018411,0.230272,-0.999413,0.027703,0.017531,0.009942
0,0.2625,1,-0.198105,-0.297898,0.093929,0.513449,0.4787,0.517871,0.488903,-0.018029,-0.01854,0.230831,0.999516,-0.030288,-0.001317,0.007036
0,0.2625,1,-0.197546,-0.297877,0.093801,0.528709,0.480328,0.499936,0.48971,-0.018006,-0.018411,0.230272,-0.999413,0.027703,0.017531,0.009942
0,0.2625,1,-0.197546,-0.297877,0.093801,0.528709,0.480328,0.499936,0.48971,-0.018006,-0.018411,0.230272,-0.999413,0.027703,0.017531,0.009942
0,0.2625,1,-0.197546,-0.297877,0.093801,0.528709,0.480328,0.499936,0.48971,-0.018006,-0.018411,0.230272,-0.999413,0.027703,0.017531,0.009942
0,0.225,2,-0.196455,-0.297021,0.100492,0.528245,0.490048,0.49791,0.482593,-0.00203,-0.007725,0.182884,-0.99996,-0.001997,0.002367,0.00837
0,0.225,2,-0.195816,-0.296889,0.10063,0.491966,0.481025,0.534665,0.490629,-0.001878,-0.007868,0.182251,0.998995,0.00113,0.026905,0.035841
0,0.225,2,-0.195911,-0.296989,0.100604,0.489248,0.471389,0.539647,0.497202,-0.001981,-0.007846,0.182344,0.998586,-0.0017,0.02302,0.047882
0,0.225,2,-0.196455,-0.297021,0.100492,0.528245,0.490048,0.49791,0.482593,-0.00203,-0.007725,0.182884,-0.99996,-0.001997,0.002367,0.00837
0,0.225,2,-0.196327,-0.296953,0.10058,0.497039,0.493536,0.536503,0.47068,-0.001955,-0.007812,0.18276,0.998986,-0.00573,0.04107,0.017513
0,0.225,2,-0.196645,-0.296882,0.100484,0.495415,0.483384,0.527551,0.492539,-0.001895,-0.007705,0.183077,0.999286,0.005101,0.021654,0.030522
0,0.225,2,-0.196308,-0.296904,0.100538,0.495319,0.49335,0.536357,0.472848,-0.001907,-0.007767,0.182741,0.998973,-0.003827,0.040718,0.019506
0,0.225,2,-0.195816,-0.296889,0.10063,0.491966,0.481025,0.534665,0.490629,-0.001878,-0.007868,0.182251,0.998995,0.00113,0.026905,0.035841
0,0.225,2,-0.196799,-0.296941,0.100526,0.502793,0.483222,0.522055,0.491074,-0.001955,-0.007747,0.183231,0.999593,0.003358,0.015688,0.023589
0,0.225,2,-0.19596,-0.296947,0.100674,0.4983,0.48045,0.530245,0.489596,-0.001937,-0.007913,0.182395,0.999305,-0.000628,0.021619,0.03037
0,0.225,2,-0.196477,-0.296982,0.100498,0.502216,0.486543,0.523725,0.486588,-0.001991,-0.007729,0.182907,0.999571,0.002307,0.020644,0.020655
0,0.225,2,-0.196308,-0.296904,0.100538,0.495319,0.49335,0.536357,0.472848,-0.001907,-0.007767,0.182741,0.998973,-0.003827,0.040718,0.019506
0,0.225,2,-0.196206,-0.296851,0.100657,0.494826,0.478595,0.530769,0.494345,-0.001846,-0.007885,0.182642,0.99915,0.002229,0.020438,0.035733
0,0.225,2,-0.196477,-0.296982,0.100498,0.502216,0.486543,0.523725,0.486588,-0.001991,-0.007729,0.182907,0.999571,0.002307,0.020644,0.020655
0,0.225,2,-0.196477,-0.296982,0.100498,0.502216,0.486543,0.523725,0.486588,-0.001991,-0.007729,0.182907,0.999571,0.002307,0.020644,0.020655
0,0.225,2,-0.196455,-0.297021,0.100492,0.528245,0.490048,0.49791,0.482593,-0.00203,-0.007725,0.182884,-0.99996,-0.001997,0.002367,0.00837
0,0.225,2,-0.195854,-0.296955,0.100286,-0.557266,-0.529697,-0.463501,-0.440502,-0.001965,-0.007528,0.182281,-0.996678,-0.00413,-0.004649,0.081208
0,0.225,2,-0.196308,-0.296904,0.100538,0.495319,0.49335,0.536357,0.472848,-0.001907,-0.007767,0.182741,0.998973,-0.003827,0.040718,0.019506
0,0.225,2,-0.196311,-0.296873,0.100505,-0.510261,-0.498798,-0.520515,-0.468933,-0.001879,-0.007733,0.182743,-0.999564,0.002527,-0.029426,0.000235
0,0.225,2,-0.196311,-0.296873,0.100505,-0.510261,-0.498798,-0.520515,-0.468933,-0.001879,-0.007733,0.182743,-0.999564,0.002527,-0.029426,0.000235
0,0.225,2,-0.196311,-0.296873,0.100505,-0.510261,-0.498798,-0.520515,-0.468933,-0.001879,-0.007733,0.182743,-0.999564,0.002527,-0.029426,0.000235
0,0.225,2,-0.196312,-0.296904,0.100537,0.491862,0.49742,0.532431,0.476616,-0.001907,-0.007766,0.182745,0.998986,0.003788,0.040546,0.019196
0,0.225,2,-0.196455,-0.297021,0.100492,0.528245,0.490048,0.49791,0.482593,-0.00203,-0.007725,0.182884,-0.99996,-0.001997,0.002367,0.00837
0,0.225,2,-0.196652,-0.296906,0.100497,0.516063,0.482691,0.515191,0.485042,-0.001919,-0.00772,0.183084,0.999903,-0.003083,0.008074,0.010926
0,0.225,2,-0.196455,-0.297021,0.100492,0.528245,0.490048,0.49791,0.482593,-0.00203,-0.007725,0.182884,-0.99996,-0.001997,0.002367,0.00837
0,0.225,2,-0.196477,-0.296982,0.100498,0.502216,0.486543,0.523725,0.486588,-0.001991,-0.007729,0.182907,0.999571,0.002307,0.020644,0.020655
0,0.225,2,-0.196308,-0.296904,0.100538,0.495319,0.49335,0.536357,0.472848,-0.001907,-0.007767,0.182741,0.998973,-0.003827,0.040718,0.019506
0,0.225,2,-0.196311,-0.296873,0.100505,-0.510261,-0.498798,-0.520515,-0.468933,-0.001879,-0.007733,0.182743,-0.999564,0.002527,-0.029426,0.000235
0,0.225,2,-0.195902,-0.296833,0.10023,-0.55774,-0.538964,-0.466932,-0.424757,-0.001847,-0.007464,0.18233,-0.995525,0.000847,-0.018352,0.092693
0,0.225,2,-0.196455,-0.297021,0.100492,0.528245,0.490048,0.49791,0.482593,-0.00203,-0.007725,0.182884,-0.99996,-0.001997,0.002367,0.00837
0,0.225,2,-0.196311,-0.296873,0.100505,-0.510261,-0.498798,-0.520515,-0.468933,-0.001879,-0.007733,0.182743,-0.999564,0.002527,-0.029426,0.000235
0,0.225,2,-0.195854,-0.296955,0.100286,-0.557266,-0.529697,-0.463501,-0.440502,-0.001965,-0.007528,0.182281,-0.996678,-0.00413,-0.004649,0.081208
0,0.225,2,-0.196455,-0.297021,0.100492,0.528245,0.490048,0.49791,0.482593,-0.00203,-0.007725,0.182884,-0.99996,-0.001997,0.002367,0.00837
0,0.225,2,-0.19658,-0.296987,0.10054,0.520514,0.476035,0.504465,0.497967,-0.001996,-0.007769,0.183011,0.999859,0.002984,-0.009298,0.013685
0,0.225,2,-0.196311,-0.296873,0.100505,-0.510261,-0.498798,-0.520515,-0.468933,-0.001879,-0.007733,0.182743,-0.999564,0.002527,-0.029426,0.000235
0,0.225,2,-0.19536,-0.296927,0.100567,0.498818,0.465575,0.527875,0.505735,-0.001911,-0.007818,0.181794,0.998977,0.000613,0.005061,0.044924
0,0.225,2,-0.196799,-0.296941,0.100526,0.506469,0.479377,0.525787,0.487068,-0.001955,-0.007747,0.183231,0.99959,-0.004272,0.015872,0.02346
0,0.225,2,-0.196311,-0.296873,0.100505,-0.510261,-0.498798,-0.520515,-0.468933,-0.001879,-0.007733,0.182743,-0.999564,0.002527,-0.029426,0.000235
0,0.225,2,-0.196455,-0.297021,0.100492,0.528245,0.490048,0.49791,0.482593,-0.00203,-0.007725,0.182884,-0.99996,-0.001997,0.002367,0.00837
0,0.225,2,-0.196311,-0.296873,0.100505,-0.510261,-0.498798,-0.520515,-0.468933,-0.001879,-0.007733,0.182743,-0.999564,0.002527,-0.029426,0.000235
0,0.225,2,-0.196311,-0.296873,0.100505,-0.510261,-0.498798,-0.520515,-0.468933,-0.001879,-0.007733,0.182743,-0.999564,0.002527,-0.029426,0.000235
0,0.225,2,-0.196799,-0.296941,0.100526,0.506469,0.479377,0.525787,0.487068,-0.001955,-0.007747,0.183231,0.99959,-0.004272,0.015872,0.02346
0,0.225,2,-0.196477,-0.296982,0.100498,0.502216,0.486543,0.523725,0.486588,-0.001991,-0.007729,0.182907,0.999571,0.002307,0.020644,0.020655
0,0.225,2,-0.196311,-0.296873,0.100505,-0.510261,-0.498798,-0.520515,-0.468933,-0.001879,-0.007733,0.182743,-0.999564,0.002527,-0.029426,0.000235
0,0.225,2,-0.196206,-0.296851,0.100657,0.494826,0.478595,0.530769,0.494345,-0.001846,-0.007885,0.182642,0.99915,0.002229,0.020438,0.035733
0,0.225,2,-0.196311,-0.296873,0.100505,-0.510261,-0.498798,-0.520515,-0.468933,-0.001879,-0.007733,0.182743,-0.999564,0.002527,-0.029426,0.000235
0,0.225,2,-0.196247,-0.297151,0.100445,0.556841,0.476801,0.460966,0.5001,-0.002158,-0.00769,0.182674,-0.998367,-0.007898,0.051073,0.024335
0,0.225,2,-0.196868,-0.297128,0.100337,0.555044,0.508574,0.464835,0.466055,-0.002153,-0.007569,0.183292,-0.99831,-0.006378,0.01619,0.055442
0,0.225,2,-0.196652,-0.296906,0.100497,0.516063,0.482691,0.515191,0.485042,-0.001919,-0.00772,0.183084,0.999903,-0.003083,0.008074,0.010926
0,0.225,2,-0.196623,-0.296901,0.100592,0.508639,0.489441,0.51541,0.485887,-0.001907,-0.007815,0.183057,0.999813,0.004382,0.014794,0.011671
0,0.225,2,-0.196303,-0.296936,0.10056,-0.50793,-0.49534,-0.517236,-0.478657,-0.001938,-0.007791,0.182736,0.999723,0.003287,0.022482,0.00614
0,0.1875,3,-0.193472,-0.295429,0.09461,0.485463,0.488919,0.535894,0.487957,-0.001568,0.005798,0.143631,0.999213,0.006321,0.024481,0.030563
0,0.1875,3,-0.193612,-0.295393,0.094639,0.477592,0.482146,0.542638,0.49496,-0.00153,0.005773,0.143772,0.998654,0.007018,0.0253,0.044736
0,0.1875,3,-0.193784,-0.295539,0.094423,-0.516116,-0.503717,-0.504098,-0.475161,-0.001688,0.005982,0.143942,-0.999856,-0.007698,-0.005773,0.013945
0,0.1875,3,-0.19372,-0.295444,0.094545,0.492483,0.491544,0.527033,0.487935,-0.001586,0.005865,0.143879,0.999578,0.00849,0.01759,0.021489
0,0.1875,3,-0.193609,-0.295529,0.094518,0.518741,0.495118,0.501091,0.484432,-0.001673,0.005886,0.143768,-0.999922,-0.008165,0.005802,0.007495
0,0.1875,3,-0.193275,-0.295387,0.094381,-0.505286,-0.525521,-0.512593,-0.45361,-0.001541,0.006027,0.143431,-0.998922,-0.009143,-0.036752,0.026853
0,0.1875,3,-0.193208,-0.29527,0.094441,-0.47443,-0.529914,-0.543591,-0.445664,-0.00142,0.005972,0.143365,-0.997184,-0.00754,-0.074551,0.003165
0,0.1875,3,-0.193598,-0.295519,0.094478,-0.508393,-0.506114,-0.510978,-0.47359,-0.001665,0.005926,0.143757,-0.999808,-0.008604,-0.0152,0.008895
0,0.1875,3,-0.193478,-0.295488,0.094509,-0.504771,-0.498037,-0.51564,-0.480917,-0.001633,0.005896,0.143636,0.999894,0.007715,0.011983,0.003048
0,0.1875,3,-0.193536,-0.295343,0.094514,0.480516,0.504092,0.540662,0.47189,-0.001488,0.0059,0.143694,0.998799,0.00606,0.044648,0.019223
0,0.1875,3,-0.193377,-0.295405,0.094472,-0.496962,-0.508348,-0.524142,-0.468921,-0.001553,0.005936,0.143535,-0.999491,-0.006632,-0.031208,0.000497
0,0.1875,3,-0.193598,-0.295519,0.094478,-0.508393,-0.506114,-0.510978,-0.47359,-0.001665,0.005926,0.143757,-0.999808,-0.008604,-0.0152,0.008895
0,0.1875,3,-0.193663,-0.29542,0.094629,0.485799,0.494644,0.536123,0.481558,-0.001558,0.005782,0.143823,0.999229,0.005727,0.030318,0.024281
0,0.1875,3,-0.192964,-0.295322,0.094637,0.467726,0.501466,0.551227,0.475303,-0.001462,0.005771,0.143123,0.99796,0.007631,0.053711,0.033659
0,0.1875,3,-0.193265,-0.295286,0.09434,-0.48328,-0.532777,-0.532341,-0.446321,-0.001442,0.006073,0.14342,-0.997714,-0.010433,-0.065271,0.014063
0,0.1875,3,-0.193203,-0.295494,0.094448,-0.524137,-0.509441,-0.498515,-0.466082,-0.001644,0.005953,0.143361,-0.999574,-0.004765,-0.00599,0.028157
0,0.1875,3,-0.193377,-0.295405,0.094472,-0.496962,-0.508348,-0.524142,-0.468921,-0.001553,0.005936,0.143535,-0.999491,-0.006632,-0.031208,0.000497
0,0.1875,3,-0.193111,-0.295307,0.09445,-0.483445,-0.519106,-0.537591,-0.455858,-0.001458,0.00596,0.143268,0.998378,0.005649,0.056645,0.000349
0,0.1875,3,-0.193612,-0.295393,0.094639,0.477592,0.482146,0.542638,0.49496,-0.00153,0.005773,0.143772,0.998654,0.007018,0.0253,0.044736
0,0.1875,3,-0.193337,-0.295661,0.094629,0.517028,0.463069,0.506545,0.511528,-0.0018,0.005764,0.143498,0.99917,0.003702,-0.030811,0.026388
0,0.1875,3,-0.193825,-0.295509,0.094681,0.484087,0.468216,0.54006,0.504746,-0.001643,0.005727,0.143986,0.998573,0.002894,0.009146,0.052527
0,0.1875,3,-0.193672,-0.295451,0.094664,0.48407,0.479851,0.536589,0.497486,-0.001587,0.005746,0.143832,0.998994,0.006864,0.01652,0.041133
0,0.1875,3,-0.193278,-0.295514,0.094555,-0.510475,-0.490771,-0.510959,-0.487319,-0.001657,0.005846,0.143437,0.999965,0.006698,1.4e-05,0.005031
0,0.1875,3,-0.19372,-0.295444,0.094545,0.492483,0.491544,0.527033,0.487935,-0.001586,0.005865,0.143879,0.999578,0.00849,0.01759,0.021489
0,0.1875,3,-0.193769,-0.295505,0.094432,-0.505571,-0.510605,-0.512778,-0.469829,-0.001654,0.005975,0.143926,-0.999663,-0.009514,-0.021578,0.010894
0,0.1875,3,-0.193598,-0.295519,0.094478,-0.508393,-0.506114,-0.510978,-0.47359,-0.001665,0.005926,0.143757,-0.999808,-0.008604,-0.0152,0.008895
0,0.1875,3,-0.193568,-0.29552,0.094758,0.495604,0.459391,0.526712,0.515665,-0.001651,0.005647,0.14373,0.99862,0.004709,-0.013234,0.050597
0,0.1875,3,-0.194124,-0.295525,0.094532,-0.508961,-0.492098,-0.509493,-0.489096,-0.001667,0.005879,0.144283,0.999939,0.00974,-0.0002,0.005281
0,0.1875,3,-0.193366,-0.295411,0.094639,0.475981,0.485879,0.546198,0.488908,-0.00155,0.005769,0.143526,0.99856,0.004924,0.032723,0.042221
0,0.1875,3,-0.19372,-0.295444,0.094545,0.492483,0.491544,0.527033,0.487935,-0.001586,0.005865,0.143879,0.999578,0.00849,0.01759,0.021489
0,0.1875,3,-0.193598,-0.295519,0.094478,-0.508393,-0.506114,-0.510978,-0.47359,-0.001665,0.005926,0.143757,-0.999808,-0.008604,-0.0152,0.008895
0,0.1875,3,-0.193713,-0.295527,0.094603,0.497849,0.475032,0.523442,0.502493,-0.001666,0.005802,0.143873,0.999428,0.006517,-0.00209,0.033111
0,0.1875,3,-0.193702,-0.295524,0.094477,0.508787,0.488291,0.50977,0.492789,-0.00167,0.005928,0.14386,0.999903,0.009617,-0.003609,0.009354
0,0.1875,3,-0.193111,-0.295307,0.09445,-0.483445,-0.519106,-0.537591,-0.455858,-0.001458,0.00596,0.143268,0.998378,0.005649,0.056645,0.000349
0,0.1875,3,-0.193472,-0.295429,0.09461,0.485463,0.488919,0.535894,0.487957,-0.001568,0.005798,0.143631,0.999213,0.006321,0.024481,0.030563
0,0.1875,3,-0.193598,-0.295519,0.094478,-0.508393,-0.506114,-0.510978,-0.47359,-0.001665,0.005926,0.143757,-0.999808,-0.008604,-0.0152,0.008895
0,0.1875,3,-0.193294,-0.295442,0.094573,0.490235,0.486277,0.530715,0.491473,-0.001584,0.005831,0.143453,0.999424,0.00691,0.016372,0.028896
0,0.1875,3,-0.192878,-0.2953,0.094407,-0.492986,-0.532024,-0.525945,-0.444182,-0.001453,0.006,0.143035,-0.998053,-0.007274,-0.057689,0.022587
0,0.1875,3,-0.194035,-0.295451,0.094464,-0.4919,-0.5071,-0.525555,-0.474001,-0.001597,0.00595,0.144193,0.999434,0.010387,0.031438,0.005892
0,0.1875,3,-0.193663,-0.29542,0.094629,0.485799,0.494644,0.536123,0.481558,-0.001558,0.005782,0.143823,0.999229,0.005727,0.030318,0.024281
0,0.1875,3,-0.193663,-0.295511,0.094452,-0.513575,-0.495691,-0.507711,-0.482453,-0.001658,0.005954,0.143821,-0.999971,-0.006793,-0.001504,0.003081
0,0.1875,3,-0.19372,-0.295444,0.094545,0.492483,0.491544,0.527033,0.487935,-0.001586,0.005865,0.143879,0.999578,0.00849,0.01759,0.021489
0,0.1875,3,-0.193598,-0.295519,0.094478,-0.508393,-0.506114,-0.510978,-0.47359,-0.001665,0.005926,0.143757,-0.999808,-0.008604,-0.0152,0.008895
0,0.1875,3,-0.193184,-0.295609,0.094624,0.516535,0.469127,0.506435,0.506592,-0.001749,0.00577,0.143344,0.999451,0.004597,-0.025282,0.020924
0,0.1875,3,-0.193192,-0.295397,0.094563,0.484099,0.498837,0.537574,0.477309,-0.00154,0.005844,0.143351,0.999103,0.005851,0.036036,0.021471
0,0.1875,3,-0.193752,-0.295565,0.094495,0.5213,0.500014,0.497576,0.48026,-0.00171,0.005909,0.143911,-0.999835,-0.008996,0.004526,0.015108
0,0.1875,3,-0.193192,-0.295397,0.094563,0.484099,0.498837,0.537574,0.477309,-0.00154,0.005844,0.143351,0.999103,0.005851,0.036036,0.021471
0,0.1875,3,-0.193217,-0.295364,0.094398,-0.508954,-0.515785,-0.516073,-0.456728,-0.001516,0.00601,0.143373,-0.999327,-0.002241,-0.030459,0.020322
0,0.1875,3,-0.193472,-0.295429,0.09461,0.485463,0.488919,0.535894,0.487957,-0.001568,0.005798,0.143631,0.999213,0.006321,0.024481,0.030563
0,0.1875,3,-0.193472,-0.295429,0.09461,0.485463,0.488919,0.535894,0.487957,-0.001568,0.005798,0.143631,0.999213,0.006321,0.024481,0.030563
0,0.1875,3,-0.193773,-0.295416,0.094694,0.476399,0.472672,0.542998,0.504756,-0.00155,0.005719,0.143933,0.998296,0.007552,0.016736,0.055392
0,0.1875,3,-0.193472,-0.295429,0.09461,0.485463,0.488919,0.535894,0.487957,-0.001568,0.005798,0.143631,0.999213,0.006321,0.024481,0.030563
0,0.1875,3,-0.193598,-0.295519,0.094478,-0.508393,-0.506114,-0.510978,-0.47359,-0.001665,0.005926,0.143757,-0.999808,-0.008604,-0.0152,0.008895
0,0.1875,3,-0.193214,-0.295453,0.094417,-0.521443,-0.510563,-0.498344,-0.468055,-0.001605,0.005986,0.143372,-0.999595,-0.007756,-0.006854,0.0265
0,0.1875,3,-0.193461,-0.295617,0.094652,0.501969,0.46629,0.524406,0.505568,-0.001754,0.005745,0.143622,0.999246,0.001095,-0.009415,0.037662
0,0.1875,3,-0.193833,-0.295503,0.094547,-0.512223,-0.502556,-0.508053,-0.476389,-0.001644,0.005861,0.143992,-0.999893,-0.007731,-0.008647,0.008906
0,0.1875,3,-0.193663,-0.29542,0.094629,0.485799,0.494644,0.536123,0.481558,-0.001558,0.005782,0.143823,0.999229,0.005727,0.030318,0.024281
0,0.15,4,-0.189173,-0.293813,0.087447,0.510861,0.482028,0.50959,0.496978,-0.000902,0.007302,0.106952,0.999545,0.001199,-0.030138,0.000618
0,0.15,4,-0.189417,-0.293723,0.087405,-0.511909,-0.489104,-0.517553,-0.480484,-0.000804,0.007345,0.107192,-0.99982,0.008303,0.015143,0.007831
0,0.15,4,-0.189323,-0.293849,0.087431,0.519156,0.474269,0.50699,0.498504,-0.000933,0.007314,0.107103,-0.999177,0.004717,0.040276,-0.000167
0,0.15,4,-0.189447,-0.293915,0.087613,0.503855,0.45985,0.521281,0.512771,-0.000985,0.007128,0.107227,0.998797,-0.003661,-0.039175,0.029275
0,0.15,4,-0.189529,-0.293604,0.087299,-0.506076,-0.510207,-0.518315,-0.4636,-0.000684,0.007454,0.1073,-0.999677,0.004169,-0.006837,0.024103
0,0.15,4,-0.18969,-0.293869,0.087669,0.487091,0.460056,0.540869,0.508479,-0.000926,0.007071,0.107467,0.998801,-0.006917,-0.018424,0.044832
0,0.15,4,-0.189418,-0.293565,0.087535,0.483724,0.502381,0.539802,0.471421,-0.000641,0.007222,0.107184,0.999748,-0.00319,0.021584,0.005313
0,0.15,4,-0.189496,-0.293767,0.087633,0.487793,0.469532,0.534829,0.505525,-0.000834,0.007114,0.107269,0.99926,-0.001207,-0.015762,0.035054
0,0.15,4,-0.189623,-0.293685,0.087552,0.492182,0.48121,0.533882,0.491084,-0.00075,0.007196,0.107394,0.999789,-0.004719,-0.005746,0.019174
0,0.15,4,-0.189656,-0.293564,0.087613,0.464772,0.496033,0.559543,0.474182,-0.000625,0.007141,0.107421,0.998887,-0.004981,0.036904,0.028938
0,0.15,4,-0.189089,-0.293935,0.087448,0.517697,0.465474,0.510826,0.504362,-0.001028,0.007297,0.106873,0.99892,-0.007127,-0.044749,0.010297
0,0.15,4,-0.189466,-0.293619,0.087564,0.476681,0.496775,0.546761,0.47649,-0.000691,0.00719,0.107234,0.999563,-0.003162,0.02352,0.017617
0,0.15,4,-0.18929,-0.293833,0.087428,0.513429,0.481755,0.513908,0.490103,-0.000918,0.007318,0.10707,-0.999641,0.0059,0.026063,0.001741
0,0.15,4,-0.189582,-0.293669,0.087501,0.490761,0.491832,0.536606,0.478861,-0.000739,0.007249,0.107353,0.999905,-0.006472,0.007533,0.00957
0,0.15,4,-0.189711,-0.293587,0.087539,0.481216,0.494795,0.544756,0.476287,-0.000649,0.007212,0.107477,0.99968,-0.005538,0.019293,0.015376
0,0.15,4,-0.189364,-0.293564,0.087393,-0.495686,-0.512011,-0.528092,-0.4618,-0.000648,0.007364,0.107132,-0.999685,0.003766,-0.018905,0.016089
0,0.15,4,-0.189208,-0.293591,0.087363,-0.510332,-0.512095,-0.515961,-0.45946,-0.000683,0.007395,0.106978,-0.999498,0.006385,-0.006399,0.030365
0,0.15,4,-0.189582,-0.293669,0.087501,0.490761,0.491832,0.536606,0.478861,-0.000739,0.007249,0.107353,0.999905,-0.006472,0.007533,0.00957
0,0.15,4,-0.189639,-0.293749,0.087592,0.484591,0.473053,0.53928,0.500569,-0.000812,0.007153,0.107412,0.999372,-0.002616,-0.007717,0.034498
0,0.15,4,-0.189366,-0.293782,0.087461,0.507316,0.484311,0.520782,0.486683,-0.000863,0.007286,0.107143,0.99984,-0.0067,-0.016514,0.001575
0,0.15,4,-0.18938,-0.293726,0.087462,0.50634,0.485484,0.520624,0.486698,-0.000806,0.007288,0.107154,0.999863,-0.00555,-0.015523,0.001358
0,0.15,4,-0.189515,-0.293713,0.087586,0.489231,0.47478,0.538481,0.495253,-0.000782,0.007163,0.107287,0.999553,-0.006469,-0.00708,0.028323
0,0.15,4,-0.189389,-0.293875,0.08742,0.514731,0.47031,0.512588,0.501112,-0.000956,0.007323,0.10717,0.999211,-0.005809,-0.038375,0.008448
0,0.15,4,-0.189463,-0.293755,0.087537,0.495168,0.486836,0.530235,0.486467,-0.000828,0.00721,0.107238,0.999926,-0.004079,-0.004124,0.010682
0,0.15,4,-0.189177,-0.293842,0.087464,0.517287,0.48768,0.50345,0.491041,-0.00093,0.007283,0.106957,-0.999457,-0.000651,0.030891,0.011436
0,0.15,4,-0.188964,-0.293805,0.087409,0.519154,0.482817,0.507127,0.490092,-0.000905,0.007342,0.106743,-0.999443,0.004957,0.031916,0.008426
0,0.15,4,-0.189331,-0.293904,0.087369,0.524951,0.479193,0.501495,0.493258,-0.00099,0.007374,0.107115,-0.999087,0.005261,0.04107,0.01054
0,0.15,4,-0.189387,-0.293664,0.087539,0.485844,0.48892,0.53836,0.484852,-0.000741,0.007213,0.107157,0.999823,-0.003174,0.006609,0.017308
0,0.15,4,-0.189676,-0.29383,0.087411,0.512208,0.478024,0.515832,0.493004,-0.000899,0.00733,0.107455,0.99959,-0.006548,-0.027702,0.0032
0,0.15,4,-0.189456,-0.293805,0.087477,0.50948,0.483546,0.516118,0.490137,-0.00088,0.007268,0.107234,0.999748,-0.004096,-0.022048,0.000333
0,0.15,4,-0.189208,-0.293821,0.087467,0.50864,0.485281,0.513713,0.49182,-0.000908,0.007281,0.106986,-0.99974,0.000777,0.0228,0.000533
0,0.15,4,-0.189572,-0.293597,0.087544,0.479292,0.49841,0.544738,0.474477,-0.000665,0.007209,0.107339,0.999639,-0.00373,0.022932,0.013498
0,0.15,4,-0.189726,-0.293708,0.087728,0.465716,0.47066,0.557085,0.501243,-0.000761,0.007018,0.107496,0.998491,-0.002647,0.009541,0.054012
0,0.15,4,-0.189447,-0.293789,0.087458,0.511369,0.479236,0.515538,0.493007,-0.000866,0.007288,0.107224,0.999622,-0.005386,-0.026827,0.002823
0,0.15,4,-0.189431,-0.293757,0.087339,-0.512862,-0.500092,-0.513185,-0.472781,-0.00084,0.007409,0.107209,-0.999747,0.005266,0.008698,0.02005
0,0.15,4,-0.189385,-0.293844,0.087391,0.515329,0.480275,0.512643,0.490886,-0.000926,0.007353,0.107166,-0.999562,0.006557,0.028788,0.002118
0,0.15,4,-0.189279,-0.293547,0.087443,-0.490048,-0.512187,-0.532903,-0.462095,-0.000632,0.007316,0.107046,-0.999643,0.00304,-0.024191,0.010932
0,0.15,4,-0.189458,-0.2938,0.087367,0.509369,0.483578,0.516236,0.490098,-0.00088,0.007379,0.107236,0.999752,-0.004102,-0.021895,0.000409
0,0.15,4,-0.189402,-0.293758,0.087445,0.504766,0.482324,0.52233,0.489639,-0.000837,0.007303,0.107178,0.999824,-0.005613,-0.016831,0.006081
0,0.15,4,-0.189509,-0.293618,0.087604,0.478225,0.490183,0.545827,0.482798,-0.000686,0.007149,0.107276,0.999602,-0.003438,0.015942,0.023
0,0.15,4,-0.189361,-0.293738,0.087426,0.506758,0.488186,0.522111,0.481945,-0.00082,0.007323,0.107136,-0.999905,0.007628,0.011344,0.001882
0,0.15,4,-0.189466,-0.293871,0.08748,0.517419,0.463656,0.51276,0.504359,-0.000946,0.007262,0.107246,0.998893,-0.008823,-0.044516,0.012345
0,0.15,4,-0.189683,-0.293822,0.087508,0.499918,0.475271,0.531473,0.491667,-0.000886,0.007233,0.107461,0.999693,-0.010041,-0.014151,0.017663
0,0.15,4,-0.189204,-0.293609,0.087305,-0.513501,-0.509552,-0.51212,-0.463041,-0.000703,0.007452,0.106976,-0.999514,0.005492,0.000173,0.030685
0,0.15,4,-0.189704,-0.293716,0.087527,0.497073,0.482467,0.532787,0.486088,-0.000779,0.00722,0.107476,0.99986,-0.00862,-0.005771,0.013138
0,0.15,4,-0.18928,-0.293898,0.08749,0.512218,0.470809,0.512383,0.503423,-0.000981,0.007254,0.107061,0.999216,-0.003002,-0.038065,0.010441
0,0.15,4,-0.189543,-0.293872,0.087728,0.484592,0.455943,0.541641,0.513724,-0.000932,0.007014,0.107319,0.998448,-0.005334,-0.021312,0.051179
0,0.15,4,-0.189452,-0.293735,0.087506,0.495337,0.48872,0.524813,0.490271,-0.00081,0.007243,0.107226,0.999929,0.001378,-0.007883,0.008807
0,0.15,4,-0.189277,-0.293664,0.087428,-0.505045,-0.501652,-0.52269,-0.469116,-0.00075,0.007326,0.107049,-0.99987,0.007111,-0.002693,0.014206
0,0.15,4,-0.189729,-0.293652,0.087614,0.486999,0.491193,0.537649,0.482178,-0.000709,0.007135,0.107498,0.999864,-0.003682,0.008071,0.013879
0,0.15,5,-0.18936,-0.294165,0.087255,0.484223,0.506265,0.539289,0.467324,-0.003091,0.000145,0.110787,-0.999448,-0.001755,-0.033173,0.000753
0,0.15,5,-0.189353,-0.294274,0.087148,-0.501149,-0.506107,-0.520589,-0.470843,-0.003205,0.000246,0.110785,-0.999773,-0.004277,-0.013108,0.016231
0,0.15,5,-0.189195,-0.294198,0.087417,0.475967,0.488392,0.544406,0.488416,-0.00312,-1.5e-05,0.11062,0.999432,0.005397,0.021114,0.025705
0,0.15,5,-0.189157,-0.294232,0.087404,0.474426,0.483639,0.546003,0.492843,-0.003155,-4e-06,0.110583,0.999309,0.005311,0.018261,0.031945
0,0.15,5,-0.18914,-0.294468,0.087174,0.5213,0.486532,0.498797,0.49268,-0.003403,0.000214,0.110577,-0.999452,-0.006561,0.028545,0.0154
0,0.15,5,-0.189153,-0.294363,0.087463,0.492277,0.46415,0.530586,0.510594,-0.003283,-7e-05,0.110582,0.999241,0.003542,-0.016943,0.034908
0,0.15,5,-0.189192,-0.294504,0.087337,0.512464,0.466507,0.508699,0.510859,-0.003429,4.7e-05,0.110627,0.999192,0.005567,-0.03751,0.013342
0,0.15,5,-0.189313,-0.294156,0.087358,0.473298,0.49131,0.547342,0.484789,-0.003077,4.4e-05,0.110738,0.999304,0.004849,0.027172,0.025079
0,0.15,5,-0.189192,-0.294504,0.087337,0.512464,0.466507,0.508699,0.510859,-0.003429,4.7e-05,0.110627,0.999192,0.005567,-0.03751,0.013342
0,0.15,5,-0.189116,-0.294283,0.087456,0.469404,0.469247,0.55145,0.505342,-0.003204,-5.8e-05,0.110543,0.99864,0.004457,0.01056,0.05086
0,0.15,5,-0.189453,-0.294354,0.087286,0.491458,0.485806,0.526226,0.495527,-0.003275,0.000103,0.110885,0.999857,0.009033,-0.000867,0.014251
0,0.15,5,-0.189312,-0.29444,0.087317,0.5022,0.473933,0.515716,0.507168,-0.003363,6.9e-05,0.110746,0.999562,0.008993,-0.023211,0.01599
0,0.15,5,-0.189081,-0.294375,0.087223,0.515341,0.476621,0.510286,0.496855,-0.00331,0.00017,0.110514,0.999649,0.001133,-0.026482,0.000392
0,0.15,5,-0.189665,-0.294097,0.087271,0.469984,0.503028,0.5514,0.471208,-0.003013,0.000128,0.11109,0.998935,0.003278,0.043256,0.015701
0,0.15,5,-0.189455,-0.29437,0.087169,-0.506292,-0.502029,-0.514055,-0.476846,-0.003297,0.000219,0.110889,-0.999839,-0.006017,-0.002223,0.016759
0,0.15,5,-0.189204,-0.294342,0.087216,-0.505988,-0.497751,-0.513522,-0.482199,-0.003274,0.000177,0.110636,-0.9999,-0.007079,0.002572,0.011942
0,0.15,5,-0.189009,-0.294533,0.087251,0.525544,0.46462,0.495105,0.512643,-0.003468,0.000135,0.110446,0.998577,0.005725,-0.05298,0.002256
0,0.15,5,-0.189245,-0.294298,0.087215,0.499459,0.49467,0.522416,0.482622,-0.003229,0.000179,0.110677,-0.999979,-0.004648,-0.003622,0.002608
0,0.15,5,-0.18922,-0.294293,0.08733,0.487101,0.486729,0.532679,0.492016,-0.003219,6.6e-05,0.11065,0.999805,0.006669,0.006823,0.017266
0,0.15,5,-0.18921,-0.294183,0.087117,-0.497818,-0.512183,-0.52289,-0.465222,-0.00312,0.000284,0.11064,-0.999562,-0.004901,-0.021697,0.019504
0,0.15,5,-0.189451,-0.294369,0.087272,0.497605,0.484657,0.522406,0.49456,-0.003291,0.000116,0.110883,0.999913,0.006787,-0.00609,0.009529
0,0.15,5,-0.189335,-0.294483,0.087171,0.515641,0.491361,0.502808,0.489758,-0.003413,0.000212,0.110772,-0.999662,-0.008286,0.0198,0.014702
0,0.15,5,-0.189069,-0.294324,0.087354,0.497384,0.478723,0.52775,0.494887,-0.003252,4.2e-05,0.110498,0.999858,0.001503,-0.006317,0.015524
0,0.15,5,-0.189558,-0.294351,0.087347,0.493748,0.481905,0.524603,0.498771,-0.003265,4.1e-05,0.110988,0.999816,0.008437,-0.006355,0.016025
0,0.15,5,-0.189177,-0.294615,0.087314,0.525033,0.46038,0.494396,0.517652,-0.003542,6.5e-05,0.110615,0.998295,0.006812,-0.057568,0.006894
0,0.15,5,-0.189338,-0.294385,0.08724,0.502549,0.491303,0.51782,0.487779,-0.003312,0.000149,0.110771,-0.999968,-0.00637,0.004456,0.001995
0,0.15,5,-0.189186,-0.294297,0.087415,0.484354,0.479656,0.538791,0.495011,-0.003218,-1.9e-05,0.110614,0.999615,0.003076,0.00645,0.026796
0,0.15,5,-0.189141,-0.294436,0.087078,0.52318,0.498163,0.496376,0.481381,-0.003377,0.000311,0.110579,-0.999357,-0.006733,0.019597,0.029267
0,0.15,5,-0.189317,-0.294386,0.087356,0.492924,0.479793,0.52991,0.496005,-0.003306,3.3e-05,0.110748,0.999813,0.003765,-0.002925,0.018737
0,0.15,5,-0.188974,-0.294416,0.08735,0.503166,0.473727,0.518725,0.503321,-0.003347,4.3e-05,0.110406,0.999664,0.004946,-0.020422,0.01517
0,0.15,5,-0.189507,-0.294307,0.087214,0.498338,0.494436,0.524628,0.481621,-0.00323,0.000176,0.110938,-0.999977,-0.003486,-0.005698,0.001365
0,0.15,5,-0.189372,-0.294258,0.087416,0.474699,0.477706,0.546938,0.497308,-0.003175,-2.1e-05,0.110799,0.999192,0.004086,0.013536,0.037624
0,0.15,5,-0.189209,-0.294307,0.087183,-0.507936,-0.49821,-0.51483,-0.478265,-0.003241,0.000212,0.110641,-0.999888,-0.003663,0.000789,0.014461
0,0.15,5,-0.189022,-0.294293,0.087532,0.473081,0.46978,0.547447,0.505769,-0.003212,-0.000133,0.110448,0.998857,0.005084,0.00667,0.04706
0,0.15,5,-0.189348,-0.294207,0.087454,0.468742,0.480918,0.551403,0.494928,-0.003122,-5.5e-05,0.110772,0.99896,0.005208,0.021618,0.039808
0,0.15,5,-0.189368,-0.294275,0.087369,0.489662,0.490186,0.529515,0.489451,-0.003194,2.5e-05,0.110796,0.999885,0.007338,0.006816,0.011381
0,0.15,5,-0.189299,-0.294475,0.087345,0.50364,0.472265,0.5154,0.507617,-0.003397,3.9e-05,0.110733,0.999521,0.007839,-0.02515,0.016238
1,0.2625,6,-0.208632,-0.51638,0.100339,0.509997,0.483379,0.496513,0.50963,-0.017934,-0.025541,0.240616,0.999768,-0.005461,-0.019647,0.006926
1,0.2625,6,-0.208632,-0.51638,0.100339,0.509997,0.483379,0.496513,0.50963,-0.017934,-0.025541,0.240616,0.999768,-0.005461,-0.019647,0.006926
1,0.2625,6,-0.208026,-0.516431,0.10032,0.528508,0.474761,0.477805,0.516705,-0.017986,-0.025524,0.240009,-0.99891,0.006146,0.046117,0.003803
1,0.2625,6,-0.207281,-0.516497,0.100082,0.520856,0.471953,0.484958,0.52037,-0.017865,-0.025461,0.239294,0.999071,-0.005455,-0.04223,0.006559
1,0.2625,6,-0.208533,-0.516457,0.100459,0.516784,0.470547,0.49225,0.518855,-0.018011,-0.025662,0.240517,0.999231,-0.008536,-0.036192,0.01245
1,0.2625,6,-0.2088,-0.516386,0.100442,0.499777,0.476366,0.508731,0.514287,-0.01794,-0.025644,0.240784,0.999582,-0.007639,-0.014239,0.023972
1,0.2625,6,-0.208026,-0.516431,0.10032,0.528508,0.474761,0.477805,0.516705,-0.017986,-0.025524,0.240009,-0.99891,0.006146,0.046117,0.003803
1,0.2625,6,-0.208026,-0.516431,0.10032,0.528508,0.474761,0.477805,0.516705,-0.017986,-0.025524,0.240009,-0.99891,0.006146,0.046117,0.003803
1,0.2625,6,-0.208533,-0.516457,0.100459,0.516784,0.470547,0.49225,0.518855,-0.018011,-0.025662,0.240517,0.999231,-0.008536,-0.036192,0.01245
1,0.2625,6,-0.2088,-0.516386,0.100442,0.499777,0.476366,0.508731,0.514287,-0.01794,-0.025644,0.240784,0.999582,-0.007639,-0.014239,0.023972
1,0.2625,6,-0.208026,-0.516431,0.10032,0.528508,0.474761,0.477805,0.516705,-0.017986,-0.025524,0.240009,-0.99891,0.006146,0.046117,0.003803
1,0.2625,6,-0.208533,-0.516457,0.100459,0.516784,0.470547,0.49225,0.518855,-0.018011,-0.025662,0.240517,0.999231,-0.008536,-0.036192,0.01245
1,0.2625,6,-0.2088,-0.516386,0.100442,0.499777,0.476366,0.508731,0.514287,-0.01794,-0.025644,0.240784,0.999582,-0.007639,-0.014239,0.023972
1,0.2625,6,-0.208533,-0.516457,0.100459,0.516784,0.470547,0.49225,0.518855,-0.018011,-0.025662,0.240517,0.999231,-0.008536,-0.036192,0.01245
1,0.2625,6,-0.2088,-0.516386,0.100442,0.499777,0.476366,0.508731,0.514287,-0.01794,-0.025644,0.240784,0.999582,-0.007639,-0.014239,0.023972
1,0.2625,6,-0.208533,-0.516457,0.100459,0.516784,0.470547,0.49225,0.518855,-0.018011,-0.025662,0.240517,0.999231,-0.008536,-0.036192,0.01245
1,0.2625,6,-0.208535,-0.516451,0.100502,0.5211,0.481232,0.486628,0.509965,-0.018005,-0.025705,0.240519,-0.99948,0.00698,0.031393,0.002312
1,0.2625,6,-0.208533,-0.516457,0.100459,0.516784,0.470547,0.49225,0.518855,-0.018011,-0.025662,0.240517,0.999231,-0.008536,-0.036192,0.01245
1,0.2625,6,-0.208533,-0.516457,0.100459,0.516784,0.470547,0.49225,0.518855,-0.018011,-0.025662,0.240517,0.999231,-0.008536,-0.036192,0.01245
1,0.2625,6,-0.208533,-0.516457,0.100459,0.516784,0.470547,0.49225,0.518855,-0.018011,-0.025662,0.240517,0.999231,-0.008536,-0.036192,0.01245
1,0.2625,6,-0.207628,-0.516326,0.100374,0.511048,0.466326,0.496956,0.523838,-0.01788,-0.025578,0.239612,0.99909,-0.007642,-0.035561,0.022272
1,0.2625,6,-0.207628,-0.516326,0.100374,0.511048,0.466326,0.496956,0.523838,-0.01788,-0.025578,0.239612,0.99909,-0.007642,-0.035561,0.022272
1,0.2625,6,-0.208533,-0.516457,0.100459,0.516784,0.470547,0.49225,0.518855,-0.018011,-0.025662,0.240517,0.999231,-0.008536,-0.036192,0.01245
1,0.2625,6,-0.207628,-0.516326,0.100374,0.511048,0.466326,0.496956,0.523838,-0.01788,-0.025578,0.239612,0.99909,-0.007642,-0.035561,0.022272
1,0.2625,6,-0.208535,-0.516451,0.100502,0.5211,0.481232,0.486628,0.509965,-0.018005,-0.025705,0.240519,-0.99948,0.00698,0.031393,0.002312
1,0.2625,6,-0.208535,-0.516451,0.100502,0.5211,0.481232,0.486628,0.509965,-0.018005,-0.025705,0.240519,-0.99948,0.00698,0.031393,0.002312
1,0.2625,6,-0.208535,-0.516451,0.100502,0.5211,0.481232,0.486628,0.509965,-0.018005,-0.025705,0.240519,-0.99948,0.00698,0.031393,0.002312
1,0.2625,6,-0.208535,-0.516451,0.100502,0.5211,0.481232,0.486628,0.509965,-0.018005,-0.025705,0.240519,-0.99948,0.00698,0.031393,0.002312
1,0.2625,6,-0.208533,-0.516457,0.100459,0.516784,0.470547,0.49225,0.518855,-0.018011,-0.025662,0.240517,0.999231,-0.008536,-0.036192,0.01245
1,0.2625,6,-0.207761,-0.516328,0.100431,0.515,0.478088,0.491964,0.513982,-0.017882,-0.025634,0.239744,0.999529,-0.006162,-0.029244,0.006983
1,0.2625,6,-0.207628,-0.516326,0.100374,0.511048,0.466326,0.496956,0.523838,-0.01788,-0.025578,0.239612,0.99909,-0.007642,-0.035561,0.022272
1,0.2625,6,-0.207761,-0.516328,0.100431,0.515,0.478088,0.491964,0.513982,-0.017882,-0.025634,0.239744,0.999529,-0.006162,-0.029244,0.006983
1,0.2625,6,-0.208533,-0.516457,0.100459,0.516784,0.470547,0.49225,0.518855,-0.018011,-0.025662,0.240517,0.999231,-0.008536,-0.036192,0.01245
1,0.2625,6,-0.208506,-0.516638,0.100326,0.520827,0.481244,0.486918,0.509955,-0.018005,-0.025705,0.240519,-0.99948,0.00698,0.031393,0.002312
1,0.2625,6,-0.208535,-0.516451,0.100502,0.5211,0.481232,0.486628,0.509965,-0.018005,-0.025705,0.240519,-0.99948,0.00698,0.031393,0.002312
1,0.2625,6,-0.208535,-0.516451,0.100502,0.5211,0.481232,0.486628,0.509965,-0.018005,-0.025705,0.240519,-0.99948,0.00698,0.031393,0.002312
1,0.2625,6,-0.208506,-0.516638,0.100326,0.520827,0.481244,0.486918,0.509955,-0.018005,-0.025705,0.240519,-0.99948,0.00698,0.031393,0.002312
1,0.2625,6,-0.207761,-0.516328,0.100431,0.515,0.478088,0.491964,0.513982,-0.017882,-0.025634,0.239744,0.999529,-0.006162,-0.029244,0.006983
1,0.2625,6,-0.207761,-0.516328,0.100431,0.515,0.478088,0.491964,0.513982,-0.017882,-0.025634,0.239744,0.999529,-0.006162,-0.029244,0.006983
1,0.2625,6,-0.208535,-0.516451,0.100502,0.5211,0.481232,0.486628,0.509965,-0.018005,-0.025705,0.240519,-0.99948,0.00698,0.031393,0.002312
1,0.2625,6,-0.207761,-0.516328,0.100431,0.515,0.478088,0.491964,0.513982,-0.017882,-0.025634,0.239744,0.999529,-0.006162,-0.029244,0.006983
1,0.2625,6,-0.208535,-0.516451,0.100502,0.5211,0.481232,0.486628,0.509965,-0.018005,-0.025705,0.240519,-0.99948,0.00698,0.031393,0.002312
1,0.2625,6,-0.207761,-0.516328,0.100431,0.515,0.478088,0.491964,0.513982,-0.017882,-0.025634,0.239744,0.999529,-0.006162,-0.029244,0.006983
1,0.2625,6,-0.207761,-0.516328,0.100431,0.515,0.478088,0.491964,0.513982,-0.017882,-0.025634,0.239744,0.999529,-0.006162,-0.029244,0.006983
1,0.2625,6,-0.208535,-0.516451,0.100502,0.5211,0.481232,0.486628,0.509965,-0.018005,-0.025705,0.240519,-0.99948,0.00698,0.031393,0.002312
1,0.2625,6,-0.208535,-0.516451,0.100502,0.5211,0.481232,0.486628,0.509965,-0.018005,-0.025705,0.240519,-0.99948,0.00698,0.031393,0.002312
1,0.2625,6,-0.207761,-0.516328,0.100431,0.515,0.478088,0.491964,0.513982,-0.017882,-0.025634,0.239744,0.999529,-0.006162,-0.029244,0.006983
1,0.2625,6,-0.208535,-0.516451,0.100502,0.5211,0.481232,0.486628,0.509965,-0.018005,-0.025705,0.240519,-0.99948,0.00698,0.031393,0.002312
1,0.2625,6,-0.208535,-0.516451,0.100502,0.5211,0.481232,0.486628,0.509965,-0.018005,-0.025705,0.240519,-0.99948,0.00698,0.031393,0.002312
1,0.2625,6,-0.208535,-0.516451,0.100502,0.5211,0.481232,0.486628,0.509965,-0.018005,-0.025705,0.240519,-0.99948,0.00698,0.031393,0.002312
1,0.2625,6,-0.207761,-0.516328,0.100431,0.515,0.478088,0.491964,0.513982,-0.017882,-0.025634,0.239744,0.999529,-0.006162,-0.029244,0.006983
1,0.2625,6,-0.207761,-0.516328,0.100431,0.515,0.478088,0.491964,0.513982,-0.017882,-0.025634,0.239744,0.999529,-0.006162,-0.029244,0.006983
1,0.2625,6,-0.207761,-0.516328,0.100431,0.515,0.478088,0.491964,0.513982,-0.017882,-0.025634,0.239744,0.999529,-0.006162,-0.029244,0.006983
1,0.2625,6,-0.207761,-0.516328,0.100431,0.515,0.478088,0.491964,0.513982,-0.017882,-0.025634,0.239744,0.999529,-0.006162,-0.029244,0.006983
1,0.2625,6,-0.207761,-0.516328,0.100431,0.515,0.478088,0.491964,0.513982,-0.017882,-0.025634,0.239744,0.999529,-0.006162,-0.029244,0.006983
1,0.2625,6,-0.207761,-0.516328,0.100431,0.515,0.478088,0.491964,0.513982,-0.017882,-0.025634,0.239744,0.999529,-0.006162,-0.029244,0.006983
1,0.2625,6,-0.207761,-0.516328,0.100431,0.515,0.478088,0.491964,0.513982,-0.017882,-0.025634,0.239744,0.999529,-0.006162,-0.029244,0.006983
1,0.2625,6,-0.207761,-0.516328,0.100431,0.515,0.478088,0.491964,0.513982,-0.017882,-0.025634,0.239744,0.999529,-0.006162,-0.029244,0.006983
1,0.2625,6,-0.207761,-0.516328,0.100431,0.515,0.478088,0.491964,0.513982,-0.017882,-0.025634,0.239744,0.999529,-0.006162,-0.029244,0.006983
1,0.225,7,-0.206851,-0.521178,0.097499,0.477672,0.517367,0.517753,0.485894,-0.006116,0.002775,0.184489,0.997692,0.012036,0.066792,0.001964
1,0.225,7,-0.206618,-0.52134,0.097691,0.511219,0.457071,0.486339,0.541494,-0.006259,0.002583,0.184245,0.999299,0.008018,-0.023424,0.028069
1,0.225,7,-0.205803,-0.521201,0.097699,0.466341,0.478685,0.532622,0.519327,-0.00607,0.00258,0.18344,0.997692,0.006163,0.04422,0.051153
1,0.225,7,-0.206627,-0.521275,0.097604,0.50414,0.488827,0.494212,0.512489,-0.006196,0.00267,0.184258,0.99984,0.00964,0.014278,0.004888
1,0.225,7,-0.206482,-0.521361,0.09768,0.519465,0.456467,0.475944,0.543389,-0.006273,0.002593,0.184108,0.999166,0.010007,-0.034066,0.020144
1,0.225,7,-0.205881,-0.52121,0.097774,0.459836,0.46721,0.536969,0.530971,-0.006082,0.002505,0.183517,0.996915,0.006803,0.038203,0.068219
1,0.225,7,-0.206482,-0.521361,0.09768,0.519465,0.456467,0.475944,0.543389,-0.006273,0.002593,0.184108,0.999166,0.010007,-0.034066,0.020144
1,0.225,7,-0.206893,-0.52114,0.097575,0.487246,0.49276,0.507801,0.511779,-0.006079,0.002701,0.184533,0.999254,0.012462,0.031946,0.017756
1,0.225,7,-0.206893,-0.52114,0.097575,0.487246,0.49276,0.507801,0.511779,-0.006079,0.002701,0.184533,0.999254,0.012462,0.031946,0.017756
1,0.225,7,-0.207014,-0.521179,0.097495,-0.507867,-0.517211,-0.48668,-0.487552,-0.006127,0.002779,0.184651,-0.998908,-0.014218,-0.035031,0.027448
1,0.225,7,-0.205599,-0.521166,0.097751,0.452029,0.463508,0.54186,0.535927,-0.006021,0.002531,0.183239,0.996028,0.008545,0.04029,0.078942
1,0.225,7,-0.206148,-0.521331,0.097656,0.518006,0.47681,0.480892,0.522556,-0.006222,0.002619,0.183776,0.999907,0.008519,-0.01039,0.002506
1,0.225,7,-0.205971,-0.521248,0.097474,0.532155,0.516174,0.463861,0.484983,-0.006132,0.002804,0.183606,-0.998515,-0.012476,-0.012015,0.051642
1,0.225,7,-0.206438,-0.521081,0.097685,0.481089,0.495451,0.520332,0.502331,-0.00599,0.002593,0.184082,0.998647,0.005764,0.047358,0.020697
1,0.225,7,-0.20641,-0.521028,0.097602,0.489678,0.508756,0.510316,0.490877,-0.005937,0.002678,0.184057,-0.998703,-0.00807,-0.050263,0.000949
1,0.225,7,-0.20545,-0.521027,0.097686,0.458435,0.526493,0.536978,0.4736,-0.005875,0.002598,0.183099,0.995207,0.010116,0.096736,0.010186
1,0.225,7,-0.205968,-0.521173,0.097509,0.515614,0.51346,0.483836,0.486213,-0.006055,0.002771,0.183608,-0.99905,-0.009363,-0.028485,0.031636
1,0.225,7,-0.206113,-0.521189,0.097497,-0.50948,-0.52455,-0.488661,-0.475907,-0.006081,0.002781,0.183751,-0.998265,-0.010535,-0.044605,0.036954
1,0.225,7,-0.206596,-0.521097,0.097571,0.476341,0.508726,0.521964,0.491784,-0.006018,0.002706,0.184239,0.997941,0.008921,0.062379,0.011945
1,0.225,7,-0.205538,-0.521169,0.097823,0.444023,0.455856,0.547409,0.543491,-0.00602,0.002458,0.183178,0.994803,0.009274,0.039542,0.093365
1,0.225,7,-0.206269,-0.521064,0.097861,0.461364,0.468125,0.53085,0.534977,-0.00596,0.002419,0.183913,0.997202,0.011641,0.032833,0.066134
1,0.225,7,-0.206049,-0.521135,0.097764,0.469516,0.462864,0.525894,0.537352,-0.006019,0.002515,0.18369,0.997698,0.00871,0.022442,0.063392
1,0.225,7,-0.206165,-0.521271,0.09759,0.521698,0.484956,0.479454,0.512614,-0.006165,0.002687,0.183798,-0.999926,-0.006842,0.004008,0.009214
1,0.225,7,-0.206887,-0.521197,0.097635,0.514287,0.486785,0.481079,0.516829,-0.006134,0.00264,0.184523,-0.999915,-0.012571,0.000621,0.003351
1,0.225,7,-0.205679,-0.521186,0.097844,0.458604,0.457061,0.53542,0.542313,-0.006045,0.002436,0.183317,0.996466,0.008478,0.027373,0.078955
1,0.225,7,-0.20666,-0.52106,0.097489,-0.489709,-0.515568,-0.507336,-0.486811,-0.005987,0.002789,0.184305,-0.998441,-0.011121,-0.05414,0.007835
1,0.225,7,-0.205928,-0.521113,0.097557,-0.512741,-0.516758,-0.488525,-0.481041,-0.005993,0.002723,0.183571,-0.998786,-0.007516,-0.036489,0.032214
1,0.225,7,-0.205638,-0.521058,0.09762,0.474481,0.520928,0.521632,0.481042,-0.005918,0.002663,0.183285,0.997158,0.011048,0.074512,0.001198
1,0.225,7,-0.205968,-0.521173,0.097509,0.515614,0.51346,0.483836,0.486213,-0.006055,0.002771,0.183608,-0.99905,-0.009363,-0.028485,0.031636
1,0.225,7,-0.206345,-0.521078,0.097535,-0.49476,-0.515156,-0.503443,-0.48618,-0.005983,0.002744,0.18399,-0.998633,-0.010173,-0.04974,0.012411
1,0.225,7,-0.206627,-0.521296,0.097704,0.521533,0.468185,0.472734,0.534163,-0.006216,0.00257,0.184257,0.999554,0.012218,-0.026321,0.00703
1,0.225,7,-0.206887,-0.521197,0.097635,0.514287,0.486785,0.481079,0.516829,-0.006134,0.00264,0.184523,-0.999915,-0.012571,0.000621,0.003351
1,0.225,7,-0.205851,-0.521284,0.097568,0.542061,0.507627,0.453576,0.492701,-0.006158,0.00271,0.183484,-0.998474,-0.012346,0.00624,0.053458
1,0.225,7,-0.206375,-0.521248,0.097619,0.520247,0.466627,0.478996,0.531192,-0.006153,0.002657,0.184009,0.999686,0.007365,-0.021821,0.009911
1,0.225,7,-0.206182,-0.521147,0.097675,0.488963,0.496249,0.513846,0.500614,-0.00604,0.002604,0.183822,0.999056,0.004887,0.041373,0.012278
1,0.225,7,-0.206165,-0.521271,0.09759,0.521698,0.484956,0.479454,0.512614,-0.006165,0.002687,0.183798,-0.999926,-0.006842,0.004008,0.009214
1,0.225,7,-0.205638,-0.521058,0.09762,0.474481,0.520928,0.521632,0.481042,-0.005918,0.002663,0.183285,0.997158,0.011048,0.074512,0.001198
1,0.225,7,-0.205968,-0.521173,0.097509,0.515614,0.51346,0.483836,0.486213,-0.006055,0.002771,0.183608,-0.99905,-0.009363,-0.028485,0.031636
1,0.225,7,-0.205593,-0.521058,0.097753,0.464417,0.508826,0.534823,0.489262,-0.005914,0.00253,0.183239,0.996812,0.006864,0.07614,0.022856
1,0.225,7,-0.205638,-0.521058,0.09762,0.474481,0.520928,0.521632,0.481042,-0.005918,0.002663,0.183285,0.997158,0.011048,0.074512,0.001198
1,0.225,7,-0.206249,-0.52135,0.097671,0.532906,0.479884,0.464718,0.519383,-0.006247,0.002604,0.183877,-0.999561,-0.009705,0.022972,0.016022
1,0.225,7,-0.205854,-0.521116,0.097871,0.458181,0.46928,0.534805,0.532756,-0.005985,0.00241,0.183496,0.996905,0.010652,0.038096,0.067943
1,0.225,7,-0.206345,-0.521078,0.097535,-0.49476,-0.515156,-0.503443,-0.48618,-0.005983,0.002744,0.18399,-0.998633,-0.010173,-0.04974,0.012411
1,0.225,7,-0.205968,-0.521173,0.097509,0.515614,0.51346,0.483836,0.486213,-0.006055,0.002771,0.183608,-0.99905,-0.009363,-0.028485,0.031636
1,0.225,7,-0.205638,-0.521058,0.09762,0.474481,0.520928,0.521632,0.481042,-0.005918,0.002663,0.183285,0.997158,0.011048,0.074512,0.001198
1,0.225,7,-0.206597,-0.52118,0.097704,0.501237,0.490448,0.493236,0.514723,-0.006098,0.002572,0.184234,0.999778,0.013463,0.014954,0.006272
1,0.225,7,-0.206208,-0.521164,0.097446,0.517975,0.517328,0.480362,0.483039,-0.006063,0.002833,0.183848,-0.998799,-0.010463,-0.02903,0.038048
1,0.225,7,-0.206438,-0.521081,0.097685,0.481089,0.495451,0.520332,0.502331,-0.00599,0.002593,0.184082,0.998647,0.005764,0.047358,0.020697
1,0.1875,8,-0.204221,-0.521434,0.094394,0.504548,0.476811,0.50598,0.511925,-0.000463,0.004175,0.144765,0.999577,-0.013086,-0.016911,0.019735
1,0.1875,8,-0.203701,-0.521295,0.094327,-0.507176,-0.511532,-0.499978,-0.48076,-0.000324,0.00424,0.144245,-0.999732,0.00958,-0.011792,0.01746
1,0.1875,8,-0.204195,-0.521209,0.094336,-0.499586,-0.509284,-0.507606,-0.483094,-0.000238,0.004232,0.144739,-0.99978,0.009547,-0.017088,0.007548
1,0.1875,8,-0.204147,-0.521356,0.094331,0.519254,0.492248,0.491335,0.496646,-0.000385,0.004237,0.144691,-0.999731,0.013037,0.016163,0.010296
1,0.1875,8,-0.203829,-0.521276,0.094509,0.468439,0.498873,0.538214,0.491952,-0.000305,0.004058,0.144374,0.998673,-0.010018,0.038245,0.033007
1,0.1875,8,-0.203574,-0.521413,0.094645,0.477116,0.463851,0.525963,0.529684,-0.000444,0.003922,0.144119,0.998207,-0.006945,-0.008657,0.058818
1,0.1875,8,-0.203701,-0.521295,0.094327,-0.507176,-0.511532,-0.499978,-0.48076,-0.000324,0.00424,0.144245,-0.999732,0.00958,-0.011792,0.01746
1,0.1875,8,-0.20355,-0.521072,0.094483,0.461589,0.519897,0.540855,0.473411,-0.000101,0.004082,0.144095,0.997841,-0.006634,0.0628,0.018023
1,0.1875,8,-0.203432,-0.521257,0.094185,-0.52355,-0.528662,-0.481563,-0.46315,-0.000285,0.004381,0.143976,-0.998526,0.008798,-0.011842,0.052226
1,0.1875,8,-0.203756,-0.52126,0.094484,0.479788,0.500511,0.526882,0.491617,-0.00029,0.004083,0.144301,0.999353,-0.009392,0.027916,0.020659
1,0.1875,8,-0.203395,-0.521175,0.094565,0.450398,0.511538,0.552732,0.479539,-0.000205,0.004,0.14394,0.997038,-0.008083,0.067052,0.036808
1,0.1875,8,-0.203989,-0.521395,0.094279,0.514015,0.488916,0.494399,0.502314,-0.000423,0.004289,0.144533,-0.999804,0.010783,0.016534,0.001645
1,0.1875,8,-0.203558,-0.521253,0.094431,-0.50162,-0.505509,-0.507879,-0.484661,-0.000282,0.004135,0.144102,-0.999822,0.01181,-0.013537,0.005766
1,0.1875,8,-0.203308,-0.521217,0.094559,0.46233,0.504782,0.540822,0.488833,-0.000247,0.004007,0.143853,0.998325,-0.006858,0.047113,0.032871
1,0.1875,8,-0.203432,-0.521257,0.094185,-0.52355,-0.528662,-0.481563,-0.46315,-0.000285,0.004381,0.143976,-0.998526,0.008798,-0.011842,0.052226
1,0.1875,8,-0.203939,-0.521444,0.094294,0.531303,0.481992,0.47739,0.507444,-0.000473,0.004274,0.144483,-0.99906,0.011852,0.039684,0.012818
1,0.1875,8,-0.203231,-0.521251,0.094294,-0.515642,-0.523308,-0.49005,-0.469161,-0.00028,0.004271,0.143775,-0.999124,0.008756,-0.014327,0.03834
1,0.1875,8,-0.204023,-0.521385,0.094367,0.509488,0.48711,0.500426,0.502712,-0.000415,0.004201,0.144568,0.999837,-0.01223,-0.012371,0.004743
1,0.1875,8,-0.203647,-0.521314,0.094446,0.492839,0.489174,0.513799,0.503814,-0.000344,0.004121,0.144191,0.999768,-0.008985,0.003085,0.019306
1,0.1875,8,-0.204253,-0.521375,0.0944,0.507006,0.489193,0.503654,0.499967,-0.000404,0.004169,0.144797,0.999878,-0.012926,-0.007102,0.005196
1,0.1875,8,-0.203395,-0.521175,0.094565,0.450398,0.511538,0.552732,0.479539,-0.000205,0.004,0.14394,0.997038,-0.008083,0.067052,0.036808
1,0.1875,8,-0.203823,-0.521366,0.094534,0.492883,0.480591,0.515919,0.50983,-0.000396,0.004033,0.144367,0.999549,-0.011358,-0.003191,0.02763
1,0.1875,8,-0.203992,-0.521182,0.094443,0.469257,0.509318,0.536451,0.4823,-0.000211,0.004125,0.144537,0.998616,-0.009136,0.047026,0.021688
1,0.1875,8,-0.203675,-0.521212,0.094557,0.467083,0.496864,0.534497,0.499272,-0.000242,0.004009,0.14422,0.998798,-0.004835,0.032384,0.036478
1,0.1875,8,-0.203445,-0.521098,0.094537,0.456589,0.518314,0.546855,0.473103,-0.000128,0.004028,0.14399,0.997384,-0.008071,0.067652,0.02417
1,0.1875,8,-0.203554,-0.521464,0.094607,0.481476,0.460263,0.523139,0.531662,-0.000494,0.00396,0.144099,0.998167,-0.008527,-0.015028,0.057996
1,0.1875,8,-0.203851,-0.521512,0.094369,0.521107,0.476042,0.487042,0.514413,-0.000541,0.004199,0.144395,0.999275,-0.011065,-0.036256,0.003573
1,0.1875,8,-0.203492,-0.521092,0.094432,0.469079,0.520201,0.531855,0.475906,-0.000121,0.004134,0.144036,0.9985,-0.004495,0.053472,0.010854
1,0.1875,8,-0.20337,-0.521249,0.094243,-0.516882,-0.526552,-0.487828,-0.466476,-0.000278,0.004323,0.143914,-0.99892,0.007983,-0.01557,0.043033
1,0.1875,8,-0.20384,-0.521357,0.094411,0.502384,0.493805,0.506679,0.497035,-0.000387,0.004157,0.144384,0.999922,-0.011276,0.000491,0.005264
1,0.1875,8,-0.203698,-0.521168,0.0945,0.469383,0.503838,0.530814,0.494027,-0.000198,0.004067,0.144242,0.998988,-0.003275,0.03552,0.027385
1,0.1875,8,-0.204473,-0.521399,0.094434,0.494847,0.482781,0.516309,0.505444,-0.000428,0.004136,0.145018,0.999629,-0.013631,-0.000677,0.023561
1,0.1875,8,-0.204023,-0.521385,0.094367,0.509488,0.48711,0.500426,0.502712,-0.000415,0.004201,0.144568,0.999837,-0.01223,-0.012371,0.004743
1,0.1875,8,-0.203634,-0.521085,0.094447,0.471979,0.525677,0.529526,0.469576,-0.000114,0.004119,0.144178,0.99837,-0.005203,0.05678,0.002343
1,0.1875,8,-0.203756,-0.52126,0.094484,0.479788,0.500511,0.526882,0.491617,-0.00029,0.004083,0.144301,0.999353,-0.009392,0.027916,0.020659
1,0.1875,8,-0.203906,-0.521205,0.094466,0.479204,0.507257,0.527961,0.484056,-0.000235,0.004101,0.14445,0.999201,-0.010035,0.035916,0.014355
1,0.1875,8,-0.20376,-0.521437,0.094334,0.529783,0.484611,0.478212,0.505763,-0.000466,0.004234,0.144304,-0.999183,0.01103,0.036362,0.013789
1,0.1875,8,-0.203385,-0.521156,0.094544,0.459751,0.51276,0.543579,0.47982,-0.000186,0.004021,0.14393,0.997905,-0.007447,0.05829,0.027067
1,0.1875,8,-0.204221,-0.521434,0.094394,0.504548,0.476811,0.50598,0.511925,-0.000463,0.004175,0.144765,0.999577,-0.013086,-0.016911,0.019735
1,0.1875,8,-0.20337,-0.521249,0.094243,-0.516882,-0.526552,-0.487828,-0.466476,-0.000278,0.004323,0.143914,-0.99892,0.007983,-0.01557,0.043033
1,0.1875,8,-0.203111,-0.52135,0.094239,0.525361,0.50661,0.478724,0.488021,-0.000379,0.004327,0.143655,-0.999393,0.006914,0.013993,0.031145
1,0.1875,8,-0.203993,-0.521332,0.094379,0.51193,0.496738,0.497906,0.493223,-0.000362,0.004189,0.144537,-0.999886,0.012111,0.005268,0.007281
1,0.1875,8,-0.203282,-0.521484,0.09431,0.530595,0.483657,0.474262,0.509531,-0.000513,0.004256,0.143826,-0.999027,0.00806,0.041108,0.013821
1,0.1875,8,-0.20384,-0.521357,0.094411,0.502384,0.493805,0.506679,0.497035,-0.000387,0.004157,0.144384,0.999922,-0.011276,0.000491,0.005264
1,0.1875,8,-0.203756,-0.52126,0.094484,0.479788,0.500511,0.526882,0.491617,-0.00029,0.004083,0.144301,0.999353,-0.009392,0.027916,0.020659
1,0.1875,8,-0.203853,-0.521502,0.094343,0.533581,0.474834,0.474874,0.514119,-0.000531,0.004225,0.144397,-0.998692,0.011988,0.049007,0.008319
1,0.1875,8,-0.203408,-0.521154,0.094437,0.465526,0.522222,0.535017,0.473631,-0.000184,0.004129,0.143953,0.998177,-0.004418,0.058975,0.012075
1,0.1875,8,-0.203415,-0.521224,0.094284,-0.51961,-0.521983,-0.48684,-0.469602,-0.000252,0.004282,0.143959,-0.999062,0.009583,-0.009862,0.041056
1,0.1875,8,-0.203445,-0.521098,0.094537,0.456589,0.518314,0.546855,0.473103,-0.000128,0.004028,0.14399,0.997384,-0.008071,0.067652,0.02417
1,0.1875,8,-0.203445,-0.521098,0.094537,0.456589,0.518314,0.546855,0.473103,-0.000128,0.004028,0.14399,0.997384,-0.008071,0.067652,0.02417
1,0.1875,8,-0.203555,-0.521222,0.094233,-0.520825,-0.52512,-0.484645,-0.467022,-0.00025,0.004333,0.144099,-0.998859,0.008813,-0.011025,0.045617
1,0.1875,8,-0.20343,-0.521116,0.094559,0.446797,0.517033,0.556344,0.47279,-0.000147,0.004006,0.143975,0.996419,-0.008701,0.076787,0.034313
1,0.15,9,-0.201733,-0.51932,0.095074,0.483727,0.496225,0.523569,0.495625,0.001407,0.000104,0.108343,0.999858,-0.00047,0.010953,0.012806
1,0.15,9,-0.201821,-0.519232,0.09484,-0.486853,-0.525008,-0.514113,-0.472259,0.001493,0.000339,0.108432,-0.999326,-0.004963,-0.030546,0.019751
1,0.15,9,-0.201772,-0.519336,0.09511,0.476071,0.500661,0.532382,0.489147,0.001392,6.8e-05,0.108382,0.999573,-0.002139,0.024657,0.015502
1,0.15,9,-0.20165,-0.519437,0.095064,0.498076,0.49541,0.503562,0.502906,0.001288,0.000114,0.108262,-0.999931,-0.005614,0.010328,0.000229
1,0.15,9,-0.202006,-0.519348,0.094974,0.491954,0.502296,0.507849,0.497764,0.001383,0.000201,0.108617,-0.999972,-0.00732,-0.000896,0.001136
1,0.15,9,-0.201877,-0.519376,0.094946,-0.50203,-0.502494,-0.507292,-0.487976,0.001352,0.00023,0.10849,-0.999933,0.002328,-0.000434,0.011352
1,0.15,9,-0.201771,-0.519422,0.095022,0.500159,0.48814,0.506502,0.504991,0.001305,0.000155,0.108384,0.999881,0.000587,-0.014574,0.004955
1,0.15,9,-0.20189,-0.519435,0.095005,0.497803,0.495848,0.503821,0.502484,0.001294,0.00017,0.108503,-0.999938,-0.005623,0.009633,0.000398
1,0.15,9,-0.201701,-0.519264,0.095035,0.479041,0.505071,0.523556,0.491236,0.001462,0.000145,0.10831,0.999758,0.004005,0.019907,0.008419
1,0.15,9,-0.201523,-0.519545,0.094886,0.519796,0.496576,0.482723,0.500203,0.001175,0.000292,0.10814,-0.999274,-0.004316,0.029844,0.023288
1,0.15,9,-0.201748,-0.51947,0.095037,0.503722,0.488898,0.498472,0.508693,0.001257,0.000139,0.108361,0.999748,0.005058,-0.021842,0.000642
1,0.15,9,-0.201762,-0.519596,0.094989,0.519914,0.488486,0.483713,0.507043,0.001131,0.000186,0.108378,-0.999199,-0.003258,0.036823,0.015325
1,0.15,9,-0.201605,-0.519458,0.094961,0.513132,0.487249,0.494055,0.505167,0.001265,0.000217,0.108219,-0.999585,5.9e-05,0.027908,0.007118
1,0.15,9,-0.201636,-0.519528,0.095029,0.514811,0.480568,0.485954,0.517563,0.001197,0.000148,0.10825,-0.999085,-0.006146,0.042257,0.00242
1,0.15,9,-0.20171,-0.519398,0.09514,0.484124,0.482394,0.519826,0.512542,0.00133,3.8e-05,0.10832,0.999632,0.002986,-0.00637,0.026205
1,0.15,9,-0.201448,-0.519411,0.094851,-0.50814,-0.511357,-0.49487,-0.485192,0.001307,0.00033,0.108063,-0.999638,-0.003747,0.003074,0.026473
1,0.15,9,-0.201678,-0.519276,0.094844,-0.494449,-0.517162,-0.507154,-0.480477,0.001447,0.000336,0.10829,-0.999693,-0.004944,-0.015238,0.018889
1,0.15,9,-0.201406,-0.519463,0.094809,0.514318,0.510308,0.487521,0.487222,0.001254,0.000372,0.108022,-0.999422,-0.00483,0.011406,0.031646
1,0.15,9,-0.201818,-0.519415,0.095156,0.482955,0.48707,0.529233,0.499429,0.001315,2e-05,0.108428,0.9997,-0.00548,0.007729,0.022575
1,0.15,9,-0.201513,-0.519421,0.094809,0.532433,0.519387,0.47219,0.473063,0.001299,0.000371,0.108129,-0.998064,-0.000659,0.01673,0.059904
1,0.15,9,-0.201623,-0.519321,0.095017,0.486034,0.504586,0.514145,0.494792,0.001403,0.000163,0.108234,0.999928,0.006763,0.009657,0.002284
1,0.15,9,-0.20186,-0.519314,0.09507,0.490025,0.500712,0.521241,0.48731,0.001415,0.000107,0.10847,0.999904,-0.004484,0.012937,0.002114
1,0.15,9,-0.201871,-0.519378,0.094948,-0.49747,-0.506331,-0.502904,-0.493194,0.00135,0.000228,0.108484,-0.999921,-0.006684,0.000105,0.010656
1,0.15,9,-0.201858,-0.519503,0.095054,0.501559,0.484553,0.501135,0.512358,0.001226,0.000121,0.108471,0.999691,0.004538,-0.023391,0.007077
1,0.15,9,-0.201707,-0.519492,0.095067,0.501551,0.480471,0.499363,0.51791,0.001235,0.000109,0.10832,0.999498,0.006237,-0.029049,0.011038
1,0.15,9,-0.201894,-0.519434,0.095002,0.502533,0.49201,0.508045,0.49727,0.001296,0.000173,0.108507,-0.999951,0.003391,0.009266,0.001258
1,0.15,9,-0.201771,-0.519402,0.09503,0.497732,0.487622,0.513323,0.500985,0.001325,0.000147,0.108383,0.999928,-0.003888,-0.008215,0.007831
1,0.15,9,-0.201771,-0.519402,0.09503,0.497732,0.487622,0.513323,0.500985,0.001325,0.000147,0.108383,0.999928,-0.003888,-0.008215,0.007831
1,0.15,9,-0.201785,-0.519245,0.095028,0.483816,0.511853,0.523621,0.479321,0.001483,0.000151,0.108394,-0.999635,0.001138,-0.026784,0.003286
1,0.15,9,-0.201769,-0.51935,0.09498,0.492565,0.500662,0.508392,0.498251,0.001376,0.000198,0.10838,-0.999981,-0.006186,0.000199,9.1e-05
1,0.15,9,-0.201654,-0.519283,0.095138,0.473619,0.484342,0.527633,0.512543,0.001443,4.2e-05,0.108262,0.99939,0.005315,0.003836,0.034295
1,0.15,9,-0.201476,-0.519277,0.09493,-0.49068,-0.511676,-0.512168,-0.484876,0.001443,0.000253,0.108087,-0.999838,-0.003871,-0.014745,0.009541
1,0.15,9,-0.201382,-0.519395,0.094829,-0.509911,-0.517764,-0.493893,-0.477473,0.001322,0.000354,0.107997,-0.999383,-0.002575,-0.002549,0.034939
1,0.15,9,-0.201488,-0.519324,0.094851,-0.508777,-0.520292,-0.496538,-0.473172,0.001395,0.00033,0.1081,-0.999303,-0.000883,-0.007832,0.036486
1,0.15,9,-0.201418,-0.519294,0.095215,0.473309,0.488063,0.53019,0.506628,0.001429,-3.2e-05,0.108026,0.999468,0.003022,0.010047,0.030886
1,0.15,9,-0.201628,-0.51949,0.095051,0.505345,0.482689,0.50743,0.504135,0.001235,0.000127,0.108242,0.999789,-0.005593,-0.01904,0.005215
1,0.15,9,-0.201766,-0.519344,0.095102,0.490232,0.489912,0.511795,0.507666,0.001384,7.6e-05,0.108376,0.999876,0.005153,-0.007327,0.012922
1,0.15,9,-0.201884,-0.519326,0.094951,-0.498301,-0.504586,-0.503227,-0.493814,0.001402,0.000226,0.108496,-0.999936,-0.005563,0.001542,0.009707
1,0.15,9,-0.201859,-0.519503,0.09505,0.506482,0.480603,0.505164,0.507253,0.001226,0.000124,0.108473,0.999699,-0.004475,-0.023329,0.006136
1,0.15,9,-0.201582,-0.519364,0.095205,0.482316,0.481858,0.522093,0.512449,0.001362,-2.5e-05,0.108191,0.999582,0.002451,-0.004541,0.028457
1,0.15,9,-0.201679,-0.519279,0.095043,0.48223,0.508605,0.524722,0.483158,0.001447,0.000137,0.108289,0.999695,-0.000541,0.024623,0.001609
1,0.15,9,-0.201774,-0.519342,0.095031,0.497489,0.48768,0.51466,0.499798,0.001385,0.000147,0.108385,0.999932,-0.005008,-0.006809,0.007999
1,0.15,9,-0.201495,-0.519281,0.09503,0.484617,0.502297,0.520458,0.491902,0.001441,0.000152,0.108105,0.999886,0.001731,0.013815,0.005866
1,0.15,10,-0.201435,-0.519452,0.095295,0.48682,0.48358,0.520866,0.507795,-0.00092,0.000373,0.110518,0.999807,-0.001229,-0.002937,0.019384
1,0.15,10,-0.201166,-0.519644,0.095108,0.526827,0.48046,0.482959,0.508294,-0.001117,0.000563,0.110256,-0.998874,0.003488,0.043971,0.017463
1,0.15,10,-0.201631,-0.519509,0.095037,0.512199,0.497615,0.49781,0.492155,-0.000976,0.000627,0.110719,-0.999723,0.00341,0.012601,0.01959
1,0.15,10,-0.201462,-0.519395,0.095207,0.489758,0.491997,0.512348,0.505545,-0.000863,0.000462,0.110546,0.99995,0.004562,-0.003352,0.008278
1,0.15,10,-0.20129,-0.519354,0.094967,-0.506482,-0.520736,-0.495735,-0.47598,-0.000828,0.000706,0.110378,-0.999247,-0.003604,-0.008821,0.037615
1,0.15,10,-0.201205,-0.519481,0.095028,0.516421,0.500132,0.491718,0.491316,-0.000955,0.000644,0.110294,-0.99952,0.001657,0.016108,0.026415
1,0.15,10,-0.201492,-0.519489,0.095176,0.505636,0.4866,0.49487,0.512501,-0.000957,0.000491,0.110578,-0.999633,-0.006281,0.026258,0.002082
1,0.15,10,-0.2011,-0.519455,0.095472,0.472408,0.467221,0.53264,0.524241,-0.000925,0.000203,0.11018,0.998785,0.000392,-0.006024,0.048901
1,0.15,10,-0.201224,-0.519505,0.095029,0.524565,0.491522,0.481755,0.501148,-0.000979,0.000643,0.110313,-0.999068,-4.1e-05,0.034363,0.026134
1,0.15,10,-0.201479,-0.519543,0.095217,0.504323,0.472641,0.509837,0.512186,-0.001011,0.000449,0.110565,0.999575,-0.007578,-0.024974,0.012985
1,0.15,10,-0.201616,-0.519535,0.095262,0.493121,0.477127,0.508967,0.519744,-0.000999,0.000402,0.1107,0.999574,0.004498,-0.021181,0.019566
1,0.15,10,-0.201553,-0.519489,0.095034,0.516547,0.485972,0.491276,0.505627,-0.000998,0.000578,0.110658,-0.999458,0.001171,0.030423,0.012507
1,0.15,10,-0.201212,-0.519485,0.09501,0.523085,0.489793,0.479855,0.506185,-0.00096,0.000662,0.1103,-0.999012,-0.003445,0.037901,0.022963
1,0.15,10,-0.201456,-0.519509,0.095106,0.514335,0.483574,0.496412,0.505164,-0.001018,0.000508,0.110559,-0.999577,0.004053,0.027714,0.007862
1,0.15,10,-0.201448,-0.519381,0.095296,0.48351,0.487054,0.521798,0.506678,-0.000848,0.000374,0.110529,0.999815,0.001094,0.001501,0.019161
1,0.15,10,-0.201265,-0.519385,0.094988,-0.510858,-0.519316,-0.495844,-0.47273,-0.000859,0.000685,0.110353,-0.999146,0.000986,-0.007537,0.040618
1,0.15,10,-0.201405,-0.519463,0.095256,0.49396,0.480685,0.509353,0.515272,-0.000931,0.000413,0.110489,0.999725,0.003358,-0.017433,0.015306
1,0.15,10,-0.201453,-0.519276,0.095206,0.480131,0.501997,0.52368,0.493186,-0.000744,0.000464,0.110535,0.999802,0.002311,0.018284,0.00745
1,0.15,10,-0.201753,-0.519498,0.095114,0.504986,0.488076,0.49782,0.508867,-0.001003,0.000495,0.110856,-0.999749,-0.004002,0.021824,0.002987
1,0.15,10,-0.20167,-0.519411,0.095031,-0.499645,-0.503467,-0.502341,-0.494499,-0.000918,0.00058,0.110773,-0.999902,-0.004649,0.002074,0.013076
1,0.15,10,-0.201482,-0.519321,0.094997,-0.511469,-0.505277,-0.499953,-0.482847,-0.000832,0.000619,0.110586,-0.999623,0.005095,0.002636,0.026832
1,0.15,10,-0.201386,-0.519528,0.095028,0.516802,0.498847,0.483353,0.500437,-0.001039,0.000587,0.110492,-0.999324,-0.006353,0.025492,0.025722
1,0.15,10,-0.20168,-0.519251,0.095037,-0.492276,-0.508984,-0.512754,-0.485472,-0.000758,0.000576,0.110781,-0.999834,-0.001223,-0.014067,0.011539
1,0.15,10,-0.201519,-0.519425,0.095113,0.508812,0.486681,0.503128,0.501114,-0.000933,0.000501,0.110622,-0.99981,0.005197,0.018012,0.00538
1,0.15,10,-0.20132,-0.519436,0.095183,0.498501,0.494045,0.511027,0.496254,-0.000946,0.000435,0.110421,-0.999989,0.002865,0.002752,0.002509
1,0.15,10,-0.201438,-0.519352,0.095158,-0.50233,-0.498631,-0.506564,-0.492367,-0.000861,0.000459,0.110538,-0.999934,0.002266,0.002712,0.010897
1,0.15,10,-0.201407,-0.519359,0.095,-0.498083,-0.508265,-0.503723,-0.489738,-0.000871,0.000617,0.110511,-0.999846,-0.004669,-0.004156,0.016426
1,0.15,10,-0.201519,-0.519419,0.095047,-0.508187,-0.500465,-0.501213,-0.489966,-0.000928,0.000567,0.110623,-0.999804,0.002829,0.006255,0.01859
1,0.15,10,-0.201591,-0.519522,0.095079,0.511729,0.494779,0.491503,0.501749,-0.00103,0.000532,0.110695,-0.999627,-0.003472,0.021539,0.016426
1,0.15,10,-0.201109,-0.519538,0.094967,0.528245,0.501269,0.474238,0.494758,-0.001055,0.000654,0.110216,-0.998687,-0.003506,0.031841,0.039981
1,0.15,10,-0.201432,-0.519461,0.095038,0.519665,0.492601,0.493159,0.494051,-0.000972,0.000578,0.110536,-0.999489,0.006305,0.022053,0.022245
1,0.15,10,-0.20129,-0.519245,0.095137,0.482231,0.506884,0.524223,0.485502,-0.000756,0.000484,0.110389,0.999716,-0.000529,0.023824,0.000234
1,0.15,10,-0.201556,-0.519328,0.095009,-0.495619,-0.506088,-0.507927,-0.49015,-0.000837,0.000605,0.110659,-0.999907,-0.002933,-0.006209,0.011798
1,0.15,10,-0.201519,-0.519447,0.095264,0.493115,0.478683,0.514142,0.513185,-0.000953,0.00035,0.110619,0.999734,-0.00067,-0.014487,0.017954
1,0.15,10,-0.20151,-0.519364,0.095231,0.482523,0.480922,0.519903,0.51535,-0.000871,0.000384,0.110609,0.999635,0.003929,-0.006173,0.026003
1,0.15,10,-0.201267,-0.519426,0.09506,0.508575,0.497671,0.499772,0.493865,-0.000939,0.000559,0.110371,-0.999813,0.001688,0.010489,0.016138
1,0.15,10,-0.201423,-0.519289,0.095161,0.481024,0.498369,0.528416,0.490939,-0.000798,0.000457,0.110522,0.999753,-0.003442,0.019583,0.009962
1,0.15,10,-0.201486,-0.519505,0.09496,0.523437,0.495724,0.48516,0.494864,-0.001016,0.000653,0.110592,-0.99921,0.002233,0.02679,0.029283
1,0.15,10,-0.20139,-0.519264,0.095159,0.476066,0.504198,0.53074,0.4873,-0.000774,0.00046,0.110489,0.999569,-0.001124,0.027975,0.008795
1,0.15,10,-0.201199,-0.5194,0.094816,-0.508431,-0.523756,-0.4913,-0.475186,-0.000917,0.000804,0.110307,-0.999034,-0.005928,-0.007633,0.042861
1,0.15,10,-0.20155,-0.51941,0.095119,0.503992,0.489188,0.50679,0.499852,-0.000917,0.000495,0.110652,-0.999917,0.004037,0.011859,0.003074
1,0.15,10,-0.201758,-0.519391,0.095004,-0.505372,-0.506424,-0.497057,-0.490987,-0.000897,0.000605,0.110862,-0.999744,-0.004103,0.004408,0.021796
1,0.15,10,-0.201622,-0.519459,0.095092,0.507835,0.494167,0.494324,0.503533,-0.000966,0.000519,0.110725,-0.999732,-0.004609,0.019338,0.011894
1,0.15,10,-0.2013,-0.519324,0.095064,-0.498422,-0.506273,-0.507384,-0.487674,-0.000836,0.000556,0.110402,-0.999874,-0.000637,-0.005824,0.014781
1,0.15,10,-0.201482,-0.519321,0.094997,-0.511469,-0.505277,-0.499953,-0.482847,-0.000832,0.000619,0.110586,-0.999623,0.005095,0.002636,0.026832
2,0.2625,11,0.076159,-0.577966,0.050017,0.010086,-0.677125,-0.735619,0.016265,0.023352,0.037759,0.258491,0.998792,-0.004469,0.020239,0.044549
2,0.2625,11,0.076159,-0.577966,0.050017,0.010086,-0.677125,-0.735619,0.016265,0.023352,0.037759,0.258491,0.998792,-0.004469,0.020239,0.044549
2,0.2625,11,0.076159,-0.577966,0.050017,0.010086,-0.677125,-0.735619,0.016265,0.023352,0.037759,0.258491,0.998792,-0.004469,0.020239,0.044549
2,0.2625,11,0.076159,-0.577966,0.050017,0.010086,-0.677125,-0.735619,0.016265,0.023352,0.037759,0.258491,0.998792,-0.004469,0.020239,0.044549
2,0.2625,11,0.076294,-0.577312,0.050098,0.006179,-0.683919,-0.729438,0.011669,0.02322,0.037674,0.257837,0.999265,-0.003986,0.014226,0.035376
2,0.2625,11,0.076159,-0.577966,0.050017,0.010086,-0.677125,-0.735619,0.016265,0.023352,0.037759,0.258491,0.998792,-0.004469,0.020239,0.044549
2,0.2625,11,0.076159,-0.577966,0.050017,0.010086,-0.677125,-0.735619,0.016265,0.023352,0.037759,0.258491,0.998792,-0.004469,0.020239,0.044549
2,0.2625,11,0.076271,-0.576406,0.050207,-0.035171,0.693382,0.719129,-0.028939,0.023245,0.037559,0.256931,0.99866,0.004429,0.046912,0.021409
2,0.2625,11,0.076271,-0.576406,0.050207,-0.035171,0.693382,0.719129,-0.028939,0.023245,0.037559,0.256931,0.99866,0.004429,0.046912,0.021409
2,0.2625,11,0.076159,-0.577966,0.050017,0.010086,-0.677125,-0.735619,0.016265,0.023352,0.037759,0.258491,0.998792,-0.004469,0.020239,0.044549
2,0.2625,11,0.076159,-0.577966,0.050017,0.010086,-0.677125,-0.735619,0.016265,0.023352,0.037759,0.258491,0.998792,-0.004469,0.020239,0.044549
2,0.2625,11,0.076159,-0.577966,0.050017,0.010086,-0.677125,-0.735619,0.016265,0.023352,0.037759,0.258491,0.998792,-0.004469,0.020239,0.044549
2,0.2625,11,0.076136,-0.578136,0.050037,-0.019501,0.690581,0.72287,-0.013289,0.023375,0.03774,0.258661,0.999345,0.004336,0.024767,0.026035
2,0.2625,11,0.076136,-0.578136,0.050037,-0.019501,0.690581,0.72287,-0.013289,0.023375,0.03774,0.258661,0.999345,0.004336,0.024767,0.026035
2,0.2625,11,0.076159,-0.577966,0.050017,0.010086,-0.677125,-0.735619,0.016265,0.023352,0.037759,0.258491,0.998792,-0.004469,0.020239,0.044549
2,0.2625,11,0.076271,-0.576406,0.050207,-0.035171,0.693382,0.719129,-0.028939,0.023245,0.037559,0.256931,0.99866,0.004429,0.046912,0.021409
2,0.2625,11,0.076136,-0.578136,0.050037,-0.019501,0.690581,0.72287,-0.013289,0.023375,0.03774,0.258661,0.999345,0.004336,0.024767,0.026035
2,0.2625,11,0.076294,-0.577312,0.050098,0.006179,-0.683919,-0.729438,0.011669,0.02322,0.037674,0.257837,0.999265,-0.003986,0.014226,0.035376
2,0.2625,11,0.076271,-0.576406,0.050207,-0.035171,0.693382,0.719129,-0.028939,0.023245,0.037559,0.256931,0.99866,0.004429,0.046912,0.021409
2,0.2625,11,0.076136,-0.578136,0.050037,-0.019501,0.690581,0.72287,-0.013289,0.023375,0.03774,0.258661,0.999345,0.004336,0.024767,0.026035
2,0.2625,11,0.076136,-0.578136,0.050037,-0.019501,0.690581,0.72287,-0.013289,0.023375,0.03774,0.258661,0.999345,0.004336,0.024767,0.026035
2,0.2625,11,0.076136,-0.578136,0.050037,-0.019501,0.690581,0.72287,-0.013289,0.023375,0.03774,0.258661,0.999345,0.004336,0.024767,0.026035
2,0.2625,11,0.076136,-0.578136,0.050037,-0.019501,0.690581,0.72287,-0.013289,0.023375,0.03774,0.258661,0.999345,0.004336,0.024767,0.026035
2,0.2625,11,0.076294,-0.577312,0.050098,0.006179,-0.683919,-0.729438,0.011669,0.02322,0.037674,0.257837,0.999265,-0.003986,0.014226,0.035376
2,0.2625,11,0.076256,-0.576667,0.050287,0.027169,-0.664243,-0.746488,0.028279,0.02326,0.037481,0.257193,0.997282,-0.000845,0.040798,0.061346
2,0.2625,11,0.076136,-0.578136,0.050037,-0.019501,0.690581,0.72287,-0.013289,0.023375,0.03774,0.258661,0.999345,0.004336,0.024767,0.026035
2,0.2625,11,0.076271,-0.576406,0.050207,-0.035171,0.693382,0.719129,-0.028939,0.023245,0.037559,0.256931,0.99866,0.004429,0.046912,0.021409
2,0.2625,11,0.076136,-0.578136,0.050037,-0.019501,0.690581,0.72287,-0.013289,0.023375,0.03774,0.258661,0.999345,0.004336,0.024767,0.026035
2,0.2625,11,0.076294,-0.577312,0.050098,0.006179,-0.683919,-0.729438,0.011669,0.02322,0.037674,0.257837,0.999265,-0.003986,0.014226,0.035376
2,0.2625,11,0.076271,-0.576406,0.050207,-0.035171,0.693382,0.719129,-0.028939,0.023245,0.037559,0.256931,0.99866,0.004429,0.046912,0.021409
2,0.2625,11,0.076271,-0.576406,0.050207,-0.035171,0.693382,0.719129,-0.028939,0.023245,0.037559,0.256931,0.99866,0.004429,0.046912,0.021409
2,0.2625,11,0.076136,-0.578136,0.050037,-0.019501,0.690581,0.72287,-0.013289,0.023375,0.03774,0.258661,0.999345,0.004336,0.024767,0.026035
2,0.2625,11,0.076294,-0.577312,0.050098,0.006179,-0.683919,-0.729438,0.011669,0.02322,0.037674,0.257837,0.999265,-0.003986,0.014226,0.035376
2,0.2625,11,0.076294,-0.577312,0.050098,0.006179,-0.683919,-0.729438,0.011669,0.02322,0.037674,0.257837,0.999265,-0.003986,0.014226,0.035376
2,0.2625,11,0.076271,-0.576406,0.050207,-0.035171,0.693382,0.719129,-0.028939,0.023245,0.037559,0.256931,0.99866,0.004429,0.046912,0.021409
2,0.2625,11,0.076136,-0.578136,0.050037,-0.019501,0.690581,0.72287,-0.013289,0.023375,0.03774,0.258661,0.999345,0.004336,0.024767,0.026035
2,0.2625,11,0.076159,-0.577966,0.050017,0.010086,-0.677125,-0.735619,0.016265,0.023352,0.037759,0.258491,0.998792,-0.004469,0.020239,0.044549
2,0.2625,11,0.076159,-0.577966,0.050017,0.010086,-0.677125,-0.735619,0.016265,0.023352,0.037759,0.258491,0.998792,-0.004469,0.020239,0.044549
2,0.2625,11,0.076294,-0.577312,0.050098,0.006179,-0.683919,-0.729438,0.011669,0.02322,0.037674,0.257837,0.999265,-0.003986,0.014226,0.035376
2,0.2625,11,0.076271,-0.576406,0.050207,-0.035171,0.693382,0.719129,-0.028939,0.023245,0.037559,0.256931,0.99866,0.004429,0.046912,0.021409
2,0.2625,11,0.076271,-0.576406,0.050207,-0.035171,0.693382,0.719129,-0.028939,0.023245,0.037559,0.256931,0.99866,0.004429,0.046912,0.021409
2,0.2625,11,0.076136,-0.578136,0.050037,-0.019501,0.690581,0.72287,-0.013289,0.023375,0.03774,0.258661,0.999345,0.004336,0.024767,0.026035
2,0.2625,11,0.076294,-0.577312,0.050098,0.006179,-0.683919,-0.729438,0.011669,0.02322,0.037674,0.257837,0.999265,-0.003986,0.014226,0.035376
2,0.2625,11,0.076136,-0.578136,0.050037,-0.019501,0.690581,0.72287,-0.013289,0.023375,0.03774,0.258661,0.999345,0.004336,0.024767,0.026035
2,0.2625,11,0.076271,-0.576406,0.050207,-0.035171,0.693382,0.719129,-0.028939,0.023245,0.037559,0.256931,0.99866,0.004429,0.046912,0.021409
2,0.225,12,0.077243,-0.573894,0.049533,-0.064258,0.700118,0.709014,-0.054814,-0.001026,0.000508,0.184653,-0.997974,-0.003986,-0.059889,0.021114
2,0.225,12,0.077216,-0.573352,0.049701,0.059298,-0.683165,-0.725668,0.05635,-0.001026,0.000371,0.184102,0.998351,4.5e-05,0.057337,0.002751
2,0.225,12,0.077489,-0.574006,0.049586,-0.004398,0.698377,0.715696,0.005491,-0.001266,0.00045,0.184774,-0.999545,-0.006771,0.025103,0.015311
2,0.225,12,0.077263,-0.573738,0.049616,-0.07064,0.688676,0.718769,-0.064079,-0.001054,0.000434,0.184494,-0.997462,-0.002014,-0.070912,0.006047
2,0.225,12,0.077489,-0.574006,0.049586,-0.004398,0.698377,0.715696,0.005491,-0.001266,0.00045,0.184774,-0.999545,-0.006771,0.025103,0.015311
2,0.225,12,0.077527,-0.574195,0.049755,0.010703,0.682954,0.730229,0.01499,-0.001296,0.000271,0.184955,0.999068,0.003808,-0.042591,0.005961
2,0.225,12,0.077189,-0.573641,0.04964,-0.058692,0.702033,0.707705,-0.053463,-0.000984,0.000416,0.184392,-0.998218,-0.001085,-0.054911,0.023333
2,0.225,12,0.077322,-0.573251,0.049549,-0.056413,0.709628,0.700742,-0.046963,-0.001137,0.000528,0.184015,-0.998232,-0.003985,-0.048784,0.033709
2,0.225,12,0.07735,-0.573649,0.049479,-0.054713,0.709535,0.701163,-0.044012,-0.001145,0.000576,0.184417,-0.998394,-0.004968,-0.045516,0.033376
2,0.225,12,0.077263,-0.573738,0.049616,-0.07064,0.688676,0.718769,-0.064079,-0.001054,0.000434,0.184494,-0.997462,-0.002014,-0.070912,0.006047
2,0.225,12,0.077287,-0.573328,0.04959,-0.051401,0.710923,0.699957,-0.044805,-0.001098,0.000483,0.184087,-0.998426,-0.002071,-0.043654,0.035142
2,0.225,12,0.07751,-0.574549,0.04952,-0.009906,0.713076,0.701007,0.003762,-0.00126,0.000486,0.18532,-0.99911,-0.008791,0.019904,0.03614
2,0.225,12,0.077385,-0.57425,0.049765,-0.03029,0.655489,0.754179,-0.025129,-0.001151,0.000258,0.185003,0.998985,0.003748,0.014785,0.042377
2,0.225,12,0.07743,-0.574684,0.049561,-0.025357,0.712395,0.70119,-0.013521,-0.001174,0.000438,0.185448,-0.999342,-0.006879,-0.003199,0.035476
2,0.225,12,0.077364,-0.574334,0.049555,-0.044574,0.701976,0.710013,-0.033533,-0.001125,0.000463,0.185096,-0.999266,-0.005892,-0.030924,0.021819
2,0.225,12,0.077238,-0.57333,0.049676,-0.071196,0.693413,0.713999,-0.065696,-0.001049,0.000397,0.184082,-0.997291,-0.001057,-0.072431,0.012745
2,0.225,12,0.077216,-0.573473,0.049598,-0.064897,0.703294,0.705665,-0.056598,-0.00102,0.000467,0.184228,-0.997766,-0.003017,-0.061585,0.025701
2,0.225,12,0.07743,-0.574684,0.049561,-0.025357,0.712395,0.70119,-0.013521,-0.001174,0.000438,0.185448,-0.999342,-0.006879,-0.003199,0.035476
2,0.225,12,0.07751,-0.574549,0.04952,-0.009906,0.713076,0.701007,0.003762,-0.00126,0.000486,0.18532,-0.99911,-0.008791,0.019904,0.03614
2,0.225,12,0.077317,-0.573842,0.049686,-0.030233,0.679103,0.733031,-0.023895,-0.001102,0.000358,0.184597,0.999839,0.003828,0.013869,0.010678
2,0.225,12,0.077193,-0.573291,0.049798,0.064082,-0.662633,-0.743046,0.068512,-0.001006,0.000277,0.184035,0.997147,-0.004839,0.069208,0.029735
2,0.225,12,0.077216,-0.573473,0.049598,-0.064897,0.703294,0.705665,-0.056598,-0.00102,0.000467,0.184228,-0.997766,-0.003017,-0.061585,0.025701
2,0.225,12,0.07758,-0.574024,0.049602,0.015005,0.690681,0.722666,0.022109,-0.001357,0.000432,0.184795,-0.99869,-0.005755,0.050603,0.004898
2,0.225,12,0.07751,-0.574549,0.04952,-0.009906,0.713076,0.701007,0.003762,-0.00126,0.000486,0.18532,-0.99911,-0.008791,0.019904,0.03614
2,0.225,12,0.07751,-0.574549,0.04952,-0.009906,0.713076,0.701007,0.003762,-0.00126,0.000486,0.18532,-0.99911,-0.008791,0.019904,0.03614
2,0.225,12,0.07752,-0.574114,0.049618,0.005933,0.702631,0.71133,0.016825,-0.001292,0.000412,0.184882,-0.998924,-0.00775,0.040387,0.021425
2,0.225,12,0.077569,-0.573097,0.04972,0.033543,0.682844,0.728808,0.037915,-0.001391,0.000366,0.183864,0.997167,0.004733,-0.0749,0.005047
2,0.225,12,0.077433,-0.57446,0.049643,-0.017619,0.703576,0.710356,-0.008042,-0.001188,0.000368,0.185221,-0.999705,-0.00585,0.006197,0.02274
2,0.225,12,0.077525,-0.573529,0.049609,0.001466,0.720244,0.693612,0.012208,-0.001326,0.000453,0.184299,-0.998323,-0.006856,0.033956,0.046383
2,0.225,12,0.077243,-0.573894,0.049533,-0.064258,0.700118,0.709014,-0.054814,-0.001026,0.000508,0.184653,-0.997974,-0.003986,-0.059889,0.021114
2,0.225,12,0.077189,-0.573475,0.049624,-0.054817,0.692919,0.717258,-0.04898,-0.000993,0.000441,0.184227,-0.998745,-0.002,-0.049002,0.010165
2,0.225,12,0.07752,-0.574114,0.049618,0.005933,0.702631,0.71133,0.016825,-0.001292,0.000412,0.184882,-0.998924,-0.00775,0.040387,0.021425
2,0.225,12,0.077263,-0.573738,0.049616,-0.07064,0.688676,0.718769,-0.064079,-0.001054,0.000434,0.184494,-0.997462,-0.002014,-0.070912,0.006047
2,0.225,12,0.077515,-0.573762,0.049625,0.003124,-0.687413,-0.726253,0.003169,-0.001304,0.000424,0.18453,0.999798,-1.8e-05,-0.020077,7.9e-05
2,0.225,12,0.077489,-0.574006,0.049586,-0.004398,0.698377,0.715696,0.005491,-0.001266,0.00045,0.184774,-0.999545,-0.006771,0.025103,0.015311
2,0.225,12,0.077238,-0.57333,0.049676,-0.071196,0.693413,0.713999,-0.065696,-0.001049,0.000397,0.184082,-0.997291,-0.001057,-0.072431,0.012745
2,0.225,12,0.077216,-0.573352,0.049701,0.059298,-0.683165,-0.725668,0.05635,-0.001026,0.000371,0.184102,0.998351,4.5e-05,0.057337,0.002751
2,0.225,12,0.077211,-0.574045,0.049581,-0.059095,0.696962,0.712719,-0.052768,-0.000987,0.000452,0.1848,-0.998368,-0.002042,-0.054723,0.016225
2,0.225,12,0.077587,-0.573486,0.049731,0.03157,0.689095,0.722999,0.037718,-0.00139,0.000333,0.184253,-0.997285,-0.005736,0.073336,0.003514
2,0.225,12,0.077332,-0.573316,0.049886,-0.032121,0.623927,0.78048,-0.023121,-0.001144,0.000188,0.184062,0.996387,0.00747,0.014802,0.0833
2,0.225,12,0.077364,-0.574334,0.049555,-0.044574,0.701976,0.710013,-0.033533,-0.001125,0.000463,0.185096,-0.999266,-0.005892,-0.030924,0.021819
2,0.225,12,0.077216,-0.573473,0.049598,-0.064897,0.703294,0.705665,-0.056598,-0.00102,0.000467,0.184228,-0.997766,-0.003017,-0.061585,0.025701
2,0.225,12,0.077297,-0.57396,0.049663,-0.041828,0.664887,0.744987,-0.034219,-0.001077,0.000375,0.184714,0.999129,0.004757,0.029411,0.029202
2,0.225,12,0.077216,-0.573473,0.049598,-0.064897,0.703294,0.705665,-0.056598,-0.00102,0.000467,0.184228,-0.997766,-0.003017,-0.061585,0.025701
2,0.225,12,0.0772,-0.573777,0.049575,-0.058092,0.685622,0.723835,-0.051103,-0.000988,0.000473,0.184532,-0.998598,-0.00295,-0.052846,0.000365
2,0.225,12,0.077599,-0.574244,0.049622,0.01746,0.697387,0.716005,0.026132,-0.001365,0.0004,0.185015,-0.998352,-0.006756,0.055146,0.014375
2,0.225,12,0.077189,-0.573475,0.049624,-0.054817,0.692919,0.717258,-0.04898,-0.000993,0.000441,0.184227,-0.998745,-0.002,-0.049002,0.010165
2,0.225,12,0.077317,-0.573842,0.049686,-0.030233,0.679103,0.733031,-0.023895,-0.001102,0.000358,0.184597,0.999839,0.003828,0.013869,0.010678
2,0.225,12,0.077256,-0.573254,0.04961,-0.041315,0.70464,0.707396,-0.036962,-0.001071,0.000466,0.184011,-0.999198,-0.001071,-0.030916,0.025435
2,0.225,12,0.077297,-0.57396,0.049663,-0.041828,0.664887,0.744987,-0.034219,-0.001077,0.000375,0.184714,0.999129,0.004757,0.029411,0.029202
2,0.225,12,0.077364,-0.574334,0.049555,-0.044574,0.701976,0.710013,-0.033533,-0.001125,0.000463,0.185096,-0.999266,-0.005892,-0.030924,0.021819
2,0.225,12,0.077189,-0.573475,0.049624,-0.054817,0.692919,0.717258,-0.04898,-0.000993,0.000441,0.184227,-0.998745,-0.002,-0.049002,0.010165
2,0.225,12,0.077297,-0.57396,0.049663,-0.041828,0.664887,0.744987,-0.034219,-0.001077,0.000375,0.184714,0.999129,0.004757,0.029411,0.029202
2,0.225,12,0.077413,-0.573714,0.049761,-0.005236,0.671085,0.741355,-0.003365,-0.001205,0.000291,0.18447,0.999581,0.001836,-0.0184,0.02228
2,0.1875,13,0.076374,-0.57491,0.053812,0.012724,-0.695988,-0.717698,0.018652,0.001329,-0.004271,0.150682,-0.99979,0.008398,0.017006,0.00777
2,0.1875,13,0.076358,-0.575165,0.053849,0.02338,-0.694978,-0.718012,0.030285,0.001364,-0.00432,0.150932,-0.999932,0.009419,0.001263,0.006729
2,0.1875,13,0.076452,-0.574666,0.053872,-0.007779,-0.690123,-0.723649,0.001095,0.001231,-0.00432,0.150441,0.998987,-0.009525,-0.043977,0.000541
2,0.1875,13,0.076256,-0.575171,0.053714,0.033477,-0.726817,-0.685021,0.036927,0.001468,-0.004186,0.150937,-0.998519,0.00904,-0.010846,0.052548
2,0.1875,13,0.076283,-0.575153,0.053902,0.048138,-0.688854,-0.721125,0.056051,0.001438,-0.004373,0.150912,0.999349,-0.010701,0.034464,2.7e-05
2,0.1875,13,0.076381,-0.575179,0.053712,-0.019464,0.728396,0.684625,-0.018698,0.001343,-0.004184,0.150955,-0.998445,0.005587,0.011886,0.054177
2,0.1875,13,0.076359,-0.575106,0.053769,0.008715,-0.709639,-0.704354,0.014913,0.001359,-0.004237,0.150878,-0.999346,0.009207,0.022411,0.02686
2,0.1875,13,0.076255,-0.574821,0.053963,0.039292,-0.683563,-0.727672,0.041131,0.001439,-0.004419,0.150577,0.999794,-0.005695,0.017706,0.008129
2,0.1875,13,0.076339,-0.575033,0.053731,0.016346,-0.722494,-0.690971,0.01715,0.001374,-0.004196,0.150806,-0.998828,0.006282,0.015256,0.045504
2,0.1875,13,0.076358,-0.575165,0.053849,0.02338,-0.694978,-0.718012,0.030285,0.001364,-0.00432,0.150932,-0.999932,0.009419,0.001263,0.006729
2,0.1875,13,0.076424,-0.575097,0.053832,0.012691,-0.687797,-0.725509,0.020281,0.001293,-0.0043,0.150871,0.999825,-0.009156,-0.015945,0.00359
2,0.1875,13,0.076374,-0.57491,0.053812,0.012724,-0.695988,-0.717698,0.018652,0.001329,-0.004271,0.150682,-0.99979,0.008398,0.017006,0.00777
2,0.1875,13,0.076266,-0.574573,0.053625,-0.018794,0.734883,0.677706,-0.017566,0.001412,-0.004069,0.150346,-0.99787,0.0056,0.013098,0.063658
2,0.1875,13,0.07622,-0.575251,0.053879,0.046163,-0.696367,-0.71435,0.05143,0.001508,-0.004355,0.151006,-0.99946,0.00912,-0.029871,0.010171
2,0.1875,13,0.076374,-0.57491,0.053812,0.012724,-0.695988,-0.717698,0.018652,0.001329,-0.004271,0.150682,-0.99979,0.008398,0.017006,0.00777
2,0.1875,13,0.076294,-0.574935,0.053826,0.027714,-0.704014,-0.708887,0.032803,0.001411,-0.004287,0.1507,-0.999763,0.00875,-0.003665,0.019585
2,0.1875,13,0.076242,-0.57436,0.054097,-0.022544,0.652847,0.756943,-0.017897,0.001415,-0.004531,0.15011,0.998681,0.001206,-0.010571,0.050225
2,0.1875,13,0.07612,-0.574422,0.054019,0.063394,-0.677922,-0.729689,0.062901,0.001541,-0.004457,0.150167,0.998634,-0.004584,0.050224,0.013673
2,0.1875,13,0.07642,-0.575333,0.053878,0.004553,-0.697904,-0.716021,0.014926,0.001315,-0.004357,0.151103,-0.999558,0.011442,0.025479,0.010226
2,0.1875,13,0.076439,-0.574755,0.053721,-0.012209,-0.715037,-0.698931,-0.008228,0.001253,-0.004173,0.150537,-0.997941,0.007211,0.053467,0.034698
2,0.1875,13,0.076261,-0.575067,0.053865,0.041109,-0.702476,-0.708954,0.047147,0.001453,-0.004332,0.150827,-0.999513,0.00983,-0.023278,0.018317
2,0.1875,13,0.076359,-0.575106,0.053769,0.008715,-0.709639,-0.704354,0.014913,0.001359,-0.004237,0.150878,-0.999346,0.009207,0.022411,0.02686
2,0.1875,13,0.076417,-0.574597,0.053905,0.003601,-0.692615,-0.721215,0.010987,0.001261,-0.00435,0.150369,-0.999537,0.008961,0.028914,0.002916
2,0.1875,13,0.076327,-0.575384,0.053804,0.025614,-0.708782,-0.704206,0.032666,0.001413,-0.004286,0.151151,-0.999601,0.010361,-0.002078,0.026214
2,0.1875,13,0.076358,-0.575165,0.053849,0.02338,-0.694978,-0.718012,0.030285,0.001364,-0.00432,0.150932,-0.999932,0.009419,0.001263,0.006729
2,0.1875,13,0.076464,-0.575224,0.053955,0.000655,-0.685287,-0.728208,0.009735,0.001262,-0.004428,0.150994,0.999417,-0.009692,-0.031941,0.007238
2,0.1875,13,0.076339,-0.575033,0.053731,0.016346,-0.722494,-0.690971,0.01715,0.001374,-0.004196,0.150806,-0.998828,0.006282,0.015256,0.045504
2,0.1875,13,0.076413,-0.574714,0.053912,0.008231,-0.67605,-0.736689,0.013354,0.001273,-0.004361,0.150485,0.999496,-0.006591,-0.024001,0.019692
2,0.1875,13,0.07638,-0.5746,0.053727,-0.009699,-0.713669,-0.700401,-0.004559,0.001299,-0.004171,0.150377,-0.998226,0.008054,0.049132,0.032645
2,0.1875,13,0.076411,-0.574566,0.053634,-0.027781,0.744821,0.6665,-0.015775,0.001267,-0.004077,0.15035,-0.996856,-0.001315,0.007738,0.078848
2,0.1875,13,0.076469,-0.575279,0.053808,0.003226,-0.70873,-0.705444,0.006301,0.001263,-0.004284,0.151057,-0.999127,0.006713,0.032331,0.02558
2,0.1875,13,0.076359,-0.575106,0.053769,0.008715,-0.709639,-0.704354,0.014913,0.001359,-0.004237,0.150878,-0.999346,0.009207,0.022411,0.02686
2,0.1875,13,0.076268,-0.575385,0.053892,0.035008,-0.691302,-0.720796,0.036449,0.001471,-0.004375,0.151143,-0.999916,0.005672,-0.0114,0.002248
2,0.1875,13,0.076256,-0.575171,0.053714,0.033477,-0.726817,-0.685021,0.036927,0.001468,-0.004186,0.150937,-0.998519,0.00904,-0.010846,0.052548
2,0.1875,13,0.076374,-0.57491,0.053812,0.012724,-0.695988,-0.717698,0.018652,0.001329,-0.004271,0.150682,-0.99979,0.008398,0.017006,0.00777
2,0.1875,13,0.07635,-0.574523,0.053919,-0.001364,-0.688043,-0.725657,0.004218,0.001321,-0.00436,0.150289,0.999276,-0.007244,-0.037196,0.003368
2,0.1875,13,0.076452,-0.574666,0.053872,-0.007779,-0.690123,-0.723649,0.001095,0.001231,-0.00432,0.150441,0.998987,-0.009525,-0.043977,0.000541
2,0.1875,13,0.076385,-0.574399,0.054046,0.011701,-0.657452,-0.753283,0.013566,0.001275,-0.004481,0.150163,0.998774,-0.003374,-0.021398,0.044505
2,0.1875,13,0.076138,-0.574718,0.053937,0.06223,-0.69165,-0.716482,0.066345,0.001548,-0.004388,0.150466,-0.998605,0.008622,-0.051825,0.005228
2,0.1875,13,0.076285,-0.574821,0.053742,0.014818,-0.720041,-0.693511,0.019085,0.001411,-0.004198,0.15059,-0.998972,0.008597,0.015044,0.041881
2,0.1875,13,0.076384,-0.574499,0.0541,0.013717,-0.651239,-0.758557,0.017043,0.001284,-0.00454,0.15026,0.998448,-0.004177,-0.017551,0.052691
2,0.1875,13,0.076261,-0.575067,0.053865,0.041109,-0.702476,-0.708954,0.047147,0.001453,-0.004332,0.150827,-0.999513,0.00983,-0.023278,0.018317
2,0.1875,13,0.076299,-0.574889,0.053718,0.026314,-0.714326,-0.698735,0.028553,0.001403,-0.004177,0.150659,-0.999391,0.007208,0.000222,0.034138
2,0.1875,13,0.076439,-0.574468,0.053775,-0.014058,0.73757,0.675113,-0.00398,0.00123,-0.004213,0.150249,-0.99737,-0.000808,0.02588,0.067689
2,0.1875,13,0.076346,-0.575131,0.05391,0.015094,-0.687459,-0.725836,0.018262,0.001373,-0.00438,0.150895,0.999852,-0.00602,-0.015602,0.003939
2,0.1875,13,0.07643,-0.574718,0.05378,-0.011772,0.721241,0.692582,0.001531,0.001258,-0.00423,0.150497,-0.99853,-0.004145,0.031469,0.043946
2,0.1875,13,0.076345,-0.574842,0.053798,0.008972,-0.714489,-0.699494,0.011546,0.001353,-0.004254,0.150612,-0.999103,0.006863,0.024517,0.033828
2,0.1875,13,0.076359,-0.575106,0.053769,0.008715,-0.709639,-0.704354,0.014913,0.001359,-0.004237,0.150878,-0.999346,0.009207,0.022411,0.02686
2,0.1875,13,0.076242,-0.575127,0.053847,0.036476,-0.695203,-0.716721,0.040906,0.001477,-0.004317,0.150886,-0.999816,0.008101,-0.015565,0.007778
2,0.1875,13,0.076359,-0.575106,0.053769,0.008715,-0.709639,-0.704354,0.014913,0.001359,-0.004237,0.150878,-0.999346,0.009207,0.022411,0.02686
2,0.1875,13,0.076439,-0.574468,0.053775,-0.014058,0.73757,0.675113,-0.00398,0.00123,-0.004213,0.150249,-0.99737,-0.000808,0.02588,0.067689
2,0.1875,13,0.07641,-0.575098,0.053836,0.00526,-0.699823,-0.714227,0.009993,0.001308,-0.004304,0.15087,-0.999485,0.007491,0.028363,0.013019
2,0.1875,13,0.076374,-0.57491,0.053812,0.012724,-0.695988,-0.717698,0.018652,0.001329,-0.004271,0.150682,-0.99979,0.008398,0.017006,0.00777
2,0.1875,13,0.0762,-0.57456,0.053658,-0.026627,0.736258,0.675624,-0.027348,0.001477,-0.004102,0.150327,-0.997794,0.00736,0.000658,0.06598
2,0.1875,13,0.07641,-0.575098,0.053836,0.00526,-0.699823,-0.714227,0.009993,0.001308,-0.004304,0.15087,-0.999485,0.007491,0.028363,0.013019
2,0.1875,13,0.076358,-0.575165,0.053849,0.02338,-0.694978,-0.718012,0.030285,0.001364,-0.00432,0.150932,-0.999932,0.009419,0.001263,0.006729
2,0.15,14,0.075637,-0.577647,0.061237,-0.031657,0.710889,0.701983,-0.029227,0.001273,-0.008184,0.113598,-0.999767,-0.002916,-0.013922,0.016238
2,0.15,14,0.075799,-0.577436,0.061327,-0.009524,0.700476,0.713556,-0.008952,0.0011,-0.008271,0.113395,-0.999868,-0.002352,0.016059,0.000615
2,0.15,14,0.075777,-0.577769,0.061459,-0.021955,0.685992,0.727104,-0.015908,0.001141,-0.00841,0.113723,0.999793,0.006664,-0.002264,0.019066
2,0.15,14,0.075646,-0.577658,0.061356,-0.029969,0.68828,0.724534,-0.020553,0.001224,-0.008303,0.113607,0.999814,0.009249,0.006712,0.015546
2,0.15,14,0.075707,-0.577926,0.061397,0.035029,-0.703785,-0.708273,0.042527,0.00122,-0.008351,0.113877,-0.999641,0.003941,-0.025671,0.006583
2,0.15,14,0.075719,-0.577723,0.061365,-0.027928,0.70207,0.711183,-0.023162,0.001196,-0.008314,0.113676,-0.999956,-0.005007,-0.007032,0.003542
2,0.15,14,0.075896,-0.577743,0.061304,-0.008864,0.710916,0.703217,0.002513,0.00102,-0.008255,0.113707,-0.999531,-0.009645,0.024583,0.015509
2,0.15,14,0.075873,-0.577795,0.061446,-0.013061,0.697595,0.716341,-0.006825,0.001047,-0.008398,0.113755,0.999861,0.006463,-0.015014,0.003272
2,0.15,14,0.075882,-0.577914,0.061228,-0.000768,-0.717918,-0.69612,0.003214,0.001044,-0.008182,0.113879,-0.999305,0.001473,0.027465,0.025152
2,0.15,14,0.075842,-0.577472,0.061528,-0.009798,0.679018,0.734052,-0.002564,0.001059,-0.008473,0.11343,0.999345,0.007967,-0.020261,0.028914
2,0.15,14,0.07582,-0.577578,0.06146,-0.015629,0.690725,0.722869,-0.010732,0.001087,-0.008407,0.113536,0.999848,0.005747,-0.010423,0.012762
2,0.15,14,0.075903,-0.577529,0.06148,-0.001002,0.692271,0.72163,0.003086,0.001002,-0.008427,0.113491,0.99946,0.005316,-0.030542,0.010845
2,0.15,14,0.07608,-0.577723,0.061234,0.010235,0.720874,0.692733,0.018908,0.000835,-0.008185,0.1137,-0.998289,-0.007559,0.049702,0.029852
2,0.15,14,0.075635,-0.577742,0.061387,0.02828,-0.704261,-0.708707,0.03083,0.00124,-0.008336,0.113689,-0.999898,-7.7e-05,-0.012647,0.006702
2,0.15,14,0.075723,-0.577599,0.061396,-0.026745,0.692262,0.720901,-0.01897,0.001184,-0.008343,0.113552,0.999914,0.007573,0.003281,0.010204
2,0.15,14,0.075699,-0.577759,0.061343,0.028504,-0.708245,-0.704585,0.033715,0.001218,-0.008293,0.113711,-0.999811,0.002385,-0.01482,0.012374
2,0.15,14,0.075791,-0.57774,0.061362,0.019029,-0.703392,-0.710084,0.025663,0.001125,-0.008312,0.113698,-0.99998,0.003055,-0.002422,0.005011
2,0.15,14,0.075651,-0.577667,0.061395,0.031063,-0.700654,-0.711785,0.038487,0.00126,-0.008344,0.113615,-0.999791,0.003696,-0.020013,0.001883
2,0.15,14,0.075751,-0.577498,0.061383,-0.02491,0.694285,0.719004,-0.019512,0.001151,-0.008328,0.113453,0.999952,0.005822,0.002343,0.007483
2,0.15,14,0.075569,-0.577738,0.061359,0.04735,-0.709789,-0.700972,0.050946,0.001347,-0.008309,0.113682,-0.999054,0.001604,-0.040366,0.016085
2,0.15,14,0.075843,-0.577836,0.061248,0.008623,-0.719026,-0.694822,0.012202,0.001078,-0.008201,0.113798,-0.999533,0.001366,0.014471,0.026882
2,0.15,14,0.075601,-0.577445,0.061409,0.041323,-0.700936,-0.710377,0.048434,0.001297,-0.008352,0.113391,-0.999399,0.003651,-0.034318,0.003102
2,0.15,14,0.075944,-0.577897,0.061223,-0.00491,0.73308,0.680105,0.005189,0.000982,-0.008177,0.113865,-0.998412,-0.007854,0.029315,0.047468
2,0.15,14,0.075828,-0.578025,0.061446,0.013664,-0.693512,-0.720047,0.019635,0.001105,-0.008401,0.113982,0.999941,-0.002099,-0.005602,0.009014
2,0.15,14,0.075799,-0.577509,0.061529,-0.019394,0.67911,0.733604,-0.016101,0.001104,-0.008474,0.113464,0.999571,0.005009,-0.003931,0.028587
2,0.15,14,0.075812,-0.577241,0.06143,0.018211,-0.686068,-0.727066,0.018806,0.001075,-0.008371,0.113198,0.999811,0.001973,-0.002909,0.019123
2,0.15,14,0.076035,-0.577455,0.06143,0.015327,0.696292,0.717107,0.026484,0.000865,-0.008376,0.113426,0.998218,0.010411,-0.058572,0.004715
2,0.15,14,0.07567,-0.577589,0.061425,-0.030205,0.691982,0.720748,-0.027755,0.001237,-0.008371,0.113538,0.999868,0.003727,0.011907,0.010391
2,0.15,14,0.076064,-0.577401,0.061395,0.015266,0.704916,0.708584,0.027719,0.000833,-0.008339,0.113374,-0.998145,-0.010982,0.059416,0.00743
2,0.15,14,0.07571,-0.577233,0.061569,0.022381,-0.671932,-0.739943,0.022152,0.001177,-0.008509,0.113182,0.999262,0.003059,0.00247,0.038197
2,0.15,14,0.075682,-0.577175,0.061501,-0.023769,0.688995,0.724138,-0.018575,0.001201,-0.00844,0.113124,0.999872,0.005906,0.000889,0.014858
2,0.15,14,0.076004,-0.577716,0.061504,0.007832,0.696527,0.717282,0.017192,0.000871,-0.008454,0.113683,0.998852,0.009416,-0.046727,0.004704
2,0.15,14,0.075715,-0.57759,0.061458,0.025535,-0.691065,-0.721923,0.024582,0.001192,-0.008405,0.113541,0.999905,0.002767,0.006351,0.011909
2,0.15,14,0.075894,-0.577941,0.061392,0.00968,-0.698535,-0.71529,0.017753,0.001034,-0.008347,0.113903,0.999943,-0.003745,-0.009779,0.002151
2,0.15,14,0.075723,-0.577599,0.061396,-0.026745,0.692262,0.720901,-0.01897,0.001184,-0.008343,0.113552,0.999914,0.007573,0.003281,0.010204
2,0.15,14,0.075738,-0.577711,0.061171,-0.025126,0.728947,0.683913,-0.016328,0.001176,-0.008121,0.113669,-0.999099,-0.006807,-0.000188,0.041879
2,0.15,14,0.075892,-0.577599,0.061394,-0.006883,0.707963,0.706213,0.001887,0.001016,-0.008342,0.113562,-0.999579,-0.007935,0.025551,0.011249
2,0.15,14,0.075753,-0.57744,0.061603,-0.016083,0.681753,0.731313,-0.011628,0.001146,-0.008547,0.113391,0.999624,0.005783,-0.009439,0.025083
2,0.15,14,0.075975,-0.577863,0.061503,0.009616,0.698867,0.714889,0.02064,0.000949,-0.008456,0.113828,0.998676,0.010138,-0.05042,0.001313
2,0.15,14,0.075863,-0.577543,0.061514,-0.004798,0.69127,0.72258,0.000738,0.001043,-0.008461,0.113501,0.999563,0.006337,-0.026186,0.012187
2,0.15,14,0.075977,-0.577584,0.061312,0.018166,0.721181,0.692229,0.019677,0.000931,-0.00826,0.113554,-0.997974,-0.002541,0.055898,0.030265
2,0.15,14,0.07587,-0.577705,0.061283,-0.013216,0.723164,0.690527,-0.005738,0.001044,-0.008233,0.113669,-0.99931,-0.006287,0.015725,0.033067
2,0.15,14,0.075929,-0.577739,0.061192,-0.005716,-0.724713,-0.68901,-0.004947,0.000987,-0.008143,0.113707,-0.998711,-0.000601,0.036719,0.035027
2,0.15,14,0.075738,-0.577336,0.061504,-0.017916,0.683306,0.729772,-0.01435,0.001154,-0.008446,0.113288,0.999705,0.005059,-0.00623,0.022909
2,0.15,14,0.075782,-0.577905,0.06146,0.024148,-0.695434,-0.717568,0.029747,0.001144,-0.008413,0.113859,0.99994,-0.00207,0.008964,0.005873
2,0.15,14,0.075661,-0.57756,0.061359,0.031245,-0.700918,-0.711883,0.030988,0.001245,-0.008306,0.11351,-0.999885,-0.001781,-0.014888,0.00215
2,0.15,14,0.075804,-0.577945,0.061344,0.011683,-0.710791,-0.703108,0.016703,0.001124,-0.008299,0.113903,-0.999841,0.002097,0.009117,0.015186
2,0.15,14,0.075843,-0.577836,0.061248,0.008623,-0.719026,-0.694822,0.012202,0.001078,-0.008201,0.113798,-0.999533,0.001366,0.014471,0.026882
2,0.15,14,0.075966,-0.577926,0.061289,-0.007261,0.72433,0.689411,0.002314,0.000961,-0.008244,0.113895,-0.999039,-0.007819,0.025614,0.034705
2,0.15,15,0.076923,-0.577231,0.061317,-0.020824,0.716206,0.697477,-0.011865,-0.000634,0.000499,0.109533,-0.99985,-0.004608,-0.005286,0.015842
2,0.15,15,0.077136,-0.577164,0.061393,0.011079,0.697787,0.715899,0.021411,-0.00085,0.000423,0.109473,0.999096,0.006161,-0.04083,0.010121
2,0.15,15,0.076817,-0.57724,0.061293,-0.024957,0.714808,0.698654,-0.017624,-0.000529,0.000522,0.109538,-0.999821,-0.003474,-0.012277,0.01399
2,0.15,15,0.076982,-0.577197,0.061319,-0.004924,0.716258,0.697815,0.002288,-0.000695,0.000497,0.109501,-0.999744,-0.00343,0.015969,0.015649
2,0.15,15,0.076889,-0.577348,0.061487,0.022081,-0.69486,-0.718211,0.029229,-0.000597,0.000328,0.109647,0.999711,-0.00628,0.018388,0.014132
2,0.15,15,0.077003,-0.577367,0.06144,-0.007567,0.699732,0.714363,-0.001803,-0.00071,0.000375,0.10967,0.999903,0.002812,-0.011245,0.00776
2,0.15,15,0.077023,-0.577341,0.061433,-0.002243,-0.701657,-0.712509,0.001634,-0.00073,0.000382,0.109646,0.999811,-0.004034,-0.018314,0.0052
2,0.15,15,0.077047,-0.577195,0.06156,0.005013,0.684095,0.729283,0.011665,-0.000761,0.000256,0.1095,0.999122,0.003873,-0.029681,0.029327
2,0.15,15,0.076851,-0.577231,0.061476,-0.031652,0.697401,0.715651,-0.02176,-0.000563,0.000339,0.10953,0.999732,0.005699,0.019909,0.010312
2,0.15,15,0.076834,-0.577425,0.061348,0.024012,-0.721896,-0.691033,0.027632,-0.000539,0.000467,0.109723,-0.999521,0.004471,-0.018686,0.024241
2,0.15,15,0.076725,-0.577148,0.061317,-0.036594,0.715582,0.696664,-0.035536,-0.00044,0.000498,0.109443,-0.999324,0.001048,-0.033175,0.015833
2,0.15,15,0.076783,-0.577334,0.061333,-0.032346,0.711427,0.701413,-0.029085,-0.000491,0.000481,0.10963,-0.999626,-0.00064,-0.025598,0.009578
2,0.15,15,0.076904,-0.577176,0.061214,-0.02505,0.734124,0.678362,-0.016098,-0.000617,0.000601,0.109477,-0.999044,-0.004121,-0.011319,0.042013
2,0.15,15,0.076809,-0.577405,0.061306,-0.037539,0.717784,0.694738,-0.026741,-0.000514,0.000508,0.109703,-0.999423,-0.005798,-0.027643,0.018883
2,0.15,15,0.076982,-0.577197,0.061319,-0.004924,0.716258,0.697815,0.002288,-0.000695,0.000497,0.109501,-0.999744,-0.00343,0.015969,0.015649
2,0.15,15,0.076783,-0.577329,0.061333,-0.03537,0.711428,0.701399,-0.025661,-0.000492,0.000482,0.109626,-0.999619,-0.005199,-0.025327,0.00967
2,0.15,15,0.076948,-0.57737,0.061489,0.008392,-0.694411,-0.719392,0.014074,-0.000655,0.000325,0.109671,0.999869,-0.005172,-0.002014,0.015235
2,0.15,15,0.076999,-0.577101,0.061342,-0.006929,0.710694,0.703467,0.000865,-0.000715,0.000474,0.109406,-0.99987,-0.003977,0.013557,0.007723
2,0.15,15,0.076891,-0.577583,0.061599,-0.024497,0.687462,0.725634,-0.015849,-0.000591,0.000215,0.109882,0.999633,0.005094,0.010648,0.0244
2,0.15,15,0.076748,-0.577275,0.061442,0.036778,-0.698623,-0.713401,0.040409,-0.000458,0.000373,0.10957,0.999286,-0.003947,0.03671,0.008054
2,0.15,15,0.076952,-0.577388,0.061445,-0.015036,0.705388,0.708639,-0.005766,-0.000658,0.000369,0.10969,-0.999982,-0.005126,0.003144,0.000319
2,0.15,15,0.076699,-0.577032,0.061478,-0.050127,0.696255,0.71453,-0.04651,-0.000418,0.000338,0.109325,0.998669,0.001188,0.050487,0.010457
2,0.15,15,0.076573,-0.577188,0.061499,-0.055525,0.69003,0.719881,-0.050467,-0.000286,0.000315,0.109476,0.998192,0.002337,0.057102,0.018634
2,0.15,15,0.076879,-0.577209,0.061656,0.020395,-0.673707,-0.738479,0.018757,-0.000592,0.00016,0.109507,0.999014,0.000477,0.009777,0.043294
2,0.15,15,0.076874,-0.577234,0.06135,-0.026505,0.714706,0.698741,-0.015954,-0.000586,0.000465,0.109533,-0.999813,-0.005752,-0.012197,0.013897
2,0.15,15,0.077066,-0.577236,0.061343,0.010352,0.710167,0.703834,0.013188,-0.000777,0.000473,0.109543,-0.99938,-0.000536,0.034495,0.007058
2,0.15,15,0.07701,-0.577216,0.061482,-0.005248,0.696687,0.717351,0.002782,-0.000722,0.000334,0.10952,0.999788,0.004503,-0.016127,0.011989
2,0.15,15,0.077008,-0.577588,0.061371,0.003761,-0.716503,-0.697539,0.006996,-0.000707,0.000443,0.109892,-0.999814,0.003977,0.010246,0.015877
2,0.15,15,0.076954,-0.577286,0.061278,-0.019668,0.725498,0.687826,-0.012733,-0.000663,0.000537,0.109589,-0.999556,-0.002938,-0.005102,0.029209
2,0.15,15,0.076924,-0.577466,0.061305,-0.022039,0.718506,0.695019,-0.014571,-0.000627,0.000509,0.109768,-0.999777,-0.003487,-0.008062,0.019183
2,0.15,15,0.077064,-0.577214,0.061586,0.008448,0.691842,0.721836,0.015373,-0.000777,0.00023,0.109519,0.999217,0.003886,-0.034719,0.018574
2,0.15,15,0.077004,-0.577136,0.061448,-0.012298,0.70523,0.708844,-0.006279,-0.000719,0.000368,0.10944,-0.999985,-0.002837,0.004724,2.4e-05
2,0.15,15,0.076793,-0.577475,0.061472,0.027942,-0.698057,-0.714829,0.030892,-0.000497,0.000342,0.109771,0.999668,-0.003408,0.023723,0.009436
2,0.15,15,0.077004,-0.577119,0.061602,0.000502,-0.680675,-0.73258,0.002758,-0.000721,0.000214,0.109423,0.99929,-0.002376,-0.015606,0.034208
2,0.15,15,0.076968,-0.57725,0.061415,-0.008589,0.706172,0.707986,-0.001758,-0.000679,0.0004,0.109553,-0.999938,-0.003402,0.01054,0.001315
2,0.15,15,0.076773,-0.577355,0.061322,-0.044022,0.713851,0.697957,-0.036538,-0.00048,0.000493,0.109651,-0.999132,-0.003518,-0.039149,0.013766
2,0.15,15,0.076804,-0.577256,0.061333,-0.042806,0.711341,0.700687,-0.034634,-0.000515,0.000482,0.109553,-0.999259,-0.004076,-0.036936,0.010074
2,0.15,15,0.077028,-0.577445,0.061413,-0.003566,0.713345,0.700785,0.005135,-0.000732,0.000401,0.109749,-0.999744,-0.004565,0.018946,0.011513
2,0.15,15,0.077024,-0.577248,0.061471,-0.007034,0.706336,0.707833,-0.003414,-0.000735,0.000344,0.109553,-0.999943,-0.001128,0.010474,0.001498
2,0.15,15,0.076855,-0.577474,0.061464,-0.033945,0.699912,0.713073,-0.022309,-0.000558,0.00035,0.109772,0.999714,0.006862,0.021927,0.006695
