marker_id,scan_distance,movement_id,px,py,pz,qx,qy,qz,qw,cam_px,cam_py,cam_pz,cam_qx,cam_qy,cam_qz,cam_qw
0,0.2625,1,-0.19579,-0.298548,0.093601,0.505989,0.465813,0.524588,0.501797,-0.019452,-0.017826,0.22901,0.999149,-0.030734,-0.006896,0.026618
0,0.2625,1,-0.19579,-0.298548,0.093601,0.505989,0.465813,0.524588,0.501797,-0.019452,-0.017826,0.22901,0.999149,-0.030734,-0.006896,0.026618
0,0.2625,1,-0.195655,-0.298453,0.093553,0.488929,0.467297,0.540042,0.500935,-0.019358,-0.017778,0.228875,0.998635,-0.029659,0.010545,0.041691
0,0.2625,1,-0.195655,-0.298453,0.093553,0.488929,0.467297,0.540042,0.500935,-0.019358,-0.017778,0.228875,0.998635,-0.029659,0.010545,0.041691
0,0.2625,1,-0.19579,-0.298548,0.093601,0.505989,0.465813,0.524588,0.501797,-0.019452,-0.017826,0.22901,0.999149,-0.030734,-0.006896,0.026618
0,0.2625,1,-0.195175,-0.29839,0.093611,0.508898,0.464119,0.517679,0.507567,-0.019293,-0.017835,0.228395,0.999199,-0.026689,-0.015536,0.025456
0,0.2625,1,-0.195655,-0.298453,0.093553,0.488929,0.467297,0.540042,0.500935,-0.019358,-0.017778,0.228875,0.998635,-0.029659,0.010545,0.041691
0,0.2625,1,-0.19579,-0.298548,0.093601,0.505989,0.465813,0.524588,0.501797,-0.019452,-0.017826,0.22901,0.999149,-0.030734,-0.006896,0.026618
0,0.2625,1,-0.19579,-0.298548,0.093601,0.505989,0.465813,0.524588,0.501797,-0.019452,-0.017826,0.22901,0.999149,-0.030734,-0.006896,0.026618
0,0.2625,1,-0.19579,-0.298548,0.093601,0.505989,0.465813,0.524588,0.501797,-0.019452,-0.017826,0.22901,0.999149,-0.030734,-0.006896,0.026618
0,0.2625,1,-0.19579,-0.298548,0.093601,0.505989,0.465813,0.524588,0.501797,-0.019452,-0.017826,0.22901,0.999149,-0.030734,-0.006896,0.026618
0,0.2625,1,-0.19579,-0.298548,0.093601,0.505989,0.465813,0.524588,0.501797,-0.019452,-0.017826,0.22901,0.999149,-0.030734,-0.006896,0.026618
0,0.2625,1,-0.195925,-0.298452,0.093608,0.489382,0.485634,0.538647,0.484277,-0.019357,-0.017833,0.229145,0.99896,-0.028325,0.027105,0.023258
0,0.2625,1,-0.195655,-0.298453,0.093553,0.488929,0.467297,0.540042,0.500935,-0.019358,-0.017778,0.228875,0.998635,-0.029659,0.010545,0.041691
0,0.2625,1,-0.19579,-0.298548,0.093601,0.505989,0.465813,0.524588,0.501797,-0.019452,-0.017826,0.22901,0.999149,-0.030734,-0.006896,0.026618
0,0.2625,1,-0.19579,-0.298548,0.093601,0.505989,0.465813,0.524588,0.501797,-0.019452,-0.017826,0.22901,0.999149,-0.030734,-0.006896,0.026618
0,0.2625,1,-0.19579,-0.298548,0.093601,0.505989,0.465813,0.524588,0.501797,-0.019452,-0.017826,0.22901,0.999149,-0.030734,-0.006896,0.026618
0,0.2625,1,-0.19579,-0.298548,0.093601,0.505989,0.465813,0.524588,0.501797,-0.019452,-0.017826,0.22901,0.999149,-0.030734,-0.006896,0.026618
0,0.2625,1,-0.194918,-0.29842,0.093547,0.501675,0.460286,0.527616,0.508016,-0.019322,-0.017771,0.228138,0.998861,-0.029761,-0.009091,0.036166
0,0.2625,1,-0.19579,-0.298548,0.093601,0.505989,0.465813,0.524588,0.501797,-0.019452,-0.017826,0.22901,0.999149,-0.030734,-0.006896,0.026618
0,0.2625,1,-0.195655,-0.298453,0.093553,0.488929,0.467297,0.540042,0.500935,-0.019358,-0.017778,0.228875,0.998635,-0.029659,0.010545,0.041691
0,0.2625,1,-0.19579,-0.298548,0.093601,0.505989,0.465813,0.524588,0.501797,-0.019452,-0.017826,0.22901,0.999149,-0.030734,-0.006896,0.026618
0,0.2625,1,-0.19579,-0.298548,0.093601,0.505989,0.465813,0.524588,0.501797,-0.019452,-0.017826,0.22901,0.999149,-0.030734,-0.006896,0.026618
0,0.2625,1,-0.19579,-0.298548,0.093601,0.505989,0.465813,0.524588,0.501797,-0.019452,-0.017826,0.22901,0.999149,-0.030734,-0.006896,0.026618
0,0.2625,1,-0.194918,-0.29842,0.093547,0.501675,0.460286,0.527616,0.508016,-0.019322,-0.017771,0.228138,0.998861,-0.029761,-0.009091,0.036166
0,0.2625,1,-0.19579,-0.298548,0.093601,0.505989,0.465813,0.524588,0.501797,-0.019452,-0.017826,0.22901,0.999149,-0.030734,-0.006896,0.026618
0,0.2625,1,-0.195964,-0.298545,0.093651,0.50797,0.481116,0.521563,0.488329,-0.01945,-0.017876,0.229183,0.999512,-0.029271,0.004974,0.009723
0,0.2625,1,-0.19579,-0.298548,0.093601,0.505989,0.465813,0.524588,0.501797,-0.019452,-0.017826,0.22901,0.999149,-0.030734,-0.006896,0.026618
0,0.2625,1,-0.195964,-0.298545,0.093651,0.50797,0.481116,0.521563,0.488329,-0.01945,-0.017876,0.229183,0.999512,-0.029271,0.004974,0.009723
0,0.2625,1,-0.195964,-0.298545,0.093651,0.50797,0.481116,0.521563,0.488329,-0.01945,-0.017876,0.229183,0.999512,-0.029271,0.004974,0.009723
0,0.2625,1,-0.195964,-0.298545,0.093651,0.50797,0.481116,0.521563,0.488329,-0.01945,-0.017876,0.229183,0.999512,-0.029271,0.004974,0.009723
0,0.2625,1,-0.195964,-0.298545,0.093651,0.50797,0.481116,0.521563,0.488329,-0.01945,-0.017876,0.229183,0.999512,-0.029271,0.004974,0.009723
0,0.2625,1,-0.19579,-0.298548,0.093601,0.505989,0.465813,0.524588,0.501797,-0.019452,-0.017826,0.22901,0.999149,-0.030734,-0.006896,0.026618
0,0.2625,1,-0.19579,-0.298548,0.093601,0.505989,0.465813,0.524588,0.501797,-0.019452,-0.017826,0.22901,0.999149,-0.030734,-0.006896,0.026618
0,0.2625,1,-0.19579,-0.298548,0.093601,0.505989,0.465813,0.524588,0.501797,-0.019452,-0.017826,0.22901,0.999149,-0.030734,-0.006896,0.026618
0,0.2625,1,-0.19579,-0.298548,0.093601,0.505989,0.465813,0.524588,0.501797,-0.019452,-0.017826,0.22901,0.999149,-0.030734,-0.006896,0.026618
0,0.2625,1,-0.196575,-0.29867,0.093648,0.51065,0.470262,0.521062,0.496573,-0.019578,-0.017875,0.229794,0.999323,-0.031674,-0.006161,0.017686
0,0.2625,1,-0.19579,-0.298548,0.093601,0.505989,0.465813,0.524588,0.501797,-0.019452,-0.017826,0.22901,0.999149,-0.030734,-0.006896,0.026618
0,0.2625,1,-0.195655,-0.298453,0.093553,0.488929,0.467297,0.540042,0.500935,-0.019358,-0.017778,0.228875,0.998635,-0.029659,0.010545,0.041691
0,0.2625,1,-0.19579,-0.298548,0.093601,0.505989,0.465813,0.524588,0.501797,-0.019452,-0.017826,0.22901,0.999149,-0.030734,-0.006896,0.026618
0,0.2625,1,-0.19579,-0.298548,0.093601,0.505989,0.465813,0.524588,0.501797,-0.019452,-0.017826,0.22901,0.999149,-0.030734,-0.006896,0.026618
0,0.2625,1,-0.195204,-0.298428,0.093603,0.504729,0.476183,0.523672,0.494232,-0.01933,-0.017828,0.228424,0.99944,-0.028233,0.002238,0.01782
0,0.2625,1,-0.195655,-0.298453,0.093553,0.488929,0.467297,0.540042,0.500935,-0.019358,-0.017778,0.228875,0.998635,-0.029659,0.010545,0.041691
0,0.2625,1,-0.19579,-0.298548,0.093601,0.505989,0.465813,0.524588,0.501797,-0.019452,-0.017826,0.22901,0.999149,-0.030734,-0.006896,0.026618
0,0.2625,1,-0.19579,-0.298548,0.093601,0.505989,0.465813,0.524588,0.501797,-0.019452,-0.017826,0.22901,0.999149,-0.030734,-0.006896,0.026618
0,0.2625,1,-0.19579,-0.298548,0.093601,0.505989,0.465813,0.524588,0.501797,-0.019452,-0.017826,0.22901,0.999149,-0.030734,-0.006896,0.026618
0,0.2625,1,-0.195925,-0.298452,0.093608,0.489382,0.485634,0.538647,0.484277,-0.019357,-0.017833,0.229145,0.99896,-0.028325,0.027105,0.023258
0,0.2625,1,-0.19579,-0.298548,0.093601,0.505989,0.465813,0.524588,0.501797,-0.019452,-0.017826,0.22901,0.999149,-0.030734,-0.006896,0.026618
0,0.2625,1,-0.195204,-0.298428,0.093603,0.504729,0.476183,0.523672,0.494232,-0.01933,-0.017828,0.228424,0.99944,-0.028233,0.002238,0.01782
0,0.2625,1,-0.195655,-0.298453,0.093553,0.488929,0.467297,0.540042,0.500935,-0.019358,-0.017778,0.228875,0.998635,-0.029659,0.010545,0.041691
0,0.2625,1,-0.19579,-0.298548,0.093601,0.505989,0.465813,0.524588,0.501797,-0.019452,-0.017826,0.22901,0.999149,-0.030734,-0.006896,0.026618
0,0.2625,1,-0.195964,-0.298545,0.093651,0.50797,0.481116,0.521563,0.488329,-0.01945,-0.017876,0.229183,0.999512,-0.029271,0.004974,0.009723
0,0.2625,1,-0.19579,-0.298548,0.093601,0.505989,0.465813,0.524588,0.501797,-0.019452,-0.017826,0.22901,0.999149,-0.030734,-0.006896,0.026618
0,0.2625,1,-0.195964,-0.298545,0.093651,0.50797,0.481116,0.521563,0.488329,-0.01945,-0.017876,0.229183,0.999512,-0.029271,0.004974,0.009723
0,0.2625,1,-0.195964,-0.298545,0.093651,0.50797,0.481116,0.521563,0.488329,-0.01945,-0.017876,0.229183,0.999512,-0.029271,0.004974,0.009723
0,0.2625,1,-0.19579,-0.298548,0.093601,0.505989,0.465813,0.524588,0.501797,-0.019452,-0.017826,0.22901,0.999149,-0.030734,-0.006896,0.026618
0,0.2625,1,-0.195964,-0.298545,0.093651,0.50797,0.481116,0.521563,0.488329,-0.01945,-0.017876,0.229183,0.999512,-0.029271,0.004974,0.009723
0,0.2625,1,-0.195964,-0.298545,0.093651,0.50797,0.481116,0.521563,0.488329,-0.01945,-0.017876,0.229183,0.999512,-0.029271,0.004974,0.009723
0,0.2625,1,-0.19579,-0.298548,0.093601,0.505989,0.465813,0.524588,0.501797,-0.019452,-0.017826,0.22901,0.999149,-0.030734,-0.006896,0.026618
0,0.2625,1,-0.19579,-0.298548,0.093601,0.505989,0.465813,0.524588,0.501797,-0.019452,-0.017826,0.22901,0.999149,-0.030734,-0.006896,0.026618
0,0.2625,1,-0.195964,-0.298545,0.093651,0.50797,0.481116,0.521563,0.488329,-0.01945,-0.017876,0.229183,0.999512,-0.029271,0.004974,0.009723
0,0.2625,1,-0.195964,-0.298545,0.093651,0.50797,0.481116,0.521563,0.488329,-0.01945,-0.017876,0.229183,0.999512,-0.029271,0.004974,0.009723
0,0.2625,1,-0.195964,-0.298545,0.093651,0.50797,0.481116,0.521563,0.488329,-0.01945,-0.017876,0.229183,0.999512,-0.029271,0.004974,0.009723
0,0.2625,1,-0.195964,-0.298545,0.093651,0.50797,0.481116,0.521563,0.488329,-0.01945,-0.017876,0.229183,0.999512,-0.029271,0.004974,0.009723
0,0.2625,1,-0.195964,-0.298545,0.093651,0.50797,0.481116,0.521563,0.488329,-0.01945,-0.017876,0.229183,0.999512,-0.029271,0.004974,0.009723
0,0.2625,1,-0.195964,-0.298545,0.093651,0.50797,0.481116,0.521563,0.488329,-0.01945,-0.017876,0.229183,0.999512,-0.029271,0.004974,0.009723
0,0.2625,1,-0.195964,-0.298545,0.093651,0.50797,0.481116,0.521563,0.488329,-0.01945,-0.017876,0.229183,0.999512,-0.029271,0.004974,0.009723
0,0.2625,1,-0.19579,-0.298548,0.093601,0.505989,0.465813,0.524588,0.501797,-0.019452,-0.017826,0.22901,0.999149,-0.030734,-0.006896,0.026618
0,0.2625,1,-0.195964,-0.298545,0.093651,0.50797,0.481116,0.521563,0.488329,-0.01945,-0.017876,0.229183,0.999512,-0.029271,0.004974,0.009723
0,0.2625,1,-0.195964,-0.298545,0.093651,0.50797,0.481116,0.521563,0.488329,-0.01945,-0.017876,0.229183,0.999512,-0.029271,0.004974,0.009723
0,0.2625,1,-0.195925,-0.298452,0.093608,0.489382,0.485634,0.538647,0.484277,-0.019357,-0.017833,0.229145,0.99896,-0.028325,0.027105,0.023258
0,0.2625,1,-0.19579,-0.298548,0.093601,0.505989,0.465813,0.524588,0.501797,-0.019452,-0.017826,0.22901,0.999149,-0.030734,-0.006896,0.026618
0,0.2625,1,-0.195964,-0.298545,0.093651,0.50797,0.481116,0.521563,0.488329,-0.01945,-0.017876,0.229183,0.999512,-0.029271,0.004974,0.009723
0,0.2625,1,-0.19579,-0.298548,0.093601,0.505989,0.465813,0.524588,0.501797,-0.019452,-0.017826,0.22901,0.999149,-0.030734,-0.006896,0.026618
0,0.2625,1,-0.195964,-0.298545,0.093651,0.50797,0.481116,0.521563,0.488329,-0.01945,-0.017876,0.229183,0.999512,-0.029271,0.004974,0.009723
0,0.2625,1,-0.19579,-0.298548,0.093601,0.505989,0.465813,0.524588,0.501797,-0.019452,-0.017826,0.22901,0.999149,-0.030734,-0.006896,0.026618
0,0.2625,1,-0.195964,-0.298545,0.093651,0.50797,0.481116,0.521563,0.488329,-0.01945,-0.017876,0.229183,0.999512,-0.029271,0.004974,0.009723
0,0.2625,1,-0.19579,-0.298548,0.093601,0.505989,0.465813,0.524588,0.501797,-0.019452,-0.017826,0.22901,0.999149,-0.030734,-0.006896,0.026618
0,0.2625,1,-0.195925,-0.298452,0.093608,0.489382,0.485634,0.538647,0.484277,-0.019357,-0.017833,0.229145,0.99896,-0.028325,0.027105,0.023258
0,0.2625,1,-0.195964,-0.298545,0.093651,0.50797,0.481116,0.521563,0.488329,-0.01945,-0.017876,0.229183,0.999512,-0.029271,0.004974,0.009723
0,0.2625,1,-0.195655,-0.298453,0.093553,0.488929,0.467297,0.540042,0.500935,-0.019358,-0.017778,0.228875,0.998635,-0.029659,0.010545,0.041691
0,0.2625,1,-0.195964,-0.298545,0.093651,0.50797,0.481116,0.521563,0.488329,-0.01945,-0.017876,0.229183,0.999512,-0.029271,0.004974,0.009723
0,0.2625,1,-0.195964,-0.298545,0.093651,0.50797,0.481116,0.521563,0.488329,-0.01945,-0.017876,0.229183,0.999512,-0.029271,0.004974,0.009723
0,0.2625,1,-0.195925,-0.298452,0.093608,0.489382,0.485634,0.538647,0.484277,-0.019357,-0.017833,0.229145,0.99896,-0.028325,0.027105,0.023258
0,0.2625,1,-0.195964,-0.298545,0.093651,0.50797,0.481116,0.521563,0.488329,-0.01945,-0.017876,0.229183,0.999512,-0.029271,0.004974,0.009723
0,0.2625,1,-0.195964,-0.298545,0.093651,0.50797,0.481116,0.521563,0.488329,-0.01945,-0.017876,0.229183,0.999512,-0.029271,0.004974,0.009723
0,0.2625,1,-0.195925,-0.298452,0.093608,0.489382,0.485634,0.538647,0.484277,-0.019357,-0.017833,0.229145,0.99896,-0.028325,0.027105,0.023258
0,0.2625,1,-0.195964,-0.298545,0.093651,0.50797,0.481116,0.521563,0.488329,-0.01945,-0.017876,0.229183,0.999512,-0.029271,0.004974,0.009723
0,0.2625,1,-0.195964,-0.298545,0.093651,0.50797,0.481116,0.521563,0.488329,-0.01945,-0.017876,0.229183,0.999512,-0.029271,0.004974,0.009723
0,0.2625,1,-0.195964,-0.298545,0.093651,0.50797,0.481116,0.521563,0.488329,-0.01945,-0.017876,0.229183,0.999512,-0.029271,0.004974,0.009723
0,0.2625,1,-0.195964,-0.298545,0.093651,0.50797,0.481116,0.521563,0.488329,-0.01945,-0.017876,0.229183,0.999512,-0.029271,0.004974,0.009723
0,0.2625,1,-0.195964,-0.298545,0.093651,0.50797,0.481116,0.521563,0.488329,-0.01945,-0.017876,0.229183,0.999512,-0.029271,0.004974,0.009723
0,0.2625,1,-0.195964,-0.298545,0.093651,0.50797,0.481116,0.521563,0.488329,-0.01945,-0.017876,0.229183,0.999512,-0.029271,0.004974,0.009723
0,0.2625,1,-0.194918,-0.29842,0.093547,0.501675,0.460286,0.527616,0.508016,-0.019322,-0.017771,0.228138,0.998861,-0.029761,-0.009091,0.036166
0,0.2625,1,-0.195964,-0.298545,0.093651,0.50797,0.481116,0.521563,0.488329,-0.01945,-0.017876,0.229183,0.999512,-0.029271,0.004974,0.009723
0,0.2625,1,-0.19579,-0.298548,0.093601,0.505989,0.465813,0.524588,0.501797,-0.019452,-0.017826,0.22901,0.999149,-0.030734,-0.006896,0.026618
0,0.2625,1,-0.195964,-0.298545,0.093651,0.50797,0.481116,0.521563,0.488329,-0.01945,-0.017876,0.229183,0.999512,-0.029271,0.004974,0.009723
0,0.2625,1,-0.195964,-0.298545,0.093651,0.50797,0.481116,0.521563,0.488329,-0.01945,-0.017876,0.229183,0.999512,-0.029271,0.004974,0.009723
0,0.2625,1,-0.195964,-0.298545,0.093651,0.50797,0.481116,0.521563,0.488329,-0.01945,-0.017876,0.229183,0.999512,-0.029271,0.004974,0.009723
0,0.225,2,-0.194066,-0.297927,0.095577,0.463809,0.459725,0.557241,0.512851,-0.002208,-0.002463,0.185299,0.99812,0.005326,0.019046,0.058018
0,0.225,2,-0.194291,-0.298041,0.095354,-0.518959,-0.504564,-0.503011,-0.47231,-0.002333,-0.002254,0.185531,-0.999206,-0.006983,-0.004176,0.038995
0,0.225,2,-0.193637,-0.297958,0.095585,0.460327,0.460947,0.561369,0.510384,-0.002241,-0.00246,0.18487,0.997894,0.004294,0.024738,0.059817
0,0.225,2,-0.193666,-0.297984,0.095606,0.47607,0.4619,0.54788,0.509738,-0.002266,-0.002484,0.184899,0.998935,0.003518,0.010452,0.044805
0,0.225,2,-0.193637,-0.297958,0.095585,0.460327,0.460947,0.561369,0.510384,-0.002241,-0.00246,0.18487,0.997894,0.004294,0.024738,0.059817
0,0.225,2,-0.193666,-0.297984,0.095606,0.47607,0.4619,0.54788,0.509738,-0.002266,-0.002484,0.184899,0.998935,0.003518,0.010452,0.044805
0,0.225,2,-0.194066,-0.297927,0.095577,0.463809,0.459725,0.557241,0.512851,-0.002208,-0.002463,0.185299,0.99812,0.005326,0.019046,0.058018
0,0.225,2,-0.194291,-0.298041,0.095354,-0.518959,-0.504564,-0.503011,-0.47231,-0.002333,-0.002254,0.185531,-0.999206,-0.006983,-0.004176,0.038995
0,0.225,2,-0.194525,-0.297875,0.095356,0.483744,0.511201,0.538051,0.463859,-0.002166,-0.002253,0.185764,-0.998769,-0.005587,-0.047634,0.012678
0,0.225,2,-0.193637,-0.297958,0.095585,0.460327,0.460947,0.561369,0.510384,-0.002241,-0.00246,0.18487,0.997894,0.004294,0.024738,0.059817
0,0.225,2,-0.193666,-0.297984,0.095606,0.47607,0.4619,0.54788,0.509738,-0.002266,-0.002484,0.184899,0.998935,0.003518,0.010452,0.044805
0,0.225,2,-0.193666,-0.297984,0.095606,0.47607,0.4619,0.54788,0.509738,-0.002266,-0.002484,0.184899,0.998935,0.003518,0.010452,0.044805
0,0.225,2,-0.194291,-0.298041,0.095354,-0.518959,-0.504564,-0.503011,-0.47231,-0.002333,-0.002254,0.185531,-0.999206,-0.006983,-0.004176,0.038995
0,0.225,2,-0.194066,-0.297927,0.095577,0.463809,0.459725,0.557241,0.512851,-0.002208,-0.002463,0.185299,0.99812,0.005326,0.019046,0.058018
0,0.225,2,-0.194066,-0.297927,0.095577,0.463809,0.459725,0.557241,0.512851,-0.002208,-0.002463,0.185299,0.99812,0.005326,0.019046,0.058018
0,0.225,2,-0.194291,-0.298041,0.095354,-0.518959,-0.504564,-0.503011,-0.47231,-0.002333,-0.002254,0.185531,-0.999206,-0.006983,-0.004176,0.038995
0,0.225,2,-0.194291,-0.298041,0.095354,-0.518959,-0.504564,-0.503011,-0.47231,-0.002333,-0.002254,0.185531,-0.999206,-0.006983,-0.004176,0.038995
0,0.225,2,-0.193637,-0.297958,0.095585,0.460327,0.460947,0.561369,0.510384,-0.002241,-0.00246,0.18487,0.997894,0.004294,0.024738,0.059817
0,0.225,2,-0.193637,-0.297958,0.095585,0.460327,0.460947,0.561369,0.510384,-0.002241,-0.00246,0.18487,0.997894,0.004294,0.024738,0.059817
0,0.225,2,-0.193882,-0.29802,0.095609,0.468592,0.463351,0.555742,0.506831,-0.0023,-0.002495,0.185115,0.998536,0.002454,0.020447,0.05001
0,0.225,2,-0.193637,-0.297958,0.095585,0.460327,0.460947,0.561369,0.510384,-0.002241,-0.00246,0.18487,0.997894,0.004294,0.024738,0.059817
0,0.225,2,-0.193637,-0.297958,0.095585,0.460327,0.460947,0.561369,0.510384,-0.002241,-0.00246,0.18487,0.997894,0.004294,0.024738,0.059817
0,0.225,2,-0.194512,-0.29808,0.095334,-0.518951,-0.512952,-0.501575,-0.46475,-0.002373,-0.002243,0.185752,-0.998758,-0.007977,-0.01119,0.047892
0,0.225,2,-0.194291,-0.298041,0.095354,-0.518959,-0.504564,-0.503011,-0.47231,-0.002333,-0.002254,0.185531,-0.999206,-0.006983,-0.004176,0.038995
0,0.225,2,-0.194642,-0.298086,0.095495,0.500202,0.463994,0.523041,0.510818,-0.002368,-0.002407,0.185877,0.999672,0.005774,-0.014231,0.020515
0,0.225,2,-0.194711,-0.29819,0.09543,0.51982,0.479619,0.503699,0.496025,-0.002475,-0.002351,0.185949,-0.999693,-0.00603,0.019528,0.014037
0,0.225,2,-0.194734,-0.297989,0.095445,0.48651,0.480449,0.534615,0.496653,-0.002273,-0.002354,0.18597,0.999734,0.00756,0.01365,0.017001
0,0.225,2,-0.193941,-0.297956,0.09561,0.478032,0.455951,0.544898,0.516411,-0.002235,-0.002494,0.185173,0.998792,0.004526,0.001802,0.048902
0,0.225,2,-0.193666,-0.297984,0.095606,0.47607,0.4619,0.54788,0.509738,-0.002266,-0.002484,0.184899,0.998935,0.003518,0.010452,0.044805
0,0.225,2,-0.193637,-0.297958,0.095585,0.460327,0.460947,0.561369,0.510384,-0.002241,-0.00246,0.18487,0.997894,0.004294,0.024738,0.059817
0,0.225,2,-0.194636,-0.298104,0.095465,0.514057,0.468515,0.507492,0.508617,-0.002387,-0.002378,0.185873,0.999625,0.007904,-0.026074,0.002789
0,0.225,2,-0.194291,-0.298041,0.095354,-0.518959,-0.504564,-0.503011,-0.47231,-0.002333,-0.002254,0.185531,-0.999206,-0.006983,-0.004176,0.038995
0,0.225,2,-0.194309,-0.29804,0.095354,-0.522553,-0.50079,-0.506936,-0.46815,-0.002332,-0.002255,0.185548,-0.999229,0.000751,-0.004419,0.039007
0,0.225,2,-0.194291,-0.298041,0.095354,-0.518959,-0.504564,-0.503011,-0.47231,-0.002333,-0.002254,0.185531,-0.999206,-0.006983,-0.004176,0.038995
0,0.225,2,-0.193637,-0.297958,0.095585,0.460327,0.460947,0.561369,0.510384,-0.002241,-0.00246,0.18487,0.997894,0.004294,0.024738,0.059817
0,0.225,2,-0.194291,-0.298041,0.095354,-0.518959,-0.504564,-0.503011,-0.47231,-0.002333,-0.002254,0.185531,-0.999206,-0.006983,-0.004176,0.038995
0,0.225,2,-0.193637,-0.297958,0.095585,0.460327,0.460947,0.561369,0.510384,-0.002241,-0.00246,0.18487,0.997894,0.004294,0.024738,0.059817
0,0.225,2,-0.194287,-0.297887,0.095429,0.48316,0.499492,0.541914,0.472646,-0.002176,-0.00232,0.185524,-0.999199,-0.002648,-0.039939,-3.2e-05
0,0.225,2,-0.193417,-0.297965,0.095323,-0.533749,-0.518724,-0.493203,-0.450321,-0.002266,-0.002193,0.184658,-0.997543,-0.000365,-0.008955,0.069483
0,0.225,2,-0.194066,-0.297927,0.095577,0.463809,0.459725,0.557241,0.512851,-0.002208,-0.002463,0.185299,0.99812,0.005326,0.019046,0.058018
0,0.225,2,-0.194265,-0.297992,0.095605,0.472294,0.459893,0.551307,0.511368,-0.00227,-0.0025,0.185497,0.998657,0.003483,0.012396,0.050174
0,0.225,2,-0.193637,-0.297958,0.095585,0.460327,0.460947,0.561369,0.510384,-0.002241,-0.00246,0.18487,0.997894,0.004294,0.024738,0.059817
0,0.1875,3,-0.191088,-0.296555,0.088699,0.481443,0.491507,0.547526,0.476286,-0.002358,0.00664,0.149035,-0.999574,0.00633,-0.027706,0.0066
0,0.1875,3,-0.190483,-0.296625,0.088682,0.499825,0.492623,0.52066,0.486221,-0.002445,0.006691,0.148434,-0.999697,-0.004081,-0.000527,0.02428
0,0.1875,3,-0.190884,-0.29658,0.088731,0.476299,0.490471,0.551537,0.477896,-0.002386,0.006619,0.14883,-0.9995,0.005512,-0.031137,0.000789
0,0.1875,3,-0.190605,-0.29639,0.08866,0.455664,0.506581,0.561471,0.469572,-0.002207,0.006718,0.148552,0.998253,0.002861,0.059,0.001511
0,0.1875,3,-0.191066,-0.296628,0.088685,0.497482,0.482594,0.522077,0.497042,-0.002432,0.006651,0.149015,-0.999887,-0.005361,0.007672,0.01178
0,0.1875,3,-0.191106,-0.29662,0.088646,0.484431,0.492852,0.533582,0.487559,-0.002425,0.006688,0.149058,-0.999828,-0.005845,-0.014559,0.009935
0,0.1875,3,-0.190444,-0.296516,0.088765,0.445832,0.50685,0.572514,0.465366,-0.002332,0.006616,0.148387,0.997374,-4e-05,0.071806,0.00946
0,0.1875,3,-0.190484,-0.2966,0.088731,-0.509964,-0.497136,-0.511309,-0.480993,-0.002417,0.006644,0.148432,-0.999232,-0.003299,0.004735,0.038751
0,0.1875,3,-0.190662,-0.296603,0.088695,0.494054,0.501676,0.526039,0.476986,-0.002417,0.006668,0.148611,-0.99948,-0.003671,-0.015151,0.028209
0,0.1875,3,-0.1907,-0.296697,0.088669,-0.511226,-0.493818,-0.508188,-0.486351,-0.002511,0.006686,0.148653,-0.999258,-0.005482,0.011145,0.036469
0,0.1875,3,-0.190671,-0.296698,0.088743,0.498857,0.471606,0.529899,0.497932,-0.002509,0.006614,0.14862,-0.999934,0.004088,0.01045,0.00242
0,0.1875,3,-0.190665,-0.29666,0.088655,0.49831,0.497206,0.521017,0.482716,-0.002476,0.006705,0.148619,-0.999594,-0.005001,-0.00546,0.027524
0,0.1875,3,-0.190665,-0.29666,0.088655,0.49831,0.497206,0.521017,0.482716,-0.002476,0.006705,0.148619,-0.999594,-0.005001,-0.00546,0.027524
0,0.1875,3,-0.190665,-0.29666,0.088655,0.49831,0.497206,0.521017,0.482716,-0.002476,0.006705,0.148619,-0.999594,-0.005001,-0.00546,0.027524
0,0.1875,3,-0.190665,-0.29666,0.088655,0.49831,0.497206,0.521017,0.482716,-0.002476,0.006705,0.148619,-0.999594,-0.005001,-0.00546,0.027524
0,0.1875,3,-0.190514,-0.296742,0.088773,0.506522,0.457299,0.520149,0.513574,-0.002556,0.006593,0.148462,0.999414,-0.001566,-0.033895,0.004428
0,0.1875,3,-0.190763,-0.296856,0.088807,0.513906,0.455383,0.510093,0.518008,-0.002661,0.006537,0.148711,-0.998948,-0.001328,0.045837,0.000841
0,0.1875,3,-0.190857,-0.296742,0.08871,0.497905,0.478063,0.524064,0.498902,-0.00255,0.006633,0.148808,-0.999915,-0.002945,0.01006,0.007708
0,0.1875,3,-0.190695,-0.296587,0.088625,0.48803,0.502653,0.531553,0.476044,-0.002403,0.006737,0.148649,-0.999473,-0.003786,-0.022006,0.023569
0,0.1875,3,-0.190665,-0.29666,0.088655,0.49831,0.497206,0.521017,0.482716,-0.002476,0.006705,0.148619,-0.999594,-0.005001,-0.00546,0.027524
0,0.1875,3,-0.190517,-0.29667,0.088722,0.499117,0.490424,0.52149,0.488278,-0.002486,0.006647,0.148467,-0.999764,-0.004028,0.000761,0.021349
0,0.1875,3,-0.190665,-0.29666,0.088655,0.49831,0.497206,0.521017,0.482716,-0.002476,0.006705,0.148619,-0.999594,-0.005001,-0.00546,0.027524
0,0.1875,3,-0.190556,-0.296769,0.088796,0.503845,0.464979,0.519628,0.509826,-0.002581,0.006566,0.148503,-0.999631,-0.001733,0.027119,0.000431
0,0.1875,3,-0.190665,-0.29666,0.088655,0.49831,0.497206,0.521017,0.482716,-0.002476,0.006705,0.148619,-0.999594,-0.005001,-0.00546,0.027524
0,0.1875,3,-0.190695,-0.296587,0.088625,0.48803,0.502653,0.531553,0.476044,-0.002403,0.006737,0.148649,-0.999473,-0.003786,-0.022006,0.023569
0,0.1875,3,-0.190665,-0.29666,0.088655,0.49831,0.497206,0.521017,0.482716,-0.002476,0.006705,0.148619,-0.999594,-0.005001,-0.00546,0.027524
0,0.1875,3,-0.190673,-0.29673,0.088754,0.509839,0.47376,0.512878,0.502566,-0.002541,0.006602,0.148622,-0.999553,-0.002647,0.025804,0.014879
0,0.1875,3,-0.190555,-0.296501,0.088692,0.456718,0.508458,0.561713,0.466216,-0.002318,0.006683,0.148502,-0.99813,-0.001364,-0.06109,0.001544
0,0.1875,3,-0.190795,-0.296657,0.088589,-0.499268,-0.502154,-0.518958,-0.478807,-0.002473,0.006763,0.148752,-0.999386,-0.005903,-0.008262,0.033542
0,0.1875,3,-0.190177,-0.2968,0.088664,0.523264,0.471856,0.506419,0.497079,-0.002628,0.006719,0.148134,-0.99905,0.004423,0.034466,0.026299
0,0.1875,3,-0.190187,-0.296787,0.088797,0.511323,0.475326,0.512825,0.499625,-0.002608,0.006586,0.148135,-0.99954,-0.001161,0.02444,0.017918
0,0.1875,3,-0.190857,-0.296742,0.08871,0.497905,0.478063,0.524064,0.498902,-0.00255,0.006633,0.148808,-0.999915,-0.002945,0.01006,0.007708
0,0.1875,3,-0.190899,-0.296662,0.088669,0.488221,0.487858,0.533961,0.488386,-0.002471,0.006676,0.148851,-0.999913,-0.001841,-0.009846,0.008562
0,0.1875,3,-0.190603,-0.296865,0.088731,0.513553,0.462905,0.512545,0.509195,-0.002678,0.006622,0.148556,-0.999303,0.000741,0.036504,0.007833
0,0.1875,3,-0.190857,-0.296742,0.08871,0.497905,0.478063,0.524064,0.498902,-0.00255,0.006633,0.148808,-0.999915,-0.002945,0.01006,0.007708
0,0.1875,3,-0.190494,-0.296822,0.088695,0.517155,0.482761,0.511111,0.488117,-0.00264,0.006667,0.148449,-0.999322,0.003277,0.01921,0.031244
0,0.1875,3,-0.190665,-0.29666,0.088655,0.49831,0.497206,0.521017,0.482716,-0.002476,0.006705,0.148619,-0.999594,-0.005001,-0.00546,0.027524
0,0.1875,3,-0.190857,-0.296742,0.08871,0.497905,0.478063,0.524064,0.498902,-0.00255,0.006633,0.148808,-0.999915,-0.002945,0.01006,0.007708
0,0.1875,3,-0.190121,-0.296741,0.088652,-0.521305,-0.501578,-0.504081,-0.471766,-0.002571,0.006738,0.148077,-0.998471,0.001281,0.007725,0.054727
0,0.1875,3,-0.190795,-0.296657,0.088589,-0.499268,-0.502154,-0.518958,-0.478807,-0.002473,0.006763,0.148752,-0.999386,-0.005903,-0.008262,0.033542
0,0.1875,3,-0.190899,-0.296662,0.088669,0.488221,0.487858,0.533961,0.488386,-0.002471,0.006676,0.148851,-0.999913,-0.001841,-0.009846,0.008562
0,0.1875,3,-0.190918,-0.296572,0.088866,0.456371,0.480075,0.566998,0.48966,-0.002371,0.006483,0.148855,0.998865,-0.002481,0.038583,0.027805
0,0.1875,3,-0.190979,-0.296524,0.088627,0.471625,0.504007,0.545657,0.47519,-0.002333,0.006721,0.14893,-0.999188,-0.004828,-0.038762,0.009834
0,0.1875,3,-0.190665,-0.29666,0.088655,0.49831,0.497206,0.521017,0.482716,-0.002476,0.006705,0.148619,-0.999594,-0.005001,-0.00546,0.027524
0,0.1875,3,-0.190563,-0.296779,0.088658,0.511989,0.485031,0.511666,0.490725,-0.002597,0.006702,0.148519,-0.999464,-0.001421,0.016298,0.028349
0,0.1875,3,-0.190665,-0.29666,0.088655,0.49831,0.497206,0.521017,0.482716,-0.002476,0.006705,0.148619,-0.999594,-0.005001,-0.00546,0.027524
0,0.1875,3,-0.190665,-0.29666,0.088655,0.49831,0.497206,0.521017,0.482716,-0.002476,0.006705,0.148619,-0.999594,-0.005001,-0.00546,0.027524
0,0.1875,3,-0.190665,-0.29666,0.088655,0.49831,0.497206,0.521017,0.482716,-0.002476,0.006705,0.148619,-0.999594,-0.005001,-0.00546,0.027524
0,0.1875,3,-0.191024,-0.296663,0.088755,0.481375,0.465898,0.539812,0.509726,-0.002464,0.006583,0.14897,0.999788,0.002842,-0.004719,0.01982
0,0.1875,3,-0.190549,-0.296516,0.088678,0.453314,0.517354,0.562977,0.458157,-0.002334,0.006696,0.148498,-0.997385,-0.002419,-0.071791,0.007953
0,0.1875,3,-0.190483,-0.296625,0.088682,0.499825,0.492623,0.52066,0.486221,-0.002445,0.006691,0.148434,-0.999697,-0.004081,-0.000527,0.02428
0,0.15,4,-0.189832,-0.294432,0.091558,-0.498958,-0.500854,-0.526175,-0.472574,0.000408,-0.002603,0.111538,-0.999795,0.003621,-0.009197,0.017662
0,0.15,4,-0.189662,-0.294603,0.091568,0.509335,0.485305,0.510199,0.494726,0.000233,-0.002616,0.111374,-0.999675,-0.003135,0.022588,0.011383
0,0.15,4,-0.189914,-0.294573,0.091507,-0.513725,-0.502248,-0.506368,-0.476891,0.000269,-0.002562,0.111627,-0.9994,-0.001791,0.009814,0.033155
0,0.15,4,-0.190089,-0.294558,0.091603,0.501842,0.489872,0.527061,0.479986,0.000295,-0.002662,0.111798,-0.999933,0.006965,0.00087,0.009172
0,0.15,4,-0.189699,-0.294362,0.091661,0.479881,0.504025,0.546519,0.465821,0.000478,-0.002698,0.1114,-0.999391,0.006222,-0.034171,0.003418
0,0.15,4,-0.189667,-0.294307,0.091509,-0.497785,-0.52054,-0.527016,-0.451113,0.000525,-0.002543,0.111371,-0.998817,0.005086,-0.030328,0.037676
0,0.15,4,-0.189907,-0.294524,0.091451,-0.505285,-0.5103,-0.514439,-0.468652,0.000315,-0.002503,0.111621,-0.999419,-0.001599,-0.006587,0.033415
0,0.15,4,-0.189837,-0.294489,0.091606,0.501479,0.490931,0.52737,0.478942,0.000354,-0.002654,0.111544,-0.999926,0.006967,-0.000502,0.009919
0,0.15,4,-0.189503,-0.294536,0.091806,0.486871,0.464628,0.534446,0.511317,0.000304,-0.002845,0.111205,0.999389,0.000855,-0.016944,0.030548
0,0.15,4,-0.189622,-0.294427,0.091684,0.480888,0.484422,0.542503,0.489666,0.000411,-0.002722,0.111324,0.999812,-0.001825,0.010436,0.016258
0,0.15,4,-0.189914,-0.294503,0.091714,0.487404,0.485949,0.539545,0.484955,0.000348,-0.002765,0.111617,0.999913,-0.005305,0.00858,0.0085
0,0.15,4,-0.189688,-0.294443,0.091505,-0.505683,-0.503643,-0.517726,-0.471792,0.00039,-0.002546,0.111397,-0.99963,0.001824,-0.003216,0.026933
0,0.15,4,-0.189851,-0.294672,0.091508,0.52001,0.494949,0.497937,0.486491,0.000167,-0.002565,0.111568,-0.99916,-0.004303,0.025552,0.031746
0,0.15,4,-0.189955,-0.294365,0.091568,0.485273,0.510229,0.54101,0.459874,0.00048,-0.002614,0.111659,-0.999272,0.006252,-0.034536,0.014957
0,0.15,4,-0.189779,-0.294546,0.091688,0.49662,0.476001,0.532391,0.493307,0.000299,-0.002736,0.111485,0.99989,-0.006816,-0.008759,0.009888
0,0.15,4,-0.189661,-0.294513,0.091736,0.486936,0.489482,0.5399,0.481465,0.00033,-0.002779,0.111365,0.999894,-0.005351,0.012432,0.005312
0,0.15,4,-0.189838,-0.294552,0.091614,0.499024,0.48938,0.526539,0.483983,0.000292,-0.002665,0.111546,-0.999975,0.003462,0.001832,0.00582
0,0.15,4,-0.189781,-0.294571,0.091486,0.517554,0.486022,0.51141,0.484128,0.000266,-0.002536,0.111495,-0.999553,0.006722,0.020803,0.020409
0,0.15,4,-0.18974,-0.294508,0.09177,0.485489,0.47866,0.54311,0.490118,0.000339,-0.002815,0.111442,0.999807,-0.006976,0.005272,0.017579
0,0.15,4,-0.189541,-0.294541,0.091602,0.513441,0.480781,0.515657,0.48921,0.000292,-0.002642,0.111251,-0.999684,0.006684,0.021574,0.011048
0,0.15,4,-0.189763,-0.294429,0.091449,-0.509505,-0.50857,-0.517423,-0.462638,0.000405,-0.002492,0.111473,-0.9993,0.005952,-0.007925,0.036068
0,0.15,4,-0.189382,-0.294506,0.091396,-0.524367,-0.512393,-0.50091,-0.45998,0.000311,-0.00243,0.111097,-0.998478,0.004682,0.004917,0.054724
0,0.15,4,-0.189892,-0.294634,0.091502,0.519782,0.486916,0.509689,0.482656,0.000207,-0.002559,0.111608,-0.999461,0.007309,0.021675,0.023536
0,0.15,4,-0.189793,-0.294597,0.091551,0.509864,0.480445,0.518158,0.490635,0.000242,-0.002603,0.111506,-0.999772,0.005567,0.019309,0.007199
0,0.15,4,-0.189515,-0.294476,0.091283,-0.528611,-0.517865,-0.496022,-0.454257,0.000341,-0.002321,0.111233,-0.997872,0.004697,0.004105,0.064901
0,0.15,4,-0.189745,-0.294472,0.091698,0.480521,0.488974,0.544398,0.483358,0.000372,-0.002742,0.111449,0.999781,-0.003658,0.01687,0.011844
0,0.15,4,-0.18965,-0.294279,0.091577,0.480073,0.514083,0.543548,0.458044,0.000556,-0.002609,0.11135,-0.999038,0.004014,-0.041311,0.01412
0,0.15,4,-0.189821,-0.294551,0.091659,0.500909,0.481909,0.524814,0.49135,0.000294,-0.00271,0.111528,-0.999935,0.003335,0.010926,-3e-06
0,0.15,4,-0.189799,-0.294527,0.091702,0.48973,0.488039,0.537801,0.482444,0.00032,-0.00275,0.111504,0.999936,-0.005887,0.008737,0.004169
0,0.15,4,-0.189654,-0.294602,0.091487,-0.516966,-0.495786,-0.508928,-0.477425,0.00023,-0.002535,0.111369,-0.999454,0.003949,0.013678,0.029805
0,0.15,4,-0.189802,-0.294414,0.091662,0.487061,0.496155,0.537936,0.476684,0.00043,-0.002705,0.111504,-0.999848,0.003687,-0.01699,0.001596
0,0.15,4,-0.189576,-0.294639,0.09173,0.499803,0.467239,0.52641,0.504755,0.0002,-0.002776,0.111284,0.999599,-0.003727,-0.023264,0.015693
0,0.15,4,-0.189799,-0.294489,0.091487,-0.512225,-0.501903,-0.514003,-0.47066,0.000347,-0.002534,0.11151,-0.999487,0.004664,0.002375,0.031584
0,0.15,4,-0.189367,-0.294772,0.091522,0.531976,0.467492,0.493659,0.504731,5e-05,-0.002567,0.111088,-0.998277,0.003369,0.0563,0.01616
0,0.15,4,-0.189664,-0.294482,0.091378,-0.522624,-0.510024,-0.505078,-0.460039,0.000345,-0.002421,0.111379,-0.998692,0.007001,0.003122,0.050555
0,0.15,4,-0.189667,-0.294525,0.091492,-0.513619,-0.499183,-0.513259,-0.47284,0.000307,-0.002536,0.11138,-0.999516,0.005173,0.005872,0.030114
0,0.15,4,-0.189942,-0.294633,0.091573,0.506367,0.485141,0.52325,0.48419,0.000213,-0.002631,0.111655,-0.99989,0.00743,0.009506,0.008667
0,0.15,4,-0.189775,-0.294381,0.091499,-0.50275,-0.508146,-0.525256,-0.461667,0.000455,-0.00254,0.111482,-0.999426,0.007193,-0.015629,0.029198
0,0.15,4,-0.189933,-0.294459,0.09153,-0.502228,-0.506604,-0.522091,-0.467482,0.000384,-0.00258,0.111641,-0.999578,0.003081,-0.010748,0.026806
0,0.15,4,-0.189803,-0.294605,0.091671,0.504789,0.483771,0.514202,0.49674,0.00024,-0.002723,0.111512,-0.99978,-0.003713,0.019942,0.005403
0,0.15,5,-0.190807,-0.294279,0.095671,0.509361,0.485593,0.521339,0.482656,-0.002314,-0.003929,0.110612,0.999944,-0.004488,-0.008481,0.004538
0,0.15,5,-0.191026,-0.294123,0.095511,-0.506619,-0.50899,-0.522755,-0.45934,-0.002161,-0.00376,0.110826,-0.999705,0.004151,-0.016384,0.017418
0,0.15,5,-0.190981,-0.294167,0.095609,-0.496738,-0.503132,-0.534177,-0.463427,-0.0022,-0.00386,0.110783,-0.99973,0.00556,-0.022478,0.001926
0,0.15,5,-0.190923,-0.2943,0.095451,0.528091,0.495393,0.502019,0.472951,-0.002344,-0.00371,0.110729,-0.99953,0.004612,0.018513,0.023984
0,0.15,5,-0.190995,-0.294385,0.095517,0.524856,0.485102,0.505134,0.483778,-0.002422,-0.00378,0.110803,-0.999615,0.004056,0.02553,0.010064
0,0.15,5,-0.190611,-0.294213,0.095625,-0.505201,-0.494689,-0.520963,-0.478176,-0.002257,-0.003879,0.110414,-1.0,-5e-06,-6.4e-05,0.00066
0,0.15,5,-0.190794,-0.294324,0.095625,-0.513753,-0.486633,-0.513386,-0.485471,-0.002363,-0.003885,0.110601,-0.999876,0.000861,0.01568,0.000615
0,0.15,5,-0.190526,-0.294397,0.095692,0.50653,0.465378,0.524073,0.502194,-0.00244,-0.003955,0.110335,0.999296,-0.004419,-0.024957,0.027647
0,0.15,5,-0.190894,-0.294207,0.095477,-0.509187,-0.505768,-0.514212,-0.469588,-0.002251,-0.003731,0.110697,-0.99986,-0.002383,-0.004125,0.016016
0,0.15,5,-0.190845,-0.294361,0.095709,0.499802,0.480668,0.528335,0.489917,-0.002393,-0.003971,0.110653,0.999804,-0.001812,-0.005913,0.018805
0,0.15,5,-0.190901,-0.294243,0.095622,0.496645,0.486793,0.532592,0.482413,-0.002278,-0.003878,0.110705,0.999866,-0.003109,0.004523,0.015438
0,0.15,5,-0.190502,-0.29423,0.095794,0.486265,0.471727,0.536714,0.50295,-0.002269,-0.004048,0.110306,0.999154,0.003148,-0.005347,0.040666
0,0.15,5,-0.190983,-0.294302,0.095514,-0.512437,-0.499798,-0.509379,-0.477644,-0.002341,-0.003772,0.110789,-0.999886,-0.004275,0.006849,0.01278
0,0.15,5,-0.191048,-0.294323,0.095585,0.512746,0.484877,0.51899,0.482322,-0.002356,-0.003844,0.110855,0.999915,-0.005573,-0.01161,0.001962
0,0.15,5,-0.191105,-0.294278,0.095529,-0.515512,-0.492849,-0.517076,-0.473265,-0.002311,-0.003787,0.11091,-0.99992,0.00672,0.005726,0.009036
0,0.15,5,-0.190789,-0.294396,0.095435,0.536506,0.489377,0.491909,0.48031,-0.002444,-0.003699,0.110599,-0.999057,0.003135,0.034521,0.026157
0,0.15,5,-0.19109,-0.29429,0.095596,-0.509186,-0.4958,-0.511171,-0.483338,-0.00232,-0.003854,0.110896,-0.999927,-0.005974,0.008977,0.00538
0,0.15,5,-0.190862,-0.294263,0.095586,-0.507514,-0.498203,-0.51399,-0.479621,-0.002301,-0.003843,0.110667,-0.999962,-0.004727,0.003695,0.006316
0,0.15,5,-0.191136,-0.294157,0.09554,-0.502078,-0.504209,-0.5282,-0.463353,-0.002189,-0.003791,0.110938,-0.999808,0.004833,-0.017229,0.008035
0,0.15,5,-0.191222,-0.294206,0.095636,0.497397,0.495838,0.53274,0.472153,-0.00223,-0.003889,0.111025,0.999884,-0.004331,0.013606,0.005256
0,0.15,5,-0.191124,-0.294387,0.095457,0.530894,0.49158,0.499118,0.476845,-0.002424,-0.003721,0.110933,-0.999412,0.004505,0.025188,0.022805
0,0.15,5,-0.190966,-0.294294,0.095607,0.508564,0.490397,0.522642,0.477198,-0.002328,-0.003865,0.110772,0.999984,-0.005137,-0.002411,0.000304
0,0.15,5,-0.191113,-0.294407,0.095622,0.513916,0.48022,0.516106,0.488788,-0.002435,-0.003886,0.110923,0.999794,-0.003752,-0.0191,0.005669
0,0.15,5,-0.190892,-0.294371,0.095426,-0.529749,-0.510179,-0.491614,-0.466262,-0.002416,-0.003689,0.1107,-0.999051,-0.003527,0.014249,0.041004
0,0.15,5,-0.191261,-0.294247,0.095458,-0.516651,-0.508639,-0.513501,-0.458993,-0.002279,-0.003714,0.111065,-0.999607,0.005039,-0.006486,0.026786
0,0.15,5,-0.191054,-0.294224,0.095676,0.49831,0.488532,0.531449,0.480193,-0.002252,-0.003931,0.110858,0.999908,-0.003663,0.005007,0.012049
0,0.15,5,-0.190995,-0.294238,0.095506,-0.518165,-0.497627,-0.51358,-0.469157,-0.002277,-0.003762,0.110799,-0.999833,0.006087,0.004557,0.016599
0,0.15,5,-0.190921,-0.294166,0.095701,0.488903,0.497705,0.54004,0.470766,-0.002197,-0.003952,0.110722,0.999659,-0.003406,0.023298,0.011255
0,0.15,5,-0.190963,-0.29417,0.095622,-0.495028,-0.509225,-0.536616,-0.45572,-0.002204,-0.003874,0.110765,-0.999462,0.006822,-0.031327,0.00697
0,0.15,5,-0.190937,-0.294341,0.095431,-0.522973,-0.506682,-0.496815,-0.472173,-0.002385,-0.003692,0.110745,-0.999442,-0.005703,0.012686,0.030384
0,0.15,5,-0.191076,-0.294286,0.095597,0.497974,0.496117,0.521576,0.483578,-0.002317,-0.003855,0.110882,0.999961,0.006821,0.002154,0.005084
0,0.15,5,-0.190855,-0.294361,0.095574,0.525841,0.483009,0.504655,0.485301,-0.0024,-0.003835,0.110663,-0.999557,0.004577,0.02804,0.008913
0,0.15,5,-0.191002,-0.294305,0.095555,-0.50961,-0.497905,-0.521334,-0.46968,-0.00234,-0.003814,0.110808,-0.999943,0.005156,-0.003692,0.008553
0,0.15,5,-0.191253,-0.29439,0.095545,0.520647,0.482575,0.51077,0.484935,-0.002418,-0.003808,0.111062,-0.999732,0.005345,0.022272,0.003363
0,0.15,5,-0.19096,-0.294341,0.095501,-0.52086,-0.504705,-0.500299,-0.472947,-0.002381,-0.003762,0.110768,-0.999584,-0.004485,0.011154,0.026229
0,0.15,5,-0.191078,-0.294329,0.095544,-0.515746,-0.496699,-0.50542,-0.481504,-0.002363,-0.003804,0.110885,-0.999809,-0.004981,0.013964,0.012757
0,0.15,5,-0.191139,-0.294276,0.095483,-0.507667,-0.507229,-0.513474,-0.470465,-0.002311,-0.00374,0.110945,-0.99985,-0.004683,-0.00481,0.015972
0,0.15,5,-0.191259,-0.294266,0.095563,-0.511016,-0.4977,-0.519905,-0.469954,-0.002293,-0.00382,0.111064,-0.999938,0.005128,-0.002004,0.009687
0,0.15,5,-0.190744,-0.294228,0.095567,-0.504195,-0.496729,-0.524709,-0.473,-0.002271,-0.003822,0.110548,-0.999976,0.002958,-0.006015,0.002004
0,0.15,5,-0.191136,-0.294157,0.09554,-0.502078,-0.504209,-0.5282,-0.463353,-0.002189,-0.003791,0.110938,-0.999808,0.004833,-0.017229,0.008035
0,0.15,5,-0.19095,-0.29412,0.095411,-0.513636,-0.524868,-0.514239,-0.443,-0.002165,-0.00366,0.110751,-0.998839,0.004044,-0.024102,0.041512
0,0.15,5,-0.190936,-0.294459,0.095422,0.539604,0.481402,0.489792,0.487015,-0.002503,-0.00369,0.110747,-0.998784,0.004185,0.044336,0.021142
0,0.15,5,-0.190959,-0.294238,0.095657,0.499597,0.492481,0.530615,0.475724,-0.00227,-0.003912,0.110763,0.999936,-0.004236,0.008014,0.006706
0,0.15,5,-0.191101,-0.294288,0.095595,-0.513691,-0.491967,-0.515628,-0.477722,-0.002318,-0.003852,0.110906,-0.999943,0.003249,0.008133,0.00617
0,0.15,5,-0.191217,-0.294273,0.095658,0.504046,0.490863,0.525035,0.478884,-0.002296,-0.003915,0.111022,0.999986,-0.002935,0.000541,0.004257
0,0.15,5,-0.191135,-0.294223,0.095535,-0.498803,-0.508303,-0.521412,-0.470057,-0.002256,-0.003789,0.110938,-0.999847,-0.005596,-0.014154,0.008572
0,0.15,5,-0.190768,-0.294359,0.095463,0.526164,0.50035,0.49422,0.478068,-0.002407,-0.003724,0.110576,-0.99939,-0.005243,0.021604,0.026916
0,0.15,5,-0.190873,-0.294418,0.095505,0.531588,0.480539,0.49561,0.490782,-0.00246,-0.00377,0.110683,-0.999146,0.001479,0.039494,0.012079
0,0.15,5,-0.19109,-0.29429,0.095596,-0.509186,-0.4958,-0.511171,-0.483338,-0.00232,-0.003854,0.110896,-0.999927,-0.005974,0.008977,0.00538
0,0.15,5,-0.190952,-0.294431,0.095455,0.538014,0.482697,0.489171,0.488114,-0.002473,-0.003721,0.110763,-0.998824,0.001875,0.043744,0.020809
0,0.15,5,-0.191117,-0.294305,0.095626,-0.509427,-0.495234,-0.517712,-0.476656,-0.002333,-0.003884,0.110924,-0.999981,0.001044,0.002768,0.005341
0,0.15,5,-0.190897,-0.294114,0.095388,-0.516058,-0.529909,-0.510105,-0.438944,-0.002162,-0.003637,0.110697,-0.998458,0.002832,-0.025169,0.049391
0,0.15,5,-0.190675,-0.294323,0.095554,0.519979,0.494111,0.502731,0.482429,-0.00237,-0.003814,0.110482,-0.999707,-0.003351,0.019224,0.014296
0,0.15,5,-0.19113,-0.294204,0.095589,-0.5006,-0.507497,-0.529517,-0.459846,-0.002233,-0.003843,0.110933,-0.999695,0.004901,-0.021972,0.010161
0,0.15,5,-0.191139,-0.294434,0.095441,0.528026,0.499178,0.495122,0.476303,-0.002471,-0.003707,0.11095,-0.999377,-0.00238,0.021807,0.027642
0,0.15,5,-0.191189,-0.294352,0.095583,-0.506578,-0.493198,-0.513356,-0.486416,-0.00238,-0.003844,0.110997,-0.999936,-0.006508,0.009282,0.000141
0,0.15,5,-0.190861,-0.294371,0.095704,0.512838,0.479927,0.516073,0.490241,-0.002403,-0.003966,0.110669,0.999783,-0.002594,-0.019413,0.007055
0,0.15,5,-0.191127,-0.294259,0.095476,-0.520049,-0.507197,-0.508359,-0.462463,-0.002295,-0.003733,0.110932,-0.99959,0.003177,0.000287,0.028449
0,0.15,5,-0.191105,-0.294273,0.095423,-0.522749,-0.502764,-0.506849,-0.465903,-0.002313,-0.003681,0.11091,-0.999622,0.004235,0.006278,0.02644
0,0.15,5,-0.19043,-0.294466,0.095526,0.530115,0.478437,0.493098,0.496921,-0.002521,-0.003793,0.110242,-0.998991,-0.00259,0.044036,0.00842
0,0.15,5,-0.190755,-0.294309,0.095598,0.508396,0.481139,0.522367,0.487003,-0.00235,-0.003857,0.110561,0.999871,-0.004486,-0.01174,0.010025
0,0.15,5,-0.190988,-0.294058,0.095563,-0.495724,-0.511619,-0.532538,-0.457063,-0.002094,-0.003809,0.110787,-0.999514,0.003306,-0.029387,0.009888
0,0.15,5,-0.191069,-0.294304,0.095521,-0.520426,-0.490373,-0.509736,-0.478393,-0.00234,-0.00378,0.110875,-0.999806,0.004214,0.015714,0.011137
0,0.15,5,-0.19101,-0.294103,0.095699,0.482806,0.505935,0.545122,0.462354,-0.002131,-0.003947,0.11081,0.999272,-0.003054,0.037139,0.008148
0,0.15,5,-0.190981,-0.294203,0.095586,0.493533,0.50355,0.530823,0.470202,-0.002238,-0.003839,0.110784,0.999812,0.001372,0.019307,0.001152
0,0.15,5,-0.190512,-0.294247,0.095741,0.479786,0.476205,0.545416,0.495535,-0.002288,-0.003996,0.110316,0.999084,0.000582,0.008232,0.04199
0,0.15,5,-0.190974,-0.294164,0.095454,-0.501581,-0.521603,-0.523697,-0.449543,-0.002207,-0.003706,0.110776,-0.999199,0.000849,-0.030364,0.026063
0,0.15,5,-0.19113,-0.294204,0.095589,-0.5006,-0.507497,-0.529517,-0.459846,-0.002233,-0.003843,0.110933,-0.999695,0.004901,-0.021972,0.010161
0,0.15,5,-0.190756,-0.294435,0.095492,0.531923,0.482908,0.494669,0.48904,-0.002481,-0.003758,0.110567,-0.999162,0.000906,0.038149,0.014819
0,0.15,5,-0.190986,-0.294229,0.095663,-0.495895,-0.504075,-0.532807,-0.46488,-0.00226,-0.003918,0.11079,-0.999752,0.003254,-0.021959,0.001958
0,0.15,5,-0.19112,-0.294285,0.095636,-0.505426,-0.495587,-0.524052,-0.473611,-0.002313,-0.003894,0.110925,-0.999983,0.00351,-0.004193,0.002013
0,0.15,5,-0.191003,-0.294292,0.095442,-0.512907,-0.513812,-0.508206,-0.463304,-0.002333,-0.0037,0.110809,-0.999577,-0.004205,-0.006108,0.028131
0,0.15,5,-0.190944,-0.294325,0.095506,-0.518193,-0.495685,-0.504587,-0.480796,-0.002365,-0.003766,0.110751,-0.999769,-0.003289,0.015795,0.014169
0,0.15,5,-0.190796,-0.294391,0.095641,0.508378,0.475266,0.520664,0.494553,-0.002429,-0.003904,0.110605,0.999684,-0.002692,-0.019133,0.016065
0,0.15,5,-0.190708,-0.294299,0.095681,0.502087,0.477759,0.529936,0.488695,-0.002337,-0.003939,0.110514,0.99977,-0.005814,-0.007084,0.019402
0,0.15,5,-0.191018,-0.29418,0.095511,-0.506454,-0.50796,-0.524071,-0.459163,-0.002217,-0.003763,0.11082,-0.999714,0.005311,-0.016729,0.016241
0,0.15,5,-0.190515,-0.294313,0.095653,0.503905,0.473073,0.52521,0.496424,-0.002358,-0.003913,0.110322,0.999606,-0.002788,-0.01648,0.02254
0,0.15,5,-0.190776,-0.294303,0.095522,0.516561,0.490471,0.504693,0.487737,-0.002348,-0.003781,0.110582,-0.999745,-0.00503,0.020817,0.007113
0,0.15,5,-0.19112,-0.294285,0.095636,-0.505426,-0.495587,-0.524052,-0.473611,-0.002313,-0.003894,0.110925,-0.999983,0.00351,-0.004193,0.002013
0,0.15,5,-0.191017,-0.29418,0.095458,-0.515316,-0.508339,-0.512698,-0.461716,-0.002221,-0.00371,0.11082,-0.999669,0.002727,-0.005287,0.025012
0,0.15,5,-0.19112,-0.294285,0.095636,-0.505426,-0.495587,-0.524052,-0.473611,-0.002313,-0.003894,0.110925,-0.999983,0.00351,-0.004193,0.002013
0,0.15,5,-0.19096,-0.294341,0.095501,-0.52086,-0.504705,-0.500299,-0.472947,-0.002381,-0.003762,0.110768,-0.999584,-0.004485,0.011154,0.026229
0,0.15,5,-0.191045,-0.294305,0.095614,0.512548,0.485332,0.515794,0.485493,-0.002336,-0.003873,0.110851,0.999891,-0.002063,-0.01447,0.001841
0,0.15,5,-0.190668,-0.294257,0.095673,0.494723,0.47797,0.532873,0.492788,-0.002297,-0.003929,0.110473,0.999646,-0.001339,-0.003684,0.026334
0,0.15,5,-0.190485,-0.294316,0.095763,0.488081,0.469104,0.538231,0.50202,-0.002357,-0.004022,0.110292,0.999121,-0.000284,-0.006323,0.041444
0,0.15,5,-0.190983,-0.294302,0.095514,-0.512437,-0.499798,-0.509379,-0.477644,-0.002341,-0.003772,0.110789,-0.999886,-0.004275,0.006849,0.01278
0,0.15,5,-0.19094,-0.294489,0.095466,0.536115,0.479113,0.49245,0.490432,-0.002531,-0.003735,0.110752,-0.998912,0.003107,0.043959,0.01524
0,0.15,5,-0.19096,-0.294479,0.09552,0.524633,0.492247,0.49489,0.487378,-0.002517,-0.003788,0.110772,-0.999417,-0.006441,0.028947,0.016927
0,0.15,5,-0.191118,-0.294223,0.095581,-0.506404,-0.494645,-0.5253,-0.472166,-0.002254,-0.003836,0.110921,-0.99997,0.00582,-0.004577,0.002104
0,0.15,5,-0.191216,-0.294113,0.095565,-0.493616,-0.514648,-0.53444,-0.453713,-0.002142,-0.003814,0.111016,-0.999334,0.00339,-0.034551,0.01121
0,0.15,5,-0.190736,-0.294237,0.095555,-0.519604,-0.496098,-0.512109,-0.470789,-0.002281,-0.00381,0.11054,-0.999819,0.006016,0.007589,0.016393
0,0.15,5,-0.190662,-0.294443,0.095596,0.518687,0.478207,0.507075,0.495133,-0.002487,-0.003863,0.110473,0.999537,0.000503,-0.030248,0.003175
0,0.15,5,-0.190787,-0.294466,0.095555,0.516301,0.47616,0.51245,0.494065,-0.002508,-0.003823,0.110598,0.999611,-0.002481,-0.026741,0.007501
0,0.15,5,-0.19075,-0.294202,0.095714,0.487826,0.491595,0.540739,0.477454,-0.002238,-0.003967,0.110553,0.99966,-0.002808,0.017983,0.018678
0,0.15,5,-0.191249,-0.294307,0.095515,-0.51146,-0.503465,-0.509126,-0.475103,-0.002336,-0.003773,0.111055,-0.999857,-0.005406,0.003457,0.015632
0,0.15,5,-0.191018,-0.29418,0.095511,-0.506454,-0.50796,-0.524071,-0.459163,-0.002217,-0.003763,0.11082,-0.999714,0.005311,-0.016729,0.016241
0,0.15,5,-0.190498,-0.294503,0.095402,0.535865,0.476191,0.490934,0.49505,-0.002563,-0.003672,0.110311,-0.998761,0.001326,0.048275,0.012016
0,0.15,5,-0.190846,-0.294265,0.095536,-0.507995,-0.495319,-0.514699,-0.481336,-0.002306,-0.003793,0.110651,-0.999969,-0.003588,0.005815,0.003826
0,0.15,5,-0.190983,-0.294302,0.095514,-0.512437,-0.499798,-0.509379,-0.477644,-0.002341,-0.003772,0.110789,-0.999886,-0.004275,0.006849,0.01278
1,0.2625,6,-0.206545,-0.517162,0.100149,0.519836,0.481237,0.488341,0.509612,-0.018449,-0.02582,0.238149,-0.99952,0.006976,0.030152,0.001173
1,0.2625,6,-0.205769,-0.517038,0.100076,0.513967,0.477975,0.49343,0.513716,-0.018325,-0.025748,0.237373,0.999547,-0.006161,-0.02834,0.007986
1,0.2625,6,-0.206545,-0.517162,0.100149,0.519836,0.481237,0.488341,0.509612,-0.018449,-0.02582,0.238149,-0.99952,0.006976,0.030152,0.001173
1,0.2625,6,-0.205769,-0.517038,0.100076,0.513967,0.477975,0.49343,0.513716,-0.018325,-0.025748,0.237373,0.999547,-0.006161,-0.02834,0.007986
1,0.2625,6,-0.205769,-0.517038,0.100076,0.513967,0.477975,0.49343,0.513716,-0.018325,-0.025748,0.237373,0.999547,-0.006161,-0.02834,0.007986
1,0.2625,6,-0.205769,-0.517038,0.100076,0.513967,0.477975,0.49343,0.513716,-0.018325,-0.025748,0.237373,0.999547,-0.006161,-0.02834,0.007986
1,0.2625,6,-0.205769,-0.517038,0.100076,0.513967,0.477975,0.49343,0.513716,-0.018325,-0.025748,0.237373,0.999547,-0.006161,-0.02834,0.007986
1,0.2625,6,-0.206545,-0.517162,0.100149,0.519836,0.481237,0.488341,0.509612,-0.018449,-0.02582,0.238149,-0.99952,0.006976,0.030152,0.001173
1,0.2625,6,-0.206545,-0.517162,0.100149,0.519836,0.481237,0.488341,0.509612,-0.018449,-0.02582,0.238149,-0.99952,0.006976,0.030152,0.001173
1,0.2625,6,-0.205769,-0.517038,0.100076,0.513967,0.477975,0.49343,0.513716,-0.018325,-0.025748,0.237373,0.999547,-0.006161,-0.02834,0.007986
1,0.2625,6,-0.206545,-0.517162,0.100149,0.519836,0.481237,0.488341,0.509612,-0.018449,-0.02582,0.238149,-0.99952,0.006976,0.030152,0.001173
1,0.2625,6,-0.206545,-0.517162,0.100149,0.519836,0.481237,0.488341,0.509612,-0.018449,-0.02582,0.238149,-0.99952,0.006976,0.030152,0.001173
1,0.2625,6,-0.206545,-0.517162,0.100149,0.519836,0.481237,0.488341,0.509612,-0.018449,-0.02582,0.238149,-0.99952,0.006976,0.030152,0.001173
1,0.2625,6,-0.205769,-0.517038,0.100076,0.513967,0.477975,0.49343,0.513716,-0.018325,-0.025748,0.237373,0.999547,-0.006161,-0.02834,0.007986
1,0.2625,6,-0.206545,-0.517162,0.100149,0.519836,0.481237,0.488341,0.509612,-0.018449,-0.02582,0.238149,-0.99952,0.006976,0.030152,0.001173
1,0.2625,6,-0.206545,-0.517162,0.100149,0.519836,0.481237,0.488341,0.509612,-0.018449,-0.02582,0.238149,-0.99952,0.006976,0.030152,0.001173
1,0.2625,6,-0.206545,-0.517162,0.100149,0.519836,0.481237,0.488341,0.509612,-0.018449,-0.02582,0.238149,-0.99952,0.006976,0.030152,0.001173
1,0.2625,6,-0.206545,-0.517162,0.100149,0.519836,0.481237,0.488341,0.509612,-0.018449,-0.02582,0.238149,-0.99952,0.006976,0.030152,0.001173
1,0.2625,6,-0.206545,-0.517162,0.100149,0.519836,0.481237,0.488341,0.509612,-0.018449,-0.02582,0.238149,-0.99952,0.006976,0.030152,0.001173
1,0.2625,6,-0.206545,-0.517162,0.100149,0.519836,0.481237,0.488341,0.509612,-0.018449,-0.02582,0.238149,-0.99952,0.006976,0.030152,0.001173
1,0.2625,6,-0.206545,-0.517162,0.100149,0.519836,0.481237,0.488341,0.509612,-0.018449,-0.02582,0.238149,-0.99952,0.006976,0.030152,0.001173
1,0.2625,6,-0.206545,-0.517162,0.100149,0.519836,0.481237,0.488341,0.509612,-0.018449,-0.02582,0.238149,-0.99952,0.006976,0.030152,0.001173
1,0.2625,6,-0.206545,-0.517162,0.100149,0.519836,0.481237,0.488341,0.509612,-0.018449,-0.02582,0.238149,-0.99952,0.006976,0.030152,0.001173
1,0.2625,6,-0.206545,-0.517162,0.100149,0.519836,0.481237,0.488341,0.509612,-0.018449,-0.02582,0.238149,-0.99952,0.006976,0.030152,0.001173
1,0.2625,6,-0.206545,-0.517162,0.100149,0.519836,0.481237,0.488341,0.509612,-0.018449,-0.02582,0.238149,-0.99952,0.006976,0.030152,0.001173
1,0.2625,6,-0.207041,-0.5171,0.100154,0.500426,0.491717,0.50768,0.500049,-0.018387,-0.025825,0.238645,0.999946,-0.006469,-0.000741,0.008129
1,0.2625,6,-0.205814,-0.517123,0.099985,0.533335,0.483326,0.471542,0.509507,-0.018411,-0.025657,0.237418,-0.99886,0.004342,0.044232,0.017396
1,0.2625,6,-0.206545,-0.517162,0.100149,0.519836,0.481237,0.488341,0.509612,-0.018449,-0.02582,0.238149,-0.99952,0.006976,0.030152,0.001173
1,0.2625,6,-0.206545,-0.517162,0.100149,0.519836,0.481237,0.488341,0.509612,-0.018449,-0.02582,0.238149,-0.99952,0.006976,0.030152,0.001173
1,0.2625,6,-0.206545,-0.517162,0.100149,0.519836,0.481237,0.488341,0.509612,-0.018449,-0.02582,0.238149,-0.99952,0.006976,0.030152,0.001173
1,0.2625,6,-0.206545,-0.517162,0.100149,0.519836,0.481237,0.488341,0.509612,-0.018449,-0.02582,0.238149,-0.99952,0.006976,0.030152,0.001173
1,0.2625,6,-0.206545,-0.517162,0.100149,0.519836,0.481237,0.488341,0.509612,-0.018449,-0.02582,0.238149,-0.99952,0.006976,0.030152,0.001173
1,0.2625,6,-0.206545,-0.517162,0.100149,0.519836,0.481237,0.488341,0.509612,-0.018449,-0.02582,0.238149,-0.99952,0.006976,0.030152,0.001173
1,0.2625,6,-0.206545,-0.517162,0.100149,0.519836,0.481237,0.488341,0.509612,-0.018449,-0.02582,0.238149,-0.99952,0.006976,0.030152,0.001173
1,0.2625,6,-0.206545,-0.517162,0.100149,0.519836,0.481237,0.488341,0.509612,-0.018449,-0.02582,0.238149,-0.99952,0.006976,0.030152,0.001173
1,0.2625,6,-0.206545,-0.517162,0.100149,0.519836,0.481237,0.488341,0.509612,-0.018449,-0.02582,0.238149,-0.99952,0.006976,0.030152,0.001173
1,0.2625,6,-0.206545,-0.517162,0.100149,0.519836,0.481237,0.488341,0.509612,-0.018449,-0.02582,0.238149,-0.99952,0.006976,0.030152,0.001173
1,0.2625,6,-0.206545,-0.517162,0.100149,0.519836,0.481237,0.488341,0.509612,-0.018449,-0.02582,0.238149,-0.99952,0.006976,0.030152,0.001173
1,0.2625,6,-0.206545,-0.517162,0.100149,0.519836,0.481237,0.488341,0.509612,-0.018449,-0.02582,0.238149,-0.99952,0.006976,0.030152,0.001173
1,0.2625,6,-0.206545,-0.517162,0.100149,0.519836,0.481237,0.488341,0.509612,-0.018449,-0.02582,0.238149,-0.99952,0.006976,0.030152,0.001173
1,0.2625,6,-0.206545,-0.517162,0.100149,0.519836,0.481237,0.488341,0.509612,-0.018449,-0.02582,0.238149,-0.99952,0.006976,0.030152,0.001173
1,0.2625,6,-0.206545,-0.517162,0.100149,0.519836,0.481237,0.488341,0.509612,-0.018449,-0.02582,0.238149,-0.99952,0.006976,0.030152,0.001173
1,0.2625,6,-0.206545,-0.517162,0.100149,0.519836,0.481237,0.488341,0.509612,-0.018449,-0.02582,0.238149,-0.99952,0.006976,0.030152,0.001173
1,0.2625,6,-0.206545,-0.517162,0.100149,0.519836,0.481237,0.488341,0.509612,-0.018449,-0.02582,0.238149,-0.99952,0.006976,0.030152,0.001173
1,0.2625,6,-0.205769,-0.517038,0.100076,0.513967,0.477975,0.49343,0.513716,-0.018325,-0.025748,0.237373,0.999547,-0.006161,-0.02834,0.007986
1,0.2625,6,-0.206545,-0.517162,0.100149,0.519836,0.481237,0.488341,0.509612,-0.018449,-0.02582,0.238149,-0.99952,0.006976,0.030152,0.001173
1,0.2625,6,-0.205769,-0.517038,0.100076,0.513967,0.477975,0.49343,0.513716,-0.018325,-0.025748,0.237373,0.999547,-0.006161,-0.02834,0.007986
1,0.2625,6,-0.206545,-0.517162,0.100149,0.519836,0.481237,0.488341,0.509612,-0.018449,-0.02582,0.238149,-0.99952,0.006976,0.030152,0.001173
1,0.2625,6,-0.205769,-0.517038,0.100076,0.513967,0.477975,0.49343,0.513716,-0.018325,-0.025748,0.237373,0.999547,-0.006161,-0.02834,0.007986
1,0.2625,6,-0.206545,-0.517162,0.100149,0.519836,0.481237,0.488341,0.509612,-0.018449,-0.02582,0.238149,-0.99952,0.006976,0.030152,0.001173
1,0.2625,6,-0.205769,-0.517038,0.100076,0.513967,0.477975,0.49343,0.513716,-0.018325,-0.025748,0.237373,0.999547,-0.006161,-0.02834,0.007986
1,0.2625,6,-0.206545,-0.517162,0.100149,0.519836,0.481237,0.488341,0.509612,-0.018449,-0.02582,0.238149,-0.99952,0.006976,0.030152,0.001173
1,0.2625,6,-0.206545,-0.517162,0.100149,0.519836,0.481237,0.488341,0.509612,-0.018449,-0.02582,0.238149,-0.99952,0.006976,0.030152,0.001173
1,0.2625,6,-0.205666,-0.51708,0.100017,0.50624,0.475603,0.504543,0.512794,-0.018368,-0.025689,0.23727,0.999598,-0.009497,-0.019628,0.018117
1,0.2625,6,-0.206545,-0.517162,0.100149,0.519836,0.481237,0.488341,0.509612,-0.018449,-0.02582,0.238149,-0.99952,0.006976,0.030152,0.001173
1,0.2625,6,-0.205769,-0.517038,0.100076,0.513967,0.477975,0.49343,0.513716,-0.018325,-0.025748,0.237373,0.999547,-0.006161,-0.02834,0.007986
1,0.2625,6,-0.206545,-0.517162,0.100149,0.519836,0.481237,0.488341,0.509612,-0.018449,-0.02582,0.238149,-0.99952,0.006976,0.030152,0.001173
1,0.2625,6,-0.205769,-0.517038,0.100076,0.513967,0.477975,0.49343,0.513716,-0.018325,-0.025748,0.237373,0.999547,-0.006161,-0.02834,0.007986
1,0.2625,6,-0.206598,-0.517214,0.100105,0.511389,0.48082,0.500469,0.506779,-0.018501,-0.025776,0.238202,0.999741,-0.010435,-0.018641,0.007888
1,0.2625,6,-0.206545,-0.517162,0.100149,0.519836,0.481237,0.488341,0.509612,-0.018449,-0.02582,0.238149,-0.99952,0.006976,0.030152,0.001173
1,0.225,7,-0.203832,-0.522865,0.09656,0.47203,0.521758,0.525387,0.478461,-0.007867,0.003309,0.181891,0.997082,0.011116,0.075516,0.00089
1,0.225,7,-0.204181,-0.523056,0.096694,0.513565,0.47967,0.483528,0.52189,-0.008074,0.003168,0.182228,0.999882,0.012237,-0.008877,0.00282
1,0.225,7,-0.204013,-0.522926,0.096811,0.455003,0.470215,0.540037,0.529368,-0.007933,0.003054,0.182067,0.996777,0.010279,0.04078,0.068309
1,0.225,7,-0.203693,-0.523161,0.096771,0.523422,0.456853,0.474199,0.540787,-0.008151,0.003092,0.181735,0.999078,0.009803,-0.039254,0.014331
1,0.225,7,-0.203729,-0.522947,0.096538,-0.489791,-0.518598,-0.509652,-0.481057,-0.007944,0.00333,0.181784,-0.998308,-0.010279,-0.055773,0.012815
1,0.225,7,-0.204637,-0.523017,0.096622,0.507182,0.493934,0.489253,0.509339,-0.008061,0.003237,0.182686,-0.999842,-0.013555,-0.010521,0.004696
1,0.225,7,-0.204637,-0.523017,0.096622,0.507182,0.493934,0.489253,0.509339,-0.008061,0.003237,0.182686,-0.999842,-0.013555,-0.010521,0.004696
1,0.225,7,-0.203347,-0.523163,0.096745,0.519948,0.453005,0.478487,0.54359,-0.008135,0.003121,0.181389,0.998984,0.008674,-0.038634,0.021504
1,0.225,7,-0.203693,-0.523161,0.096771,0.523422,0.456853,0.474199,0.540787,-0.008151,0.003092,0.181735,0.999078,0.009803,-0.039254,0.014331
1,0.225,7,-0.204637,-0.523017,0.096622,0.507182,0.493934,0.489253,0.509339,-0.008061,0.003237,0.182686,-0.999842,-0.013555,-0.010521,0.004696
1,0.225,7,-0.203057,-0.523041,0.096498,0.542267,0.524997,0.45114,0.476232,-0.008002,0.003372,0.181108,-0.997171,-0.015905,-0.005252,0.073283
1,0.225,7,-0.203933,-0.522928,0.096495,-0.507349,-0.523049,-0.487552,-0.480947,-0.007937,0.003371,0.181989,-0.998559,-0.015383,-0.038024,0.034618
1,0.225,7,-0.203873,-0.522895,0.096534,-0.473088,-0.53432,-0.522716,-0.466324,-0.007899,0.003334,0.18193,-0.996141,-0.012476,-0.085841,0.013394
1,0.225,7,-0.204013,-0.522926,0.096811,0.455003,0.470215,0.540037,0.529368,-0.007933,0.003054,0.182067,0.996777,0.010279,0.04078,0.068309
1,0.225,7,-0.204181,-0.523056,0.096694,0.513565,0.47967,0.483528,0.52189,-0.008074,0.003168,0.182228,0.999882,0.012237,-0.008877,0.00282
1,0.225,7,-0.204414,-0.523112,0.096677,0.519464,0.479728,0.476521,0.522442,-0.008143,0.003182,0.182458,-0.999784,-0.013287,0.01564,0.003292
1,0.225,7,-0.204294,-0.522969,0.096608,0.485249,0.501018,0.511674,0.501701,-0.007995,0.003254,0.182346,0.999065,0.012521,0.040193,0.009803
1,0.225,7,-0.204637,-0.523017,0.096622,0.507182,0.493934,0.489253,0.509339,-0.008061,0.003237,0.182686,-0.999842,-0.013555,-0.010521,0.004696
1,0.225,7,-0.203832,-0.522865,0.09656,0.47203,0.521758,0.525387,0.478461,-0.007867,0.003309,0.181891,0.997082,0.011116,0.075516,0.00089
1,0.225,7,-0.204181,-0.523056,0.096694,0.513565,0.47967,0.483528,0.52189,-0.008074,0.003168,0.182228,0.999882,0.012237,-0.008877,0.00282
1,0.225,7,-0.203832,-0.522865,0.09656,0.47203,0.521758,0.525387,0.478461,-0.007867,0.003309,0.181891,0.997082,0.011116,0.075516,0.00089
1,0.225,7,-0.204637,-0.523017,0.096622,0.507182,0.493934,0.489253,0.509339,-0.008061,0.003237,0.182686,-0.999842,-0.013555,-0.010521,0.004696
1,0.225,7,-0.204073,-0.52304,0.096864,0.488045,0.461565,0.511639,0.53572,-0.008049,0.002999,0.18212,0.998938,0.007593,0.00236,0.045385
1,0.225,7,-0.203347,-0.523163,0.096745,0.519948,0.453005,0.478487,0.54359,-0.008135,0.003121,0.181389,0.998984,0.008674,-0.038634,0.021504
1,0.225,7,-0.203832,-0.522865,0.09656,0.47203,0.521758,0.525387,0.478461,-0.007867,0.003309,0.181891,0.997082,0.011116,0.075516,0.00089
1,0.225,7,-0.204637,-0.523017,0.096622,0.507182,0.493934,0.489253,0.509339,-0.008061,0.003237,0.182686,-0.999842,-0.013555,-0.010521,0.004696
1,0.225,7,-0.204181,-0.523056,0.096694,0.513565,0.47967,0.483528,0.52189,-0.008074,0.003168,0.182228,0.999882,0.012237,-0.008877,0.00282
1,0.225,7,-0.203656,-0.522835,0.096662,0.476941,0.515588,0.523796,0.48201,-0.007826,0.003208,0.181716,0.997688,0.008137,0.067424,0.002497
1,0.225,7,-0.20351,-0.522872,0.096605,-0.476638,-0.523453,-0.521919,-0.475829,-0.007856,0.003266,0.181569,-0.997223,-0.010255,-0.073579,0.005319
1,0.225,7,-0.204181,-0.523056,0.096694,0.513565,0.47967,0.483528,0.52189,-0.008074,0.003168,0.182228,0.999882,0.012237,-0.008877,0.00282
1,0.225,7,-0.203832,-0.522865,0.09656,0.47203,0.521758,0.525387,0.478461,-0.007867,0.003309,0.181891,0.997082,0.011116,0.075516,0.00089
1,0.225,7,-0.204073,-0.52304,0.096864,0.488045,0.461565,0.511639,0.53572,-0.008049,0.002999,0.18212,0.998938,0.007593,0.00236,0.045385
1,0.225,7,-0.204031,-0.522957,0.096831,0.473121,0.46914,0.524292,0.530266,-0.007964,0.003034,0.182082,0.998316,0.009515,0.022734,0.052512
1,0.225,7,-0.203114,-0.523138,0.096688,0.53137,0.450757,0.468514,0.543102,-0.008098,0.003181,0.181158,0.99864,0.006886,-0.05033,0.011752
1,0.225,7,-0.204004,-0.522966,0.096512,0.526425,0.520173,0.467219,0.483739,-0.007979,0.003352,0.182057,-0.998433,-0.016504,-0.01531,0.051236
1,0.225,7,-0.204181,-0.523056,0.096694,0.513565,0.47967,0.483528,0.52189,-0.008074,0.003168,0.182228,0.999882,0.012237,-0.008877,0.00282
1,0.225,7,-0.204637,-0.523017,0.096622,0.507182,0.493934,0.489253,0.509339,-0.008061,0.003237,0.182686,-0.999842,-0.013555,-0.010521,0.004696
1,0.225,7,-0.203693,-0.523161,0.096771,0.523422,0.456853,0.474199,0.540787,-0.008151,0.003092,0.181735,0.999078,0.009803,-0.039254,0.014331
1,0.225,7,-0.204073,-0.52304,0.096864,0.488045,0.461565,0.511639,0.53572,-0.008049,0.002999,0.18212,0.998938,0.007593,0.00236,0.045385
1,0.225,7,-0.204181,-0.523056,0.096694,0.513565,0.47967,0.483528,0.52189,-0.008074,0.003168,0.182228,0.999882,0.012237,-0.008877,0.00282
1,0.225,7,-0.204637,-0.523017,0.096622,0.507182,0.493934,0.489253,0.509339,-0.008061,0.003237,0.182686,-0.999842,-0.013555,-0.010521,0.004696
1,0.225,7,-0.203693,-0.523161,0.096771,0.523422,0.456853,0.474199,0.540787,-0.008151,0.003092,0.181735,0.999078,0.009803,-0.039254,0.014331
1,0.225,7,-0.203421,-0.522849,0.096636,0.475651,0.507998,0.524352,0.490662,-0.007827,0.003235,0.181481,0.998072,0.008816,0.060326,0.011633
1,0.225,7,-0.20351,-0.522872,0.096605,-0.476638,-0.523453,-0.521919,-0.475829,-0.007856,0.003266,0.181569,-0.997223,-0.010255,-0.073579,0.005319
1,0.225,7,-0.203931,-0.522825,0.096627,0.468993,0.512361,0.530382,0.486031,-0.007831,0.003242,0.181992,0.997335,0.008902,0.071171,0.013377
1,0.225,7,-0.204181,-0.523056,0.096694,0.513565,0.47967,0.483528,0.52189,-0.008074,0.003168,0.182228,0.999882,0.012237,-0.008877,0.00282
1,0.225,7,-0.204637,-0.523017,0.096622,0.507182,0.493934,0.489253,0.509339,-0.008061,0.003237,0.182686,-0.999842,-0.013555,-0.010521,0.004696
1,0.225,7,-0.204637,-0.523017,0.096622,0.507182,0.493934,0.489253,0.509339,-0.008061,0.003237,0.182686,-0.999842,-0.013555,-0.010521,0.004696
1,0.225,7,-0.203834,-0.522838,0.096471,-0.489734,-0.528901,-0.506394,-0.473275,-0.007842,0.003397,0.181895,-0.997641,-0.013453,-0.063106,0.023447
1,0.225,7,-0.203863,-0.522944,0.096764,0.47684,0.480373,0.522226,0.518793,-0.007943,0.003103,0.181916,0.998749,0.008932,0.031064,0.038159
1,0.225,7,-0.204637,-0.523017,0.096622,0.507182,0.493934,0.489253,0.509339,-0.008061,0.003237,0.182686,-0.999842,-0.013555,-0.010521,0.004696
1,0.225,7,-0.203693,-0.523161,0.096771,0.523422,0.456853,0.474199,0.540787,-0.008151,0.003092,0.181735,0.999078,0.009803,-0.039254,0.014331
1,0.225,7,-0.20393,-0.522971,0.096584,0.521408,0.512075,0.473715,0.491433,-0.007978,0.003281,0.181983,-0.999089,-0.015206,-0.013319,0.037596
1,0.225,7,-0.203873,-0.522895,0.096534,-0.473088,-0.53432,-0.522716,-0.466324,-0.007899,0.003334,0.18193,-0.996141,-0.012476,-0.085841,0.013394
1,0.225,7,-0.203988,-0.523027,0.096663,0.501932,0.484971,0.496296,0.516292,-0.008035,0.003201,0.182037,0.999853,0.011276,0.008842,0.009369
1,0.1875,8,-0.202052,-0.52236,0.094586,-0.518933,-0.52442,-0.486004,-0.4685,0.000604,0.002572,0.145945,-0.998596,0.007534,-0.020044,0.048456
1,0.1875,8,-0.202784,-0.522494,0.094763,0.501299,0.487185,0.508048,0.503227,0.000457,0.00239,0.146672,0.999901,-0.011405,0.003792,0.007299
1,0.1875,8,-0.202957,-0.522462,0.094797,0.495603,0.47459,0.515504,0.513224,0.000486,0.002355,0.146846,0.999589,-0.013716,-0.000973,0.025144
1,0.1875,8,-0.201982,-0.522235,0.094926,0.463245,0.509802,0.541331,0.482147,0.000729,0.002232,0.145874,0.997857,-0.008596,0.06128,0.021258
1,0.1875,8,-0.202464,-0.522474,0.094908,0.488618,0.470215,0.51893,0.520444,0.000482,0.002247,0.146351,0.999288,-0.010604,-0.001576,0.036174
1,0.1875,8,-0.202414,-0.522342,0.094666,0.515108,0.504698,0.493623,0.486087,0.000615,0.002489,0.146306,-0.999627,0.010655,-0.007061,0.024133
1,0.1875,8,-0.201711,-0.522236,0.094896,0.461953,0.510322,0.543176,0.480761,0.000733,0.002264,0.145603,0.99768,-0.00932,0.063796,0.021874
1,0.1875,8,-0.202546,-0.522542,0.094715,0.513166,0.481998,0.492452,0.511693,0.000413,0.002439,0.146434,0.99983,-0.007759,-0.01674,0.000386
1,0.1875,8,-0.202558,-0.522537,0.094805,0.509609,0.479231,0.497431,0.513029,0.000417,0.00235,0.146446,0.999829,-0.009248,-0.014541,0.006698
1,0.1875,8,-0.202386,-0.522349,0.094708,-0.503718,-0.51447,-0.498698,-0.482587,0.000609,0.002447,0.146277,-0.999497,0.004435,-0.021951,0.022455
1,0.1875,8,-0.201977,-0.522549,0.094967,0.482229,0.453184,0.521597,0.538531,0.000415,0.002193,0.145863,0.998159,-0.008348,-0.014648,0.058262
1,0.1875,8,-0.202558,-0.522537,0.094805,0.509609,0.479231,0.497431,0.513029,0.000417,0.00235,0.146446,0.999829,-0.009248,-0.014541,0.006698
1,0.1875,8,-0.202533,-0.522459,0.094738,0.507699,0.49515,0.501075,0.495976,0.000497,0.002416,0.146422,-0.999908,0.010643,-0.004744,0.006988
1,0.1875,8,-0.202096,-0.522585,0.09464,0.531384,0.48634,0.471692,0.508539,0.000378,0.002519,0.145983,-0.999196,0.005632,0.032435,0.02286
1,0.1875,8,-0.202209,-0.522347,0.094867,0.468332,0.494498,0.538355,0.496298,0.000613,0.002289,0.146099,0.998534,-0.010244,0.042499,0.031903
1,0.1875,8,-0.202245,-0.522429,0.094914,0.484492,0.474023,0.520729,0.519047,0.000531,0.002243,0.146134,0.999289,-0.008261,0.003998,0.036565
1,0.1875,8,-0.201773,-0.522243,0.094901,0.461534,0.507549,0.542203,0.485178,0.000725,0.002259,0.145665,0.997854,-0.007815,0.059925,0.025196
1,0.1875,8,-0.201639,-0.522294,0.094903,0.464954,0.50509,0.53987,0.487075,0.000676,0.002258,0.14553,0.998156,-0.008615,0.054871,0.02448
1,0.1875,8,-0.202697,-0.52235,0.094775,-0.501386,-0.500303,-0.509456,-0.488634,0.000603,0.002378,0.146587,-0.999732,0.012836,-0.018326,0.005881
1,0.1875,8,-0.202067,-0.522397,0.094736,0.511654,0.497107,0.497131,0.493918,0.000567,0.002422,0.145957,-0.999856,0.010641,-0.002812,0.012949
1,0.1875,8,-0.202339,-0.522237,0.094769,0.483162,0.507191,0.523049,0.485521,0.000721,0.002386,0.146232,0.999178,-0.008808,0.039227,0.005103
1,0.1875,8,-0.202047,-0.522331,0.094774,-0.502103,-0.507175,-0.500466,-0.490102,0.000633,0.002384,0.145939,-0.999769,0.004456,-0.016222,0.01337
1,0.1875,8,-0.202245,-0.522429,0.094914,0.484492,0.474023,0.520729,0.519047,0.000531,0.002243,0.146134,0.999289,-0.008261,0.003998,0.036565
1,0.1875,8,-0.202262,-0.522232,0.094894,0.468381,0.498887,0.533963,0.496603,0.000728,0.002261,0.146154,0.998703,-0.00569,0.042348,0.027678
1,0.1875,8,-0.202347,-0.522432,0.094772,0.502703,0.486315,0.506633,0.504093,0.000527,0.002384,0.146237,0.999911,-0.011387,0.001516,0.006753
1,0.1875,8,-0.202363,-0.522237,0.094767,0.480438,0.510237,0.519723,0.488595,0.000721,0.002388,0.146256,0.999226,-0.00272,0.038937,0.004867
1,0.1875,8,-0.20233,-0.522208,0.094693,-0.493365,-0.514618,-0.511686,-0.479518,0.000751,0.002462,0.146224,-0.999276,0.007351,-0.035198,0.012392
1,0.1875,8,-0.20184,-0.522648,0.094672,0.539588,0.464637,0.465393,0.525705,0.00032,0.002489,0.145727,-0.998151,0.008848,0.059167,0.010749
1,0.1875,8,-0.201845,-0.522287,0.094928,0.466511,0.507401,0.539141,0.483982,0.00068,0.002231,0.145736,0.998149,-0.009393,0.056434,0.020631
1,0.1875,8,-0.202533,-0.522459,0.094738,0.507699,0.49515,0.501075,0.495976,0.000497,0.002416,0.146422,-0.999908,0.010643,-0.004744,0.006988
1,0.1875,8,-0.202151,-0.522287,0.094837,0.48855,0.507749,0.518672,0.484242,0.000674,0.00232,0.146042,-0.999331,0.009609,-0.035272,0.000713
1,0.1875,8,-0.202271,-0.522523,0.094684,0.53518,0.476718,0.472952,0.512483,0.000437,0.002473,0.146159,-0.998966,0.011013,0.04052,0.017405
1,0.1875,8,-0.202347,-0.522432,0.094772,0.502703,0.486315,0.506633,0.504093,0.000527,0.002384,0.146237,0.999911,-0.011387,0.001516,0.006753
1,0.1875,8,-0.202221,-0.522269,0.094942,0.466642,0.496275,0.537007,0.497574,0.000691,0.002214,0.146112,0.998544,-0.007199,0.042933,0.03185
1,0.1875,8,-0.201849,-0.522414,0.094991,0.470381,0.473436,0.53161,0.521528,0.000552,0.002169,0.145737,0.998588,-0.005861,0.014938,0.050639
1,0.1875,8,-0.202071,-0.522369,0.094994,0.469583,0.488674,0.535003,0.504442,0.000593,0.002164,0.14596,0.998746,-0.008037,0.033215,0.036586
1,0.1875,8,-0.202064,-0.522209,0.094741,-0.481263,-0.524511,-0.521287,-0.470675,0.000755,0.002416,0.145958,-0.998388,0.005668,-0.055415,0.010853
1,0.1875,8,-0.202516,-0.522394,0.094745,0.490669,0.491378,0.517543,0.499941,0.000562,0.00241,0.146406,0.999697,-0.010493,0.017585,0.013656
1,0.1875,8,-0.201639,-0.522294,0.094903,0.464954,0.50509,0.53987,0.487075,0.000676,0.002258,0.14553,0.998156,-0.008615,0.054871,0.02448
1,0.1875,8,-0.201977,-0.522549,0.094967,0.482229,0.453184,0.521597,0.538531,0.000415,0.002193,0.145863,0.998159,-0.008348,-0.014648,0.058262
1,0.1875,8,-0.202517,-0.522396,0.094803,0.49639,0.494262,0.513566,0.495532,0.000559,0.002352,0.146407,0.99978,-0.01205,0.016393,0.005144
1,0.1875,8,-0.202131,-0.522344,0.094635,-0.530666,-0.523789,-0.474786,-0.467566,0.000618,0.002523,0.146023,-0.998118,0.008429,-0.008732,0.06011
1,0.1875,8,-0.202108,-0.52225,0.094868,0.469086,0.494846,0.53112,0.502989,0.000712,0.00229,0.146,0.998884,-0.003449,0.035365,0.031123
1,0.15,9,-0.200012,-0.520626,0.094947,0.510261,0.479966,0.502152,0.507059,0.001485,0.00036,0.10969,-0.999544,0.006924,0.028651,0.006522
1,0.15,9,-0.199658,-0.520498,0.095272,0.467535,0.47186,0.533973,0.523099,0.001609,4.8e-05,0.109323,0.999084,0.002614,-0.003021,0.0426
1,0.15,9,-0.199778,-0.52034,0.095162,0.465902,0.501455,0.540353,0.489385,0.001769,0.000156,0.109442,0.999361,-0.002697,0.032408,0.014809
1,0.15,9,-0.200012,-0.520604,0.094978,0.504322,0.485874,0.494489,0.514846,0.001507,0.00033,0.109689,-0.999498,-0.006752,0.030231,0.006585
1,0.15,9,-0.199698,-0.520488,0.095004,0.501716,0.493173,0.507718,0.497277,0.001617,0.000315,0.109371,-0.999879,0.004071,0.010079,0.011099
1,0.15,9,-0.199738,-0.520468,0.094907,-0.49634,-0.511856,-0.505258,-0.486173,0.001637,0.000411,0.109414,-0.99967,-0.003222,-0.006323,0.024701
1,0.15,9,-0.199429,-0.52052,0.095155,0.481264,0.482817,0.52632,0.508193,0.001581,0.000172,0.109098,0.999815,-0.002686,-0.001001,0.019007
1,0.15,9,-0.199606,-0.520598,0.094791,0.52424,0.496604,0.484489,0.493789,0.001503,0.00053,0.109289,-0.998857,0.003721,0.029624,0.037322
1,0.15,9,-0.199447,-0.520473,0.095118,0.487025,0.480077,0.515287,0.516538,0.001627,0.000209,0.109117,0.999754,0.002948,-0.014866,0.016166
1,0.15,9,-0.19949,-0.520462,0.095222,0.47158,0.478318,0.530386,0.517219,0.001641,0.000104,0.109156,0.999465,0.00253,-0.000727,0.032595
1,0.15,9,-0.19992,-0.52046,0.094842,-0.510445,-0.508567,-0.501361,-0.479002,0.001648,0.00047,0.109598,-0.999344,0.007116,0.00096,0.035488
1,0.15,9,-0.199804,-0.520511,0.094968,0.506834,0.489398,0.503287,0.50031,0.001596,0.000347,0.109478,-0.999745,0.004667,0.018275,0.012417
1,0.15,9,-0.199674,-0.520396,0.095018,0.480807,0.499326,0.523332,0.495603,0.001709,0.000302,0.109345,0.99992,0.000609,0.012252,0.00308
1,0.15,9,-0.199457,-0.520532,0.095004,0.499591,0.487909,0.50652,0.505757,0.001567,0.000322,0.109131,-0.999858,0.000619,0.016393,0.003765
1,0.15,9,-0.199698,-0.520488,0.095004,0.501716,0.493173,0.507718,0.497277,0.001617,0.000315,0.109371,-0.999879,0.004071,0.010079,0.011099
1,0.15,9,-0.200072,-0.520519,0.095066,0.498194,0.480018,0.510648,0.510514,0.001595,0.000241,0.109744,0.999781,-0.003394,-0.01995,0.005374
1,0.15,9,-0.199758,-0.520337,0.094929,-0.492731,-0.508008,-0.515467,-0.483155,0.001769,0.000389,0.109431,-0.999762,0.003536,-0.012748,0.017338
1,0.15,9,-0.199814,-0.520443,0.095085,0.483181,0.491627,0.525032,0.49918,0.001666,0.000231,0.109483,0.999939,-0.003334,0.006241,0.008458
1,0.15,9,-0.199522,-0.520469,0.094933,-0.492807,-0.508898,-0.507734,-0.490275,0.001631,0.000392,0.109198,-0.999808,-0.004402,-0.00585,0.018178
1,0.15,9,-0.199561,-0.520404,0.094917,0.4942,0.503259,0.506576,0.49586,0.001697,0.000407,0.109236,-0.999894,-0.004417,0.001015,0.013806
1,0.15,9,-0.199939,-0.52049,0.094943,0.502338,0.491089,0.50936,0.497032,0.00162,0.000368,0.109614,-0.999878,0.006345,0.010519,0.009642
1,0.15,9,-0.199818,-0.520463,0.094973,0.496695,0.497562,0.511983,0.493558,0.001644,0.000342,0.109491,-0.999937,0.003493,0.001368,0.010564
1,0.15,9,-0.199818,-0.520463,0.094973,0.496695,0.497562,0.511983,0.493558,0.001644,0.000342,0.109491,-0.999937,0.003493,0.001368,0.010564
1,0.15,9,-0.199744,-0.520449,0.095203,0.473395,0.479863,0.534201,0.510155,0.001659,0.000114,0.10941,0.999555,-0.003165,0.004468,0.029323
1,0.15,9,-0.199758,-0.520337,0.094929,-0.492731,-0.508008,-0.515467,-0.483155,0.001769,0.000389,0.109431,-0.999762,0.003536,-0.012748,0.017338
1,0.15,9,-0.199617,-0.520571,0.095048,0.508703,0.470932,0.500697,0.518408,0.001533,0.000273,0.109291,0.999236,-0.003986,-0.038687,0.003749
1,0.15,9,-0.199663,-0.520396,0.09516,0.477181,0.492963,0.53011,0.498266,0.00171,0.000161,0.109329,0.99983,-0.002723,0.012941,0.012831
1,0.15,9,-0.199771,-0.520402,0.094935,0.493537,0.504925,0.515893,0.485104,0.001704,0.000383,0.109445,-0.999827,0.004649,-0.010035,0.014986
1,0.15,9,-0.199902,-0.520362,0.094953,0.487027,0.503347,0.521653,0.48716,0.001747,0.00036,0.109573,-0.999863,0.004019,-0.014406,0.007063
1,0.15,9,-0.199831,-0.52046,0.094973,0.4911,0.493156,0.507513,0.507985,0.001648,0.000342,0.109504,-0.999927,-0.0068,0.010004,0.000648
1,0.15,9,-0.200181,-0.520503,0.094935,0.504817,0.488316,0.508081,0.498559,0.001612,0.000368,0.109856,-0.999822,0.007499,0.014564,0.009336
1,0.15,9,-0.199585,-0.520504,0.095093,0.491786,0.482553,0.512409,0.512568,0.0016,0.000229,0.109255,0.999837,0.001194,-0.01553,0.009144
1,0.15,9,-0.199813,-0.520569,0.095025,0.496671,0.478925,0.513228,0.510437,0.001539,0.000289,0.109487,0.999789,-0.004505,-0.01841,0.007938
1,0.15,9,-0.19995,-0.520429,0.094999,0.485462,0.498006,0.513445,0.502684,0.001681,0.000312,0.109622,0.99998,0.006259,0.000853,8e-06
1,0.15,9,-0.199517,-0.520606,0.095038,0.501692,0.472462,0.505961,0.518737,0.001496,0.000285,0.109192,0.999446,-0.002232,-0.031892,0.009228
1,0.15,9,-0.199604,-0.520393,0.09513,0.472258,0.498718,0.534575,0.492425,0.001712,0.000193,0.109271,0.999654,-0.002721,0.023431,0.011673
1,0.15,9,-0.199768,-0.520591,0.094971,0.511927,0.483166,0.501598,0.502873,0.001516,0.000344,0.109444,-0.999562,0.008067,0.026112,0.011328
1,0.15,9,-0.19994,-0.520405,0.094899,-0.509353,-0.509423,-0.500226,-0.480439,0.001704,0.000413,0.109615,-0.999366,0.004847,0.001234,0.035243
1,0.15,9,-0.199524,-0.520241,0.095059,0.471038,0.496674,0.529811,0.500737,0.001861,0.000268,0.10919,0.999743,0.003555,0.016598,0.015047
1,0.15,9,-0.199758,-0.520455,0.094903,-0.508132,-0.501533,-0.500651,-0.489505,0.001651,0.000414,0.109434,-0.999619,0.003635,0.008824,0.025916
1,0.15,9,-0.199292,-0.520454,0.094793,-0.518352,-0.515637,-0.485305,-0.479488,0.00164,0.000539,0.108971,-0.998663,-0.000709,0.009599,0.050793
1,0.15,9,-0.19975,-0.520355,0.094908,-0.496257,-0.511774,-0.505355,-0.486243,0.00175,0.00041,0.109423,-0.999674,-0.00321,-0.006338,0.024536
1,0.15,9,-0.19962,-0.520643,0.09489,0.523872,0.481407,0.48385,0.509603,0.00146,0.000429,0.1093,-0.998737,0.002489,0.045164,0.021878
1,0.15,9,-0.199819,-0.520401,0.094971,0.495732,0.499581,0.511775,0.492701,0.001706,0.000345,0.109491,-0.999929,0.002369,-0.000459,0.011646
1,0.15,9,-0.199661,-0.520515,0.094931,0.508471,0.492758,0.498817,0.499828,0.001588,0.000388,0.109338,-0.999659,0.001848,0.019388,0.017415
1,0.15,9,-0.199825,-0.520513,0.095085,0.49277,0.481742,0.510328,0.514459,0.001596,0.000229,0.109496,0.999788,0.002328,-0.018396,0.008966
1,0.15,9,-0.199687,-0.520524,0.095063,0.49554,0.47823,0.509275,0.516116,0.001581,0.000256,0.109359,0.99969,0.000622,-0.022917,0.009684
1,0.15,9,-0.199654,-0.520524,0.095002,0.509054,0.476772,0.501598,0.511812,0.00158,0.000318,0.109328,-0.999464,0.005159,0.032246,0.00222
1,0.15,9,-0.199645,-0.520554,0.094957,0.51142,0.490312,0.497028,0.501006,0.001549,0.000362,0.109321,-0.999556,0.003001,0.02359,0.017936
1,0.15,9,-0.199433,-0.520242,0.09488,-0.484657,-0.517331,-0.518414,-0.47825,0.001856,0.00045,0.109105,-0.999494,-0.001011,-0.025442,0.019056
1,0.15,9,-0.199404,-0.520406,0.094829,-0.501512,-0.518399,-0.499845,-0.479482,0.001691,0.0005,0.109081,-0.999296,-0.003116,-0.007586,0.036613
1,0.15,10,-0.200205,-0.516259,0.098366,0.487008,0.479866,0.514971,0.517065,0.002558,-0.002939,0.110681,0.999537,0.004492,-0.008561,0.028841
1,0.15,10,-0.200364,-0.51614,0.098383,0.467582,0.484168,0.530897,0.514875,0.002679,-0.002954,0.110839,0.998966,0.007274,0.012473,0.043117
1,0.15,10,-0.200375,-0.516324,0.098252,0.511335,0.487163,0.494583,0.506554,0.002493,-0.002826,0.110853,-0.99975,-0.000839,0.022244,0.002314
1,0.15,10,-0.200385,-0.516397,0.098068,0.529515,0.51249,0.471913,0.48401,0.002418,-0.002643,0.110865,-0.998718,-0.004271,0.019021,0.046709
1,0.15,10,-0.200371,-0.51613,0.098196,-0.491256,-0.517073,-0.512012,-0.478693,0.002686,-0.002767,0.110848,-0.999593,-0.002964,-0.025334,0.012781
1,0.15,10,-0.200215,-0.516609,0.09813,0.542664,0.464145,0.464003,0.5242,0.002205,-0.002707,0.110696,-0.997206,0.002087,0.073603,0.012563
1,0.15,10,-0.200736,-0.516226,0.098131,-0.515838,-0.507608,-0.495485,-0.480354,0.002592,-0.002707,0.111214,-0.999608,0.004928,0.000916,0.02756
1,0.15,10,-0.200502,-0.516288,0.098227,0.508669,0.489692,0.503762,0.497676,0.00253,-0.002802,0.110979,-0.999925,0.005634,0.010642,0.002149
1,0.15,10,-0.200363,-0.516293,0.098,0.53503,0.510456,0.469613,0.482329,0.002521,-0.002574,0.110842,-0.998461,-0.000804,0.023143,0.050396
1,0.15,10,-0.200506,-0.516286,0.098183,0.510485,0.493231,0.490365,0.505638,0.002531,-0.002758,0.110984,-0.999745,-0.00592,0.020453,0.007523
1,0.15,10,-0.20039,-0.516227,0.098314,0.487763,0.488884,0.516369,0.506401,0.002591,-0.002888,0.110867,0.99981,0.002517,0.001527,0.019258
1,0.15,10,-0.200892,-0.516307,0.098216,0.506025,0.498915,0.495599,0.499404,0.002514,-0.002794,0.111369,-0.999902,-0.005214,0.009658,0.008707
1,0.15,10,-0.200583,-0.516086,0.098251,-0.488088,-0.512624,-0.520777,-0.477261,0.002733,-0.002824,0.111059,-0.999537,0.002761,-0.029822,0.005313
1,0.15,10,-0.200369,-0.516282,0.09803,0.528642,0.516956,0.477417,0.474728,0.002532,-0.002604,0.110848,-0.998686,0.000505,0.009002,0.050443
1,0.15,10,-0.20038,-0.516419,0.098075,0.532956,0.506441,0.469488,0.488934,0.002396,-0.002651,0.11086,-0.998646,-0.003244,0.027426,0.044093
1,0.15,10,-0.200606,-0.516211,0.098223,-0.496844,-0.503632,-0.506028,-0.493393,0.002608,-0.002797,0.111083,-0.999968,-0.003904,-0.005537,0.004365
1,0.15,10,-0.200839,-0.516214,0.098254,0.497246,0.494021,0.513524,0.494958,0.002607,-0.00283,0.111316,0.999974,-0.004022,0.003529,0.004816
1,0.15,10,-0.200564,-0.516157,0.098266,0.491338,0.493778,0.514734,0.499819,0.002662,-0.00284,0.111041,0.99993,0.000657,0.004595,0.010902
1,0.15,10,-0.200492,-0.516166,0.098136,-0.511876,-0.508497,-0.497224,-0.481852,0.00265,-0.002709,0.110969,-0.999697,0.002619,-0.00166,0.024432
1,0.15,10,-0.20075,-0.516213,0.09824,0.504885,0.490612,0.50759,0.496732,0.002607,-0.002816,0.111226,0.999966,-0.005674,-0.005884,0.000693
1,0.15,10,-0.2005,-0.516103,0.098224,-0.489963,-0.509573,-0.518439,-0.481137,0.002715,-0.002797,0.110976,-0.999696,0.00209,-0.024264,0.003921
1,0.15,10,-0.200474,-0.516435,0.097992,0.538504,0.490785,0.468678,0.499485,0.00238,-0.002569,0.110954,-0.998465,0.001576,0.043658,0.034036
1,0.15,10,-0.200335,-0.516109,0.09815,-0.503131,-0.511107,-0.505434,-0.479756,0.002706,-0.002722,0.110811,-0.99975,0.00211,-0.012534,0.018385
1,0.15,10,-0.200482,-0.516226,0.098079,-0.508916,-0.511333,-0.493322,-0.485981,0.002589,-0.002652,0.11096,-0.999696,-0.0043,-0.00057,0.024278
1,0.15,10,-0.200512,-0.516342,0.098182,0.511415,0.502438,0.491927,0.493983,0.002475,-0.002758,0.11099,-0.99979,-0.003368,0.009785,0.017702
1,0.15,10,-0.201004,-0.516277,0.098306,0.505356,0.488644,0.505925,0.499882,0.002546,-0.002884,0.111481,0.999943,-0.004466,-0.009496,0.002204
1,0.15,10,-0.20048,-0.516219,0.098187,-0.497293,-0.504897,-0.502724,-0.495023,0.002598,-0.002761,0.110957,-0.999953,-0.00678,-0.003477,0.006057
1,0.15,10,-0.200288,-0.516213,0.098309,0.490899,0.487164,0.513825,0.507615,0.002604,-0.002881,0.110764,0.999834,0.001978,-0.002791,0.017917
1,0.15,10,-0.200595,-0.516304,0.098221,0.501556,0.489278,0.497504,0.511408,0.002515,-0.002797,0.111073,0.999808,0.007766,-0.017185,0.005342
1,0.15,10,-0.200514,-0.516149,0.098065,-0.503512,-0.522021,-0.499148,-0.474153,0.002667,-0.002638,0.110991,-0.999392,-0.003429,-0.017402,0.030032
1,0.15,10,-0.200325,-0.516215,0.098388,0.482024,0.488225,0.521907,0.506855,0.002603,-0.00296,0.110801,0.999652,0.00252,0.006653,0.025419
1,0.15,10,-0.200637,-0.516473,0.098227,0.526117,0.481832,0.474857,0.515315,0.002346,-0.002805,0.111116,-0.998824,-0.00507,0.046594,0.01237
1,0.15,10,-0.200464,-0.516337,0.098242,0.510235,0.482206,0.493727,0.513197,0.002481,-0.002817,0.110942,0.999601,0.002705,-0.027874,0.00364
1,0.15,10,-0.200303,-0.516256,0.098293,0.491286,0.492236,0.513609,0.502541,0.002561,-0.002866,0.11078,0.999918,0.001852,0.001942,0.01251
1,0.15,10,-0.200397,-0.516109,0.098234,-0.493447,-0.512029,-0.514446,-0.47925,0.002708,-0.002806,0.110873,-0.999694,0.001569,-0.022658,0.009822
1,0.15,10,-0.200726,-0.516394,0.098279,0.507049,0.483765,0.501726,0.507093,0.002427,-0.002857,0.111204,0.999813,-0.002001,-0.018456,0.005355
1,0.15,10,-0.200751,-0.516224,0.098187,-0.50057,-0.503498,-0.500581,-0.495316,0.002595,-0.002763,0.111228,-0.999953,-0.005666,9.6e-05,0.007892
1,0.15,10,-0.200294,-0.516122,0.098381,0.470145,0.511967,0.540051,0.474551,0.002696,-0.002952,0.110769,0.998684,-0.005119,0.049572,0.012148
1,0.15,10,-0.200506,-0.516286,0.098183,0.510485,0.493231,0.490365,0.505638,0.002531,-0.002758,0.110984,-0.999745,-0.00592,0.020453,0.007523
1,0.15,10,-0.200078,-0.516063,0.098234,-0.49265,-0.52057,-0.513911,-0.47138,0.002752,-0.002802,0.110553,-0.99936,0.000635,-0.030944,0.017956
1,0.15,10,-0.200615,-0.516443,0.098297,0.516676,0.476852,0.480794,0.523924,0.002377,-0.002875,0.111093,0.99892,0.008694,-0.045587,0.002093
1,0.15,10,-0.200375,-0.516196,0.098154,-0.507956,-0.505275,-0.50064,-0.485836,0.002619,-0.002727,0.110853,-0.999849,0.001955,-0.001777,0.017165
1,0.15,10,-0.20069,-0.516404,0.098307,0.514479,0.475714,0.496171,0.512661,0.002417,-0.002885,0.111168,0.99947,-0.00413,-0.031763,0.005773
1,0.15,10,-0.200727,-0.516203,0.098247,-0.501338,-0.501916,-0.510119,-0.486333,0.002617,-0.002822,0.111204,-0.999931,0.004798,-0.007955,0.007219
2,0.2625,11,0.078402,-0.576577,0.050177,-0.026194,0.690706,0.722374,-0.020369,0.021687,0.03589,0.257284,0.999096,0.003465,0.034076,0.025162
2,0.2625,11,0.078402,-0.576577,0.050177,-0.026194,0.690706,0.722374,-0.020369,0.021687,0.03589,0.257284,0.999096,0.003465,0.034076,0.025162
2,0.2625,11,0.078402,-0.576577,0.050177,-0.026194,0.690706,0.722374,-0.020369,0.021687,0.03589,0.257284,0.999096,0.003465,0.034076,0.025162
2,0.2625,11,0.078478,-0.576221,0.050212,-0.040072,0.697389,0.714887,-0.031307,0.021613,0.035854,0.256929,0.998536,0.005605,0.051623,0.015156
2,0.2625,11,0.078402,-0.576577,0.050177,-0.026194,0.690706,0.722374,-0.020369,0.021687,0.03589,0.257284,0.999096,0.003465,0.034076,0.025162
2,0.2625,11,0.078402,-0.576577,0.050177,-0.026194,0.690706,0.722374,-0.020369,0.021687,0.03589,0.257284,0.999096,0.003465,0.034076,0.025162
2,0.2625,11,0.07837,-0.576375,0.050109,0.009713,-0.707375,-0.706546,0.017866,0.02172,0.035956,0.257083,0.999763,-0.006428,0.020696,0.002164
2,0.2625,11,0.07837,-0.576375,0.050109,0.009713,-0.707375,-0.706546,0.017866,0.02172,0.035956,0.257083,0.999763,-0.006428,0.020696,0.002164
2,0.2625,11,0.078402,-0.576577,0.050177,-0.026194,0.690706,0.722374,-0.020369,0.021687,0.03589,0.257284,0.999096,0.003465,0.034076,0.025162
2,0.2625,11,0.078402,-0.576577,0.050177,-0.026194,0.690706,0.722374,-0.020369,0.021687,0.03589,0.257284,0.999096,0.003465,0.034076,0.025162
2,0.2625,11,0.078402,-0.576577,0.050177,-0.026194,0.690706,0.722374,-0.020369,0.021687,0.03589,0.257284,0.999096,0.003465,0.034076,0.025162
2,0.2625,11,0.078312,-0.577774,0.049955,-0.019165,0.687257,0.72606,-0.012177,0.021775,0.036118,0.258481,0.999263,0.004252,0.023307,0.030201
2,0.2625,11,0.078478,-0.576221,0.050212,-0.040072,0.697389,0.714887,-0.031307,0.021613,0.035854,0.256929,0.998536,0.005605,0.051623,0.015156
2,0.2625,11,0.078456,-0.578178,0.050085,0.052503,0.610533,0.788941,0.045446,0.02163,0.035991,0.258885,0.989305,-0.006039,-0.06817,0.128812
2,0.2625,11,0.078312,-0.577774,0.049955,-0.019165,0.687257,0.72606,-0.012177,0.021775,0.036118,0.258481,0.999263,0.004252,0.023307,0.030201
2,0.2625,11,0.078389,-0.575981,0.050297,0.018818,-0.706322,-0.707172,0.025756,0.021702,0.035767,0.256689,0.999444,-0.005538,0.03271,0.003359
2,0.2625,11,0.078502,-0.576492,0.050182,-0.009356,0.694249,0.719633,-0.007684,0.021588,0.035884,0.257199,0.999698,0.000477,0.013212,0.020702
2,0.2625,11,0.078402,-0.576577,0.050177,-0.026194,0.690706,0.722374,-0.020369,0.021687,0.03589,0.257284,0.999096,0.003465,0.034076,0.025162
2,0.2625,11,0.07837,-0.576375,0.050109,0.009713,-0.707375,-0.706546,0.017866,0.02172,0.035956,0.257083,0.999763,-0.006428,0.020696,0.002164
2,0.2625,11,0.078402,-0.576577,0.050177,-0.026194,0.690706,0.722374,-0.020369,0.021687,0.03589,0.257284,0.999096,0.003465,0.034076,0.025162
2,0.2625,11,0.078396,-0.575945,0.050258,0.018636,-0.693397,-0.719955,0.022765,0.021695,0.035806,0.256653,0.999298,-0.003579,0.030448,0.021539
2,0.2625,11,0.078402,-0.576577,0.050177,-0.026194,0.690706,0.722374,-0.020369,0.021687,0.03589,0.257284,0.999096,0.003465,0.034076,0.025162
2,0.2625,11,0.078389,-0.575981,0.050297,0.018818,-0.706322,-0.707172,0.025756,0.021702,0.035767,0.256689,0.999444,-0.005538,0.03271,0.003359
2,0.2625,11,0.078402,-0.576577,0.050177,-0.026194,0.690706,0.722374,-0.020369,0.021687,0.03589,0.257284,0.999096,0.003465,0.034076,0.025162
2,0.2625,11,0.078402,-0.576577,0.050177,-0.026194,0.690706,0.722374,-0.020369,0.021687,0.03589,0.257284,0.999096,0.003465,0.034076,0.025162
2,0.2625,11,0.078381,-0.577497,0.049978,-0.03317,0.695021,0.717846,-0.023289,0.021707,0.036094,0.258203,0.998957,0.00636,0.041069,0.018917
2,0.2625,11,0.078402,-0.576577,0.050177,-0.026194,0.690706,0.722374,-0.020369,0.021687,0.03589,0.257284,0.999096,0.003465,0.034076,0.025162
2,0.2625,11,0.078402,-0.576577,0.050177,-0.026194,0.690706,0.722374,-0.020369,0.021687,0.03589,0.257284,0.999096,0.003465,0.034076,0.025162
2,0.2625,11,0.07837,-0.576375,0.050109,0.009713,-0.707375,-0.706546,0.017866,0.02172,0.035956,0.257083,0.999763,-0.006428,0.020696,0.002164
2,0.2625,11,0.078312,-0.577774,0.049955,-0.019165,0.687257,0.72606,-0.012177,0.021775,0.036118,0.258481,0.999263,0.004252,0.023307,0.030201
2,0.2625,11,0.07837,-0.576375,0.050109,0.009713,-0.707375,-0.706546,0.017866,0.02172,0.035956,0.257083,0.999763,-0.006428,0.020696,0.002164
2,0.2625,11,0.078502,-0.576492,0.050182,-0.009356,0.694249,0.719633,-0.007684,0.021588,0.035884,0.257199,0.999698,0.000477,0.013212,0.020702
2,0.2625,11,0.078402,-0.576577,0.050177,-0.026194,0.690706,0.722374,-0.020369,0.021687,0.03589,0.257284,0.999096,0.003465,0.034076,0.025162
2,0.2625,11,0.078502,-0.576492,0.050182,-0.009356,0.694249,0.719633,-0.007684,0.021588,0.035884,0.257199,0.999698,0.000477,0.013212,0.020702
2,0.2625,11,0.078396,-0.575945,0.050258,0.018636,-0.693397,-0.719955,0.022765,0.021695,0.035806,0.256653,0.999298,-0.003579,0.030448,0.021539
2,0.225,12,0.079614,-0.573647,0.048835,-0.000273,0.678247,0.734824,0.003773,-0.001032,0.001591,0.184733,0.999367,0.002708,-0.029337,0.01995
2,0.225,12,0.079394,-0.573455,0.048518,-0.025248,0.734477,0.677662,-0.026093,-0.000821,0.001915,0.184542,-0.998145,0.003677,-0.009471,0.060029
2,0.225,12,0.079217,-0.573601,0.048714,-0.064809,0.687395,0.72081,-0.060999,-0.000637,0.001713,0.184671,0.998059,0.00028,0.062157,0.003772
2,0.225,12,0.079536,-0.573864,0.04876,-0.020239,0.684919,0.728236,-0.012192,-0.000942,0.001657,0.184948,0.999926,0.004776,-0.003877,0.010535
2,0.225,12,0.079591,-0.57453,0.048618,0.005898,-0.69106,-0.722634,0.014212,-0.00096,0.001773,0.185622,0.999891,-0.006836,-0.012815,0.002529
2,0.225,12,0.079398,-0.574108,0.048691,-0.043927,0.68797,0.723521,-0.035849,-0.00079,0.001716,0.185188,0.99954,0.003984,0.029622,0.005112
2,0.225,12,0.079389,-0.573275,0.048877,-0.025777,0.645996,0.762655,-0.019553,-0.000827,0.001564,0.184349,0.998022,0.004705,0.005232,0.062477
2,0.225,12,0.079385,-0.572978,0.048928,0.039465,-0.628236,-0.77624,0.034851,-0.00084,0.001524,0.184049,0.996063,0.003757,0.025746,0.084744
2,0.225,12,0.079441,-0.573186,0.04856,-0.020434,0.742187,0.669628,-0.018418,-0.000883,0.001884,0.184275,-0.997459,0.001778,-0.000706,0.071216
2,0.225,12,0.07941,-0.573041,0.048953,0.02992,-0.638398,-0.768666,0.026568,-0.000861,0.001497,0.184113,0.997302,0.002778,0.013095,0.072181
2,0.225,12,0.079387,-0.57429,0.048651,-0.053265,0.680086,0.729882,-0.043795,-0.00077,0.001749,0.185369,0.998995,0.004996,0.041872,0.01519
2,0.225,12,0.079398,-0.574108,0.048691,-0.043927,0.68797,0.723521,-0.035849,-0.00079,0.001716,0.185188,0.99954,0.003984,0.029622,0.005112
2,0.225,12,0.079502,-0.574075,0.048597,0.013079,-0.709256,-0.704583,0.018664,-0.000896,0.001812,0.185164,-0.999706,0.005761,0.004525,0.023131
2,0.225,12,0.079503,-0.574013,0.048799,-0.017548,0.664746,0.746804,-0.009392,-0.000901,0.001612,0.185094,0.999234,0.005669,-0.00776,0.037929
2,0.225,12,0.079415,-0.574132,0.048656,-0.058788,0.701263,0.70886,-0.047872,-0.000806,0.00175,0.185213,-0.998692,-0.00508,-0.048711,0.014653
2,0.225,12,0.079394,-0.573455,0.048518,-0.025248,0.734477,0.677662,-0.026093,-0.000821,0.001915,0.184542,-0.998145,0.003677,-0.009471,0.060029
2,0.225,12,0.07941,-0.573041,0.048953,0.02992,-0.638398,-0.768666,0.026568,-0.000861,0.001497,0.184113,0.997302,0.002778,0.013095,0.072181
2,0.225,12,0.079394,-0.573455,0.048518,-0.025248,0.734477,0.677662,-0.026093,-0.000821,0.001915,0.184542,-0.998145,0.003677,-0.009471,0.060029
2,0.225,12,0.079502,-0.574075,0.048597,0.013079,-0.709256,-0.704583,0.018664,-0.000896,0.001812,0.185164,-0.999706,0.005761,0.004525,0.023131
2,0.225,12,0.079614,-0.573647,0.048835,-0.000273,0.678247,0.734824,0.003773,-0.001032,0.001591,0.184733,0.999367,0.002708,-0.029337,0.01995
2,0.225,12,0.079471,-0.574176,0.048763,-0.035646,0.655227,0.754151,-0.025763,-0.00086,0.001641,0.185256,0.998594,0.006726,0.016649,0.049878
2,0.225,12,0.079398,-0.574108,0.048691,-0.043927,0.68797,0.723521,-0.035849,-0.00079,0.001716,0.185188,0.99954,0.003984,0.029622,0.005112
2,0.225,12,0.079595,-0.574487,0.048739,-0.011783,0.68124,0.731963,-0.001658,-0.000967,0.001653,0.185574,0.999705,0.006654,-0.017276,0.015712
2,0.225,12,0.079394,-0.573455,0.048518,-0.025248,0.734477,0.677662,-0.026093,-0.000821,0.001915,0.184542,-0.998145,0.003677,-0.009471,0.060029
2,0.225,12,0.079394,-0.573455,0.048518,-0.025248,0.734477,0.677662,-0.026093,-0.000821,0.001915,0.184542,-0.998145,0.003677,-0.009471,0.060029
2,0.225,12,0.079536,-0.573864,0.04876,-0.020239,0.684919,0.728236,-0.012192,-0.000942,0.001657,0.184948,0.999926,0.004776,-0.003877,0.010535
2,0.225,12,0.079457,-0.573809,0.048676,-0.031602,0.701242,0.711793,-0.024738,-0.000865,0.001743,0.184893,-0.999832,-0.00298,-0.013034,0.012575
2,0.225,12,0.079503,-0.574274,0.048584,-0.045905,0.709228,0.702603,-0.035173,-0.000886,0.001816,0.185363,-0.999212,-0.005039,-0.03061,0.024747
2,0.225,12,0.079536,-0.573864,0.04876,-0.020239,0.684919,0.728236,-0.012192,-0.000942,0.001657,0.184948,0.999926,0.004776,-0.003877,0.010535
2,0.225,12,0.079457,-0.573809,0.048676,-0.031602,0.701242,0.711793,-0.024738,-0.000865,0.001743,0.184893,-0.999832,-0.00298,-0.013034,0.012575
2,0.225,12,0.079536,-0.573864,0.04876,-0.020239,0.684919,0.728236,-0.012192,-0.000942,0.001657,0.184948,0.999926,0.004776,-0.003877,0.010535
2,0.225,12,0.079502,-0.574075,0.048597,0.013079,-0.709256,-0.704583,0.018664,-0.000896,0.001812,0.185164,-0.999706,0.005761,0.004525,0.023131
2,0.225,12,0.079503,-0.574013,0.048799,-0.017548,0.664746,0.746804,-0.009392,-0.000901,0.001612,0.185094,0.999234,0.005669,-0.00776,0.037929
2,0.225,12,0.079385,-0.572978,0.048928,0.039465,-0.628236,-0.77624,0.034851,-0.00084,0.001524,0.184049,0.996063,0.003757,0.025746,0.084744
2,0.1875,13,0.078832,-0.572962,0.054183,0.015029,-0.628892,-0.777191,0.015629,0.000592,-0.004614,0.149972,0.997212,-0.00038,-0.012396,0.073589
2,0.1875,13,0.078918,-0.574056,0.053833,-0.00426,-0.713593,-0.700543,-0.002528,0.000583,-0.004334,0.15109,-0.998415,0.004236,0.038739,0.040607
2,0.1875,13,0.078896,-0.573815,0.054051,-0.014268,0.681013,0.732052,-0.010817,0.000587,-0.004537,0.150834,0.999858,0.000257,-0.016214,0.004626
2,0.1875,13,0.078943,-0.573882,0.053927,-0.002833,0.710001,0.704156,0.007465,0.000545,-0.004417,0.150912,-0.998665,-0.004387,0.036964,0.035802
2,0.1875,13,0.078694,-0.573918,0.054065,0.05562,-0.673132,-0.735162,0.057758,0.000796,-0.004557,0.150922,0.998839,-0.005379,0.04612,0.012808
2,0.1875,13,0.078615,-0.574135,0.05385,0.048362,-0.704873,-0.705996,0.04884,0.000891,-0.004357,0.151146,-0.99892,0.005313,-0.034792,0.030343
2,0.1875,13,0.078724,-0.573757,0.054117,0.031449,-0.657384,-0.752389,0.027717,0.000755,-0.004599,0.15076,0.999327,0.000761,0.007856,0.035817
2,0.1875,13,0.07891,-0.574577,0.053854,-0.030896,0.699999,0.713247,-0.018059,0.000627,-0.004388,0.151606,-0.999737,-0.005449,-0.000927,0.022249
2,0.1875,13,0.07883,-0.574236,0.05406,-0.020722,0.672907,0.73932,-0.013159,0.000682,-0.004572,0.151248,0.999826,0.003337,-0.009921,0.015423
2,0.1875,13,0.07885,-0.574336,0.053891,0.023015,-0.689817,-0.723009,0.029672,0.00067,-0.00441,0.151359,-0.999934,0.007924,-0.0031,0.007677
2,0.1875,13,0.078614,-0.57359,0.053974,0.063647,-0.680507,-0.727167,0.063937,0.000854,-0.004446,0.150595,0.998404,-0.004756,0.056241,0.001949
2,0.1875,13,0.078799,-0.574097,0.05386,0.022687,-0.703329,-0.709973,0.02743,0.000705,-0.004364,0.15112,-0.999623,0.007152,-0.001369,0.02649
2,0.1875,13,0.078746,-0.574205,0.054025,0.058304,-0.683942,-0.724836,0.058626,0.000763,-0.004535,0.151214,-0.9988,0.004683,-0.0487,0.002168
2,0.1875,13,0.07885,-0.574336,0.053891,0.023015,-0.689817,-0.723009,0.029672,0.00067,-0.00441,0.151359,-0.999934,0.007924,-0.0031,0.007677
2,0.1875,13,0.078799,-0.574097,0.05386,0.022687,-0.703329,-0.709973,0.02743,0.000705,-0.004364,0.15112,-0.999623,0.007152,-0.001369,0.02649
2,0.1875,13,0.07897,-0.574009,0.053861,0.00327,-0.691225,-0.722596,0.007219,0.000528,-0.004358,0.151044,-0.99959,0.005119,0.026667,0.009135
2,0.1875,13,0.078767,-0.573922,0.053818,-0.032264,0.732313,0.67947,-0.031589,0.000725,-0.004311,0.150947,-0.997568,0.005055,-0.011348,0.068578
2,0.1875,13,0.078788,-0.574303,0.053817,0.031692,-0.702079,-0.710526,0.035109,0.00073,-0.004333,0.151327,-0.999574,0.006542,-0.013196,0.0252
2,0.1875,13,0.078905,-0.574562,0.05391,0.009404,-0.694438,-0.719331,0.015169,0.00063,-0.004443,0.151587,-0.999743,0.00687,0.016745,0.013638
2,0.1875,13,0.078983,-0.573694,0.053805,-0.020056,-0.71412,-0.699448,-0.020066,0.000495,-0.004283,0.150735,-0.997181,0.002303,0.062229,0.041849
2,0.1875,13,0.078884,-0.573986,0.05381,0.005834,-0.708952,-0.70518,0.008603,0.000613,-0.004307,0.151019,-0.999126,0.005217,0.023788,0.033985
2,0.1875,13,0.079018,-0.574264,0.053874,0.001166,0.710769,0.703333,0.011398,0.000498,-0.004388,0.151301,-0.998401,-0.004479,0.042564,0.036939
2,0.1875,13,0.079002,-0.573443,0.053909,0.031379,0.707446,0.705306,0.032845,0.000458,-0.004371,0.15048,-0.996308,0.000436,0.079227,0.033062
2,0.1875,13,0.078774,-0.574039,0.053715,-0.019017,0.726893,0.68622,-0.019136,0.000726,-0.004216,0.15107,-0.998161,0.004756,0.006879,0.060043
2,0.1875,13,0.079046,-0.573771,0.053811,-0.027602,-0.711044,-0.702121,-0.026083,0.000437,-0.004293,0.150816,-0.996696,0.002942,0.071845,0.03777
2,0.1875,13,0.07883,-0.574236,0.05406,-0.020722,0.672907,0.73932,-0.013159,0.000682,-0.004572,0.151248,0.999826,0.003337,-0.009921,0.015423
2,0.1875,13,0.078707,-0.574053,0.053755,0.027791,-0.726083,-0.686397,0.02985,0.000794,-0.004256,0.151077,-0.998198,0.006534,-0.006856,0.059246
2,0.1875,13,0.078983,-0.57434,0.053965,-0.010253,-0.691716,-0.722095,-0.001493,0.000537,-0.004483,0.151368,-0.999017,0.008047,0.042477,0.009765
2,0.1875,13,0.078667,-0.573312,0.053898,-0.068636,0.69661,0.711239,-0.064519,0.000783,-0.004353,0.150327,-0.997959,0.002537,-0.060334,0.020775
2,0.1875,13,0.078582,-0.573545,0.054019,0.0719,-0.678167,-0.727495,0.075309,0.000882,-0.004489,0.150546,0.997507,-0.007328,0.070077,0.003993
2,0.1875,13,0.078818,-0.573936,0.053818,-0.015966,0.732721,0.680205,-0.013678,0.000675,-0.004311,0.150964,-0.997565,0.00315,0.012808,0.068479
2,0.1875,13,0.078754,-0.573644,0.054174,0.03164,-0.652175,-0.756883,0.028197,0.000716,-0.004649,0.150646,0.999053,0.000775,0.008321,0.042694
2,0.1875,13,0.078862,-0.574116,0.054023,-0.020537,0.687276,0.725986,-0.013223,0.000641,-0.004527,0.151133,-0.999938,-0.002496,0.00998,0.004162
2,0.1875,13,0.078907,-0.574561,0.054006,-0.015847,0.688375,0.725154,-0.00642,0.000627,-0.004539,0.151581,-0.999812,-0.004197,0.018054,0.005606
2,0.1875,13,0.078952,-0.574196,0.053944,-0.002739,-0.687137,-0.726488,0.00713,0.000559,-0.004453,0.151224,-0.99947,0.008973,0.031117,0.003365
2,0.1875,13,0.078983,-0.573694,0.053805,-0.020056,-0.71412,-0.699448,-0.020066,0.000495,-0.004283,0.150735,-0.997181,0.002303,0.062229,0.041849
2,0.1875,13,0.078941,-0.57343,0.053907,0.023109,0.708632,0.70472,0.026004,0.000518,-0.004368,0.150463,-0.997058,-0.000193,0.068532,0.034331
2,0.1875,13,0.078999,-0.574051,0.053915,-0.001614,0.71263,0.701468,0.009932,0.000502,-0.004415,0.151085,-0.99842,-0.005222,0.039528,0.039593
2,0.1875,13,0.078862,-0.574365,0.053968,-0.026859,0.689886,0.723194,-0.018077,0.000659,-0.004489,0.151385,-0.999961,-0.003156,0.002039,0.007987
2,0.1875,13,0.078707,-0.57416,0.054092,0.055721,-0.67465,-0.733673,0.058877,0.000799,-0.004599,0.151162,0.99882,-0.006197,0.046964,0.01071
2,0.1875,13,0.078828,-0.57454,0.053905,0.022025,-0.709871,-0.703491,0.026422,0.000705,-0.004436,0.15156,-0.999337,0.007184,-0.000221,0.035702
2,0.1875,13,0.078831,-0.574234,0.053828,0.029053,-0.712834,-0.700005,0.031904,0.000682,-0.00434,0.151261,-0.999126,0.006523,-0.009118,0.040258
2,0.1875,13,0.078738,-0.573864,0.054171,-0.028777,0.650958,0.758176,-0.024403,0.000747,-0.004659,0.150864,0.999005,0.00164,0.003633,0.04443
2,0.1875,13,0.078773,-0.574368,0.053969,0.025155,-0.68957,-0.723264,0.027386,0.000748,-0.004489,0.151381,-0.999956,0.004782,-0.003094,0.007429
2,0.1875,13,0.078582,-0.573545,0.054019,0.0719,-0.678167,-0.727495,0.075309,0.000882,-0.004489,0.150546,0.997507,-0.007328,0.070077,0.003993
2,0.1875,13,0.078924,-0.57418,0.053964,-0.002468,0.693869,0.720054,0.007929,0.000585,-0.004472,0.151205,-0.999192,-0.005244,0.037606,0.013176
2,0.1875,13,0.078924,-0.57418,0.053964,-0.002468,0.693869,0.720054,0.007929,0.000585,-0.004472,0.151205,-0.999192,-0.005244,0.037606,0.013176
2,0.1875,13,0.078924,-0.57418,0.053964,-0.002468,0.693869,0.720054,0.007929,0.000585,-0.004472,0.151205,-0.999192,-0.005244,0.037606,0.013176
2,0.1875,13,0.078848,-0.574285,0.053879,0.010386,-0.708177,-0.705816,0.014175,0.000669,-0.004395,0.15131,-0.9993,0.006128,0.01666,0.032941
2,0.1875,13,0.078754,-0.573644,0.054174,0.03164,-0.652175,-0.756883,0.028197,0.000716,-0.004649,0.150646,0.999053,0.000775,0.008321,0.042694
2,0.15,14,0.078057,-0.576799,0.061268,-0.021118,0.685108,0.727946,-0.016624,0.001167,-0.008423,0.115264,0.999893,0.003652,0.000199,0.014196
2,0.15,14,0.077981,-0.577035,0.061163,0.039851,-0.706612,-0.705171,0.042964,0.001256,-0.008326,0.115499,-0.99934,0.003066,-0.03199,0.016945
2,0.15,14,0.078086,-0.57682,0.061232,0.016571,-0.687029,-0.726104,0.022137,0.001139,-0.008389,0.115288,0.999925,-0.00354,0.000767,0.011725
2,0.15,14,0.078156,-0.577085,0.061075,-0.015858,0.722618,0.691021,-0.007831,0.001084,-0.00824,0.115561,-0.9992,-0.00491,0.00971,0.038484
2,0.15,14,0.078068,-0.576685,0.061315,-0.024599,0.68693,0.726002,-0.021046,0.001151,-0.008467,0.11515,0.999913,0.002827,0.005776,0.011554
2,0.15,14,0.078181,-0.576807,0.061183,0.001518,-0.700026,-0.714108,0.003322,0.001044,-0.008339,0.115282,-0.999713,0.000967,0.023148,0.006019
2,0.15,14,0.078192,-0.577183,0.061055,0.00046,-0.72199,-0.691873,0.006461,0.001053,-0.008223,0.115661,-0.999061,0.004786,0.021723,0.037176
2,0.15,14,0.078078,-0.577172,0.061175,0.014162,-0.705951,-0.707795,0.021427,0.001167,-0.008343,0.115641,-0.999878,0.005404,0.001472,0.014564
2,0.15,14,0.078232,-0.576759,0.061325,-0.007506,0.685351,0.728174,-0.000708,0.000991,-0.00848,0.115232,0.999671,0.005614,-0.020653,0.014139
2,0.15,14,0.078022,-0.576972,0.061196,0.035217,-0.71307,-0.699038,0.040446,0.001212,-0.008357,0.115437,-0.999294,0.004718,-0.026904,0.025807
2,0.15,14,0.078224,-0.576969,0.061234,-0.005755,0.704005,0.710163,0.003643,0.00101,-0.008395,0.115444,-0.999595,-0.006832,0.024951,0.01183
2,0.15,14,0.078086,-0.576785,0.06136,-0.021442,0.684034,0.728937,-0.017009,0.001138,-0.008515,0.115249,0.999871,0.003639,0.000701,0.015657
2,0.15,14,0.077968,-0.576497,0.061334,-0.033491,0.671168,0.740004,-0.02837,0.00124,-0.00848,0.114956,0.99931,0.00431,0.01729,0.032579
2,0.15,14,0.078236,-0.576846,0.061166,-0.000835,0.712536,0.701586,0.00826,0.000991,-0.008323,0.115324,-0.999191,-0.006405,0.031695,0.023914
2,0.15,14,0.078018,-0.576819,0.061314,-0.032516,0.680351,0.731699,-0.026108,0.001208,-0.00847,0.115281,0.999672,0.004928,0.014999,0.020185
2,0.15,14,0.078086,-0.576785,0.06136,-0.021442,0.684034,0.728937,-0.017009,0.001138,-0.008515,0.115249,0.999871,0.003639,0.000701,0.015657
2,0.15,14,0.078018,-0.576819,0.061314,-0.032516,0.680351,0.731699,-0.026108,0.001208,-0.00847,0.115281,0.999672,0.004928,0.014999,0.020185
2,0.15,14,0.078296,-0.577129,0.061185,-0.001909,0.71085,0.703332,0.003635,0.000946,-0.008351,0.115609,-0.999379,-0.003895,0.027708,0.021424
2,0.15,14,0.078128,-0.576865,0.061177,0.0166,-0.701924,-0.71185,0.017233,0.001101,-0.008335,0.115337,-0.999956,0.000546,0.002638,0.008976
2,0.15,14,0.078096,-0.577076,0.061138,0.017669,-0.714604,-0.698956,0.022102,0.001143,-0.008302,0.115547,-0.999628,0.003779,-0.001518,0.026978
2,0.15,14,0.078142,-0.576908,0.061218,-0.017772,0.707288,0.706637,-0.009613,0.001088,-0.008378,0.115379,-0.999821,-0.005543,0.007099,0.016618
2,0.15,14,0.078102,-0.576496,0.061408,-0.015356,0.675807,0.73687,-0.008427,0.001107,-0.008554,0.11496,0.999571,0.005873,-0.009631,0.027037
2,0.15,14,0.078277,-0.577013,0.061151,-0.005243,0.710644,0.703532,-0.000712,0.000959,-0.008314,0.115493,-0.999524,-0.0031,0.022291,0.021118
2,0.15,14,0.078278,-0.577102,0.061219,-0.00151,0.709627,0.704516,0.009201,0.000963,-0.008384,0.11558,-0.999266,-0.007659,0.031865,0.019819
2,0.15,14,0.077981,-0.576705,0.061363,0.029373,-0.689594,-0.722933,0.031071,0.001239,-0.008516,0.115164,0.999839,-0.00116,0.016183,0.007603
2,0.15,14,0.078196,-0.577187,0.061188,-0.01462,0.710345,0.703675,-0.006181,0.001049,-0.008357,0.115662,-0.999697,-0.005702,0.011752,0.020878
2,0.15,14,0.07815,-0.576732,0.061447,-0.011628,0.667994,0.744039,-0.007428,0.001071,-0.008601,0.115197,0.999196,0.004279,-0.01299,0.037684
2,0.15,14,0.078157,-0.577043,0.061194,0.010062,-0.707336,-0.70669,0.012771,0.001081,-0.008358,0.115516,-0.999809,0.002087,0.010441,0.016412
2,0.15,14,0.077961,-0.576644,0.061307,0.034429,-0.687941,-0.72412,0.034679,0.001255,-0.008458,0.115103,0.999705,-0.000182,0.022332,0.009588
2,0.15,14,0.078136,-0.577039,0.061341,-0.019525,0.692054,0.721449,-0.013805,0.001101,-0.008504,0.115506,0.999976,0.004316,-0.002915,0.004667
2,0.15,14,0.078137,-0.57679,0.061329,-0.015303,0.684636,0.728621,-0.012306,0.001088,-0.008484,0.115258,0.999859,0.00273,-0.006983,0.015034
2,0.15,14,0.078156,-0.576714,0.061277,-0.009164,0.689641,0.724064,-0.006557,0.001065,-0.00843,0.115184,0.999844,0.002409,-0.015399,0.008279
2,0.15,14,0.078239,-0.576867,0.061342,0.009876,-0.682112,-0.731069,0.012796,0.000989,-0.0085,0.11534,0.99977,-0.001302,-0.010538,0.01866
2,0.15,14,0.078001,-0.576731,0.061264,-0.035387,0.684616,0.727435,-0.029787,0.001219,-0.008418,0.115194,0.999699,0.004122,0.019618,0.014171
2,0.15,14,0.078108,-0.577083,0.061205,0.015245,-0.712462,-0.701315,0.017958,0.001132,-0.00837,0.115553,-0.999708,0.002404,0.003108,0.023831
2,0.15,14,0.078081,-0.576885,0.061401,-0.023144,0.681895,0.730818,-0.019732,0.001148,-0.00856,0.115348,0.999817,0.002944,0.003822,0.018521
2,0.15,14,0.07804,-0.577082,0.061262,0.024237,-0.697454,-0.71564,0.028831,0.0012,-0.008426,0.115546,-0.99993,0.003407,-0.010926,0.003058
2,0.15,14,0.078126,-0.576908,0.061156,0.016202,-0.708083,-0.705661,0.019992,0.001105,-0.008315,0.115381,-0.999839,0.003035,0.001005,0.017644
2,0.15,14,0.078279,-0.577018,0.061074,-0.007879,0.730305,0.68307,0.002589,0.000958,-0.008237,0.115501,-0.998491,-0.00655,0.022682,0.049578
2,0.15,14,0.078039,-0.576777,0.061328,-0.026342,0.684147,0.728583,-0.020386,0.001184,-0.008484,0.11524,0.999851,0.004613,0.006573,0.015301
2,0.15,14,0.078063,-0.576766,0.06131,0.031844,-0.696748,-0.715833,0.033341,0.001159,-0.008464,0.115231,-0.999805,0.001339,-0.019534,0.002476
2,0.15,14,0.078278,-0.577102,0.061219,-0.00151,0.709627,0.704516,0.009201,0.000963,-0.008384,0.11558,-0.999266,-0.007659,0.031865,0.019819
2,0.15,14,0.078104,-0.57668,0.061346,-0.02301,0.686413,0.726588,-0.01941,0.001115,-0.008498,0.115146,0.999914,0.002917,0.003495,0.012331
2,0.15,14,0.0781,-0.576473,0.061307,-0.022404,0.662906,0.74819,-0.016284,0.001108,-0.008452,0.114941,0.999007,0.005587,0.000926,0.044188
2,0.15,14,0.07813,-0.5768,0.06135,-0.008967,0.694784,0.71912,-0.007854,0.001095,-0.008506,0.115267,0.999891,0.001151,-0.014643,0.001175
2,0.15,14,0.078157,-0.577043,0.061194,0.010062,-0.707336,-0.70669,0.012771,0.001081,-0.008358,0.115516,-0.999809,0.002087,0.010441,0.016412
2,0.15,14,0.078157,-0.577043,0.061194,0.010062,-0.707336,-0.70669,0.012771,0.001081,-0.008358,0.115516,-0.999809,0.002087,0.010441,0.016412
2,0.15,14,0.078007,-0.576918,0.061279,-0.034758,0.698381,0.714165,-0.031996,0.001224,-0.008438,0.11538,-0.999773,-0.001591,-0.020692,0.004888
2,0.15,14,0.078139,-0.577174,0.061236,0.015537,-0.705658,-0.708116,0.019415,0.001106,-0.008404,0.115645,-0.999893,0.002992,0.001884,0.014194
2,0.15,14,0.078018,-0.576819,0.061314,-0.032516,0.680351,0.731699,-0.026108,0.001208,-0.00847,0.115281,0.999672,0.004928,0.014999,0.020185
2,0.15,14,0.078201,-0.577125,0.06128,-0.012723,0.701516,0.712525,-0.004578,0.001041,-0.008446,0.115598,-0.999846,-0.005866,0.014227,0.008378
2,0.15,14,0.078069,-0.576838,0.061286,-0.026464,0.680323,0.732118,-0.021525,0.001158,-0.008443,0.115304,0.999753,0.004019,0.007458,0.020524
2,0.15,14,0.078162,-0.576666,0.061344,-0.010622,0.687008,0.726571,-0.001307,0.001056,-0.008496,0.115135,0.999742,0.00729,-0.018,0.011787
2,0.15,14,0.078213,-0.5766,0.061408,-0.008705,0.669128,0.743078,-0.005188,0.001001,-0.008557,0.115069,0.999198,0.003815,-0.01665,0.036215
2,0.15,14,0.078293,-0.577016,0.061291,0.001992,0.704951,0.70907,0.016088,0.000943,-0.008454,0.115493,-0.99909,-0.010343,0.039166,0.013357
2,0.15,14,0.078046,-0.576649,0.061377,0.027356,-0.68562,-0.726862,0.029135,0.001171,-0.008527,0.115111,0.999823,-0.001024,0.013389,0.013192
2,0.15,14,0.078157,-0.577043,0.061194,0.010062,-0.707336,-0.70669,0.012771,0.001081,-0.008358,0.115516,-0.999809,0.002087,0.010441,0.016412
2,0.15,14,0.078048,-0.577062,0.061348,0.030545,-0.697956,-0.714697,0.033668,0.00119,-0.008512,0.115524,-0.999811,0.002522,-0.018827,0.004103
2,0.15,14,0.078227,-0.576888,0.0613,-0.011458,0.69348,0.72038,-0.002758,0.001003,-0.008459,0.115362,0.99984,0.006591,-0.016397,0.002845
2,0.15,14,0.078136,-0.577039,0.061341,-0.019525,0.692054,0.721449,-0.013805,0.001101,-0.008504,0.115506,0.999976,0.004316,-0.002915,0.004667
2,0.15,14,0.078116,-0.576532,0.061494,0.015719,-0.676997,-0.735613,0.017362,0.001094,-0.008641,0.114994,0.999671,-0.000337,-0.003156,0.025468
2,0.15,14,0.078085,-0.57706,0.061303,0.019407,-0.694511,-0.718762,0.025649,0.001154,-0.008467,0.115526,0.999976,-0.004368,0.005241,0.001258
2,0.15,14,0.078196,-0.576807,0.061281,0.004611,-0.697577,-0.716447,0.008358,0.001029,-0.008438,0.115279,-0.999842,0.002343,0.017423,0.002598
2,0.15,14,0.078064,-0.577125,0.061288,0.025779,-0.691063,-0.721644,0.031573,0.001178,-0.008454,0.11559,0.999878,-0.004072,0.013948,0.005729
2,0.15,15,0.078407,-0.576948,0.061786,-0.008632,0.713086,0.701023,0.00096,0.000616,-0.000479,0.111764,-0.999441,-0.004024,0.020911,0.025783
2,0.15,15,0.078122,-0.576762,0.061889,-0.045699,0.694066,0.717163,-0.043143,0.000891,-0.000577,0.11156,-0.999338,0.001266,-0.036364,0.000628
2,0.15,15,0.078305,-0.577023,0.061806,-0.021051,0.707281,0.706528,-0.011355,0.000723,-0.000502,0.111834,-0.999829,-0.004012,0.003443,0.017745
2,0.15,15,0.078392,-0.577035,0.061728,-0.013651,0.719877,0.693954,-0.004395,0.000637,-0.000424,0.111852,-0.99927,-0.003403,0.013554,0.035551
2,0.15,15,0.078212,-0.577171,0.061993,0.024117,-0.695138,-0.7179,0.028653,0.000822,-0.000695,0.11197,-0.999925,0.005852,-0.010751,0.000814
2,0.15,15,0.078235,-0.57702,0.061972,0.025026,-0.686899,-0.725803,0.027453,0.000791,-0.000667,0.111821,0.99988,-0.004055,0.01055,0.010557
2,0.15,15,0.078208,-0.576921,0.061943,0.023996,-0.694839,-0.71832,0.025292,0.000813,-0.000636,0.111722,-0.999959,0.003507,-0.008326,0.000375
2,0.15,15,0.078217,-0.577183,0.061874,0.016433,-0.703463,-0.710282,0.019204,0.000818,-0.000576,0.111987,-0.999914,0.004697,0.001322,0.012154
2,0.15,15,0.078229,-0.576592,0.062026,-0.018187,0.675887,0.736677,-0.01238,0.000774,-0.000707,0.111392,0.999651,0.002439,-0.004873,0.025835
2,0.15,15,0.078116,-0.576903,0.061758,-0.054291,0.711405,0.699481,-0.041001,0.000905,-0.00045,0.111705,-0.998812,-0.005587,-0.041119,0.025564
2,0.15,15,0.07812,-0.57681,0.061803,-0.032671,0.715897,0.696815,-0.029541,0.000896,-0.000492,0.111611,-0.999379,0.00133,-0.017595,0.030512
2,0.15,15,0.078153,-0.576651,0.061791,-0.040908,0.712838,0.699474,-0.030401,0.000855,-0.000475,0.111455,-0.999348,-0.003881,-0.024111,0.026588
2,0.15,15,0.078235,-0.576801,0.062098,-0.018881,0.670528,0.741525,-0.013267,0.000779,-0.000787,0.111598,0.999443,0.002476,-0.003766,0.033061
2,0.15,15,0.078265,-0.576916,0.061889,-0.024227,0.701458,0.712219,-0.010666,0.000756,-0.000581,0.111722,-0.999928,-0.006928,0.001656,0.009674
2,0.15,15,0.07825,-0.576618,0.062129,-0.019829,0.656422,0.753988,-0.01478,0.000754,-0.00081,0.111415,0.998648,0.002547,-0.002048,0.051874
2,0.15,15,0.078513,-0.576932,0.062035,0.011164,0.693738,0.719811,0.021798,0.000508,-0.000727,0.111746,0.998747,0.005967,-0.049673,0.001087
2,0.15,15,0.078125,-0.576814,0.061786,-0.050625,0.712426,0.698874,-0.038231,0.000891,-0.000475,0.111616,-0.998962,-0.005001,-0.036555,0.026714
2,0.15,15,0.078359,-0.577055,0.061744,-0.016082,0.729665,0.683605,-0.0039,0.000671,-0.000441,0.111871,-0.998672,-0.005072,0.012106,0.049827
2,0.15,15,0.078157,-0.576767,0.061974,0.028805,-0.688006,-0.724599,0.027828,0.000855,-0.000661,0.111564,0.999868,-0.001742,0.013532,0.008869
2,0.15,15,0.078223,-0.576799,0.061916,0.017686,-0.695524,-0.717962,0.021551,0.000792,-0.000604,0.111602,-0.999985,0.005221,-0.001187,0.001086
2,0.15,15,0.078312,-0.576822,0.061797,-0.016448,0.71795,0.695863,-0.007241,0.000705,-0.000486,0.111633,-0.999409,-0.003372,0.009573,0.032829
2,0.15,15,0.078295,-0.577034,0.061897,-0.016648,0.706046,0.707949,-0.005525,0.000732,-0.000593,0.111841,-0.999803,-0.005192,0.010666,0.015915
2,0.15,15,0.0784,-0.576829,0.061784,0.008679,0.714862,0.699118,0.011429,0.000617,-0.000472,0.111646,-0.998774,0.000544,0.040619,0.028302
2,0.15,15,0.07813,-0.576627,0.062058,-0.028698,0.681952,0.730441,-0.023949,0.000875,-0.000741,0.11142,0.999794,0.001194,0.010744,0.017202
2,0.15,15,0.078219,-0.576895,0.061938,-0.030653,0.703525,0.709513,-0.026521,0.0008,-0.000629,0.111697,-0.99982,9.3e-05,-0.013997,0.012825
2,0.15,15,0.078267,-0.577167,0.061999,0.01888,-0.686396,-0.726688,0.020701,0.000767,-0.0007,0.111969,0.999927,-0.003446,0.001431,0.0115
2,0.15,15,0.078184,-0.57701,0.06205,-0.02901,0.681349,0.731147,-0.018604,0.000841,-0.000746,0.111806,0.999798,0.005278,0.007251,0.018011
2,0.15,15,0.078283,-0.57671,0.061727,-0.013451,0.736153,0.676639,-0.007561,0.000728,-0.000412,0.111523,-0.99818,-0.000361,0.011422,0.05921
2,0.15,15,0.078317,-0.577265,0.06185,-0.023735,0.708957,0.704813,-0.007382,0.000722,-0.000554,0.112074,-0.999748,-0.008668,0.004268,0.020268
2,0.15,15,0.07819,-0.576831,0.062011,0.034689,-0.685099,-0.726728,0.036098,0.000826,-0.000701,0.111628,0.999639,-0.003505,0.023513,0.012506
2,0.15,15,0.078428,-0.57721,0.061848,-0.007927,0.710345,0.703793,0.004795,0.000609,-0.000549,0.112025,-0.999448,-0.006394,0.024092,0.021955
2,0.15,15,0.078264,-0.577185,0.061945,-0.021155,0.700222,0.713312,-0.020685,0.000771,-0.000647,0.111988,-0.999962,0.002364,-0.003094,0.007769
2,0.15,15,0.078346,-0.577033,0.061897,0.012487,-0.706124,-0.707863,0.012813,0.000681,-0.000593,0.111842,-0.999834,0.00294,0.008594,0.015811
2,0.15,15,0.078247,-0.576935,0.061812,-0.021753,0.720415,0.693153,-0.008235,0.000776,-0.000505,0.111742,-0.999299,-0.006246,0.005056,0.036554
2,0.15,15,0.07833,-0.576915,0.06194,0.00763,-0.696157,-0.717788,0.009334,0.000691,-0.000632,0.111722,-0.999887,0.00344,0.014535,0.00174
2,0.15,15,0.078305,-0.577023,0.061806,-0.021051,0.707281,0.706528,-0.011355,0.000723,-0.000502,0.111834,-0.999829,-0.004012,0.003443,0.017745
2,0.15,15,0.078322,-0.576962,0.061756,-0.015804,0.727642,0.685747,-0.006156,0.000703,-0.000449,0.111775,-0.998839,-0.003334,0.010748,0.046835
2,0.15,15,0.07811,-0.576938,0.062038,0.049503,-0.683958,-0.726194,0.048914,0.000911,-0.000732,0.11173,0.998984,-0.002412,0.043095,0.012966
2,0.15,15,0.078209,-0.577164,0.061943,0.025604,-0.693196,-0.719728,0.028554,0.000825,-0.000644,0.111965,0.999918,-0.004678,0.011747,0.001823
2,0.15,15,0.078087,-0.576744,0.061736,-0.050022,0.718279,0.692669,-0.042227,0.000926,-0.000423,0.111546,-0.998623,-0.001485,-0.038925,0.03514
2,0.15,15,0.078177,-0.577031,0.06203,-0.029913,0.686459,0.726204,-0.022503,0.00085,-0.000726,0.111827,0.999879,0.002914,0.010623,0.010968
2,0.15,15,0.078284,-0.576778,0.06204,0.010476,-0.686101,-0.727337,0.011721,0.000729,-0.000728,0.11158,0.999864,-0.002811,-0.010856,0.012123
