marker_id,scan_distance,movement_id,px,py,pz,qx,qy,qz,qw,cam_px,cam_py,cam_pz,cam_qx,cam_qy,cam_qz,cam_qw
0,0.2625,1,-0.199347,-0.28717,0.10427,0.516574,0.46227,0.526656,0.492029,-0.007043,-0.028398,0.231137,0.998769,-0.044009,-0.01063,0.020283
0,0.2625,1,-0.200185,-0.287246,0.104364,0.517031,0.469216,0.528023,0.483432,-0.007117,-0.028492,0.231975,0.998866,-0.04575,-0.002405,0.012965
0,0.2625,1,-0.198971,-0.287131,0.104237,0.503173,0.465637,0.543425,0.484446,-0.007005,-0.028366,0.230762,0.998361,-0.047786,0.009936,0.029888
0,0.2625,1,-0.198211,-0.28706,0.10415,0.504228,0.459128,0.540506,0.492757,-0.006935,-0.028279,0.230001,0.998319,-0.045952,0.000541,0.035313
0,0.2625,1,-0.199347,-0.28717,0.10427,0.516574,0.46227,0.526656,0.492029,-0.007043,-0.028398,0.231137,0.998769,-0.044009,-0.01063,0.020283
0,0.2625,1,-0.199347,-0.28717,0.10427,0.516574,0.46227,0.526656,0.492029,-0.007043,-0.028398,0.231137,0.998769,-0.044009,-0.01063,0.020283
0,0.2625,1,-0.199347,-0.28717,0.10427,0.516574,0.46227,0.526656,0.492029,-0.007043,-0.028398,0.231137,0.998769,-0.044009,-0.01063,0.020283
0,0.2625,1,-0.200185,-0.287246,0.104364,0.517031,0.469216,0.528023,0.483432,-0.007117,-0.028492,0.231975,0.998866,-0.04575,-0.002405,0.012965
0,0.2625,1,-0.199347,-0.28717,0.10427,0.516574,0.46227,0.526656,0.492029,-0.007043,-0.028398,0.231137,0.998769,-0.044009,-0.01063,0.020283
0,0.2625,1,-0.199347,-0.28717,0.10427,0.516574,0.46227,0.526656,0.492029,-0.007043,-0.028398,0.231137,0.998769,-0.044009,-0.01063,0.020283
0,0.2625,1,-0.200185,-0.287246,0.104364,0.517031,0.469216,0.528023,0.483432,-0.007117,-0.028492,0.231975,0.998866,-0.04575,-0.002405,0.012965
0,0.2625,1,-0.198211,-0.28706,0.10415,0.504228,0.459128,0.540506,0.492757,-0.006935,-0.028279,0.230001,0.998319,-0.045952,0.000541,0.035313
0,0.2625,1,-0.199529,-0.287258,0.10433,0.533153,0.460642,0.511011,0.492366,-0.007131,-0.028458,0.23132,0.998582,-0.04514,-0.02773,0.005163
0,0.2625,1,-0.199347,-0.28717,0.10427,0.516574,0.46227,0.526656,0.492029,-0.007043,-0.028398,0.231137,0.998769,-0.044009,-0.01063,0.020283
0,0.2625,1,-0.200305,-0.28734,0.104415,0.536465,0.465165,0.509086,0.486475,-0.007211,-0.028543,0.232096,-0.998597,0.046523,0.025145,0.002663
0,0.2625,1,-0.200372,-0.287303,0.104472,-0.527408,-0.484543,-0.518705,-0.466908,-0.007174,-0.0286,0.232163,-0.998811,0.046897,-0.003661,0.01281
0,0.2625,1,-0.199347,-0.28717,0.10427,0.516574,0.46227,0.526656,0.492029,-0.007043,-0.028398,0.231137,0.998769,-0.044009,-0.01063,0.020283
0,0.2625,1,-0.200185,-0.287246,0.104364,0.517031,0.469216,0.528023,0.483432,-0.007117,-0.028492,0.231975,0.998866,-0.04575,-0.002405,0.012965
0,0.2625,1,-0.198678,-0.28715,0.104244,0.519126,0.460573,0.527354,0.490183,-0.007025,-0.028373,0.230469,0.998624,-0.047406,-0.011481,0.019285
0,0.2625,1,-0.199347,-0.28717,0.10427,0.516574,0.46227,0.526656,0.492029,-0.007043,-0.028398,0.231137,0.998769,-0.044009,-0.01063,0.020283
0,0.2625,1,-0.200305,-0.28734,0.104415,0.536465,0.465165,0.509086,0.486475,-0.007211,-0.028543,0.232096,-0.998597,0.046523,0.025145,0.002663
0,0.2625,1,-0.199529,-0.287258,0.10433,0.533153,0.460642,0.511011,0.492366,-0.007131,-0.028458,0.23132,0.998582,-0.04514,-0.02773,0.005163
0,0.2625,1,-0.199347,-0.28717,0.10427,0.516574,0.46227,0.526656,0.492029,-0.007043,-0.028398,0.231137,0.998769,-0.044009,-0.01063,0.020283
0,0.2625,1,-0.199347,-0.28717,0.10427,0.516574,0.46227,0.526656,0.492029,-0.007043,-0.028398,0.231137,0.998769,-0.044009,-0.01063,0.020283
0,0.2625,1,-0.199347,-0.28717,0.10427,0.516574,0.46227,0.526656,0.492029,-0.007043,-0.028398,0.231137,0.998769,-0.044009,-0.01063,0.020283
0,0.2625,1,-0.199347,-0.28717,0.10427,0.516574,0.46227,0.526656,0.492029,-0.007043,-0.028398,0.231137,0.998769,-0.044009,-0.01063,0.020283
0,0.2625,1,-0.199438,-0.287224,0.104332,0.51866,0.466421,0.52963,0.482633,-0.007096,-0.02846,0.231228,0.998687,-0.049164,-0.003414,0.013955
0,0.2625,1,-0.199347,-0.28717,0.10427,0.516574,0.46227,0.526656,0.492029,-0.007043,-0.028398,0.231137,0.998769,-0.044009,-0.01063,0.020283
0,0.2625,1,-0.199347,-0.28717,0.10427,0.516574,0.46227,0.526656,0.492029,-0.007043,-0.028398,0.231137,0.998769,-0.044009,-0.01063,0.020283
0,0.2625,1,-0.200185,-0.287246,0.104364,0.517031,0.469216,0.528023,0.483432,-0.007117,-0.028492,0.231975,0.998866,-0.04575,-0.002405,0.012965
0,0.2625,1,-0.199529,-0.287258,0.10433,0.533153,0.460642,0.511011,0.492366,-0.007131,-0.028458,0.23132,0.998582,-0.04514,-0.02773,0.005163
0,0.2625,1,-0.198971,-0.287131,0.104237,0.503173,0.465637,0.543425,0.484446,-0.007005,-0.028366,0.230762,0.998361,-0.047786,0.009936,0.029888
0,0.2625,1,-0.199529,-0.287258,0.10433,0.533153,0.460642,0.511011,0.492366,-0.007131,-0.028458,0.23132,0.998582,-0.04514,-0.02773,0.005163
0,0.2625,1,-0.199529,-0.287258,0.10433,0.533153,0.460642,0.511011,0.492366,-0.007131,-0.028458,0.23132,0.998582,-0.04514,-0.02773,0.005163
0,0.2625,1,-0.199529,-0.287258,0.10433,0.533153,0.460642,0.511011,0.492366,-0.007131,-0.028458,0.23132,0.998582,-0.04514,-0.02773,0.005163
0,0.2625,1,-0.200185,-0.287246,0.104364,0.517031,0.469216,0.528023,0.483432,-0.007117,-0.028492,0.231975,0.998866,-0.04575,-0.002405,0.012965
0,0.2625,1,-0.199347,-0.28717,0.10427,0.516574,0.46227,0.526656,0.492029,-0.007043,-0.028398,0.231137,0.998769,-0.044009,-0.01063,0.020283
0,0.2625,1,-0.200185,-0.287246,0.104364,0.517031,0.469216,0.528023,0.483432,-0.007117,-0.028492,0.231975,0.998866,-0.04575,-0.002405,0.012965
0,0.2625,1,-0.200185,-0.287246,0.104364,0.517031,0.469216,0.528023,0.483432,-0.007117,-0.028492,0.231975,0.998866,-0.04575,-0.002405,0.012965
0,0.2625,1,-0.199347,-0.28717,0.10427,0.516574,0.46227,0.526656,0.492029,-0.007043,-0.028398,0.231137,0.998769,-0.044009,-0.01063,0.020283
0,0.2625,1,-0.200185,-0.287246,0.104364,0.517031,0.469216,0.528023,0.483432,-0.007117,-0.028492,0.231975,0.998866,-0.04575,-0.002405,0.012965
0,0.2625,1,-0.200873,-0.287096,0.10428,-0.561025,-0.54529,-0.477106,-0.40035,-0.006966,-0.028407,0.232663,-0.991967,0.045889,-0.029666,0.114085
0,0.2625,1,-0.199347,-0.28717,0.10427,0.516574,0.46227,0.526656,0.492029,-0.007043,-0.028398,0.231137,0.998769,-0.044009,-0.01063,0.020283
0,0.2625,1,-0.198218,-0.287036,0.104196,0.500968,0.473779,0.543615,0.478589,-0.006911,-0.028324,0.230008,0.998503,-0.045639,0.01813,0.024081
0,0.2625,1,-0.200305,-0.28734,0.104415,0.536465,0.465165,0.509086,0.486475,-0.007211,-0.028543,0.232096,-0.998597,0.046523,0.025145,0.002663
0,0.2625,1,-0.200305,-0.28734,0.104415,0.536465,0.465165,0.509086,0.486475,-0.007211,-0.028543,0.232096,-0.998597,0.046523,0.025145,0.002663
0,0.2625,1,-0.199347,-0.28717,0.10427,0.516574,0.46227,0.526656,0.492029,-0.007043,-0.028398,0.231137,0.998769,-0.044009,-0.01063,0.020283
0,0.2625,1,-0.199529,-0.287258,0.10433,0.533153,0.460642,0.511011,0.492366,-0.007131,-0.028458,0.23132,0.998582,-0.04514,-0.02773,0.005163
0,0.2625,1,-0.199347,-0.28717,0.10427,0.516574,0.46227,0.526656,0.492029,-0.007043,-0.028398,0.231137,0.998769,-0.044009,-0.01063,0.020283
0,0.2625,1,-0.199347,-0.28717,0.10427,0.516574,0.46227,0.526656,0.492029,-0.007043,-0.028398,0.231137,0.998769,-0.044009,-0.01063,0.020283
0,0.2625,1,-0.199529,-0.287258,0.10433,0.533153,0.460642,0.511011,0.492366,-0.007131,-0.028458,0.23132,0.998582,-0.04514,-0.02773,0.005163
0,0.2625,1,-0.199347,-0.28717,0.10427,0.516574,0.46227,0.526656,0.492029,-0.007043,-0.028398,0.231137,0.998769,-0.044009,-0.01063,0.020283
0,0.2625,1,-0.200185,-0.287246,0.104364,0.517031,0.469216,0.528023,0.483432,-0.007117,-0.028492,0.231975,0.998866,-0.04575,-0.002405,0.012965
0,0.2625,1,-0.199347,-0.28717,0.10427,0.516574,0.46227,0.526656,0.492029,-0.007043,-0.028398,0.231137,0.998769,-0.044009,-0.01063,0.020283
0,0.2625,1,-0.200305,-0.28734,0.104415,0.536465,0.465165,0.509086,0.486475,-0.007211,-0.028543,0.232096,-0.998597,0.046523,0.025145,0.002663
0,0.2625,1,-0.198678,-0.28715,0.104244,0.519126,0.460573,0.527354,0.490183,-0.007025,-0.028373,0.230469,0.998624,-0.047406,-0.011481,0.019285
0,0.2625,1,-0.199529,-0.287258,0.10433,0.533153,0.460642,0.511011,0.492366,-0.007131,-0.028458,0.23132,0.998582,-0.04514,-0.02773,0.005163
0,0.2625,1,-0.198678,-0.28715,0.104244,0.519126,0.460573,0.527354,0.490183,-0.007025,-0.028373,0.230469,0.998624,-0.047406,-0.011481,0.019285
0,0.2625,1,-0.199347,-0.28717,0.10427,0.516574,0.46227,0.526656,0.492029,-0.007043,-0.028398,0.231137,0.998769,-0.044009,-0.01063,0.020283
0,0.2625,1,-0.200305,-0.28734,0.104415,0.536465,0.465165,0.509086,0.486475,-0.007211,-0.028543,0.232096,-0.998597,0.046523,0.025145,0.002663
0,0.2625,1,-0.199347,-0.28717,0.10427,0.516574,0.46227,0.526656,0.492029,-0.007043,-0.028398,0.231137,0.998769,-0.044009,-0.01063,0.020283
0,0.2625,1,-0.200185,-0.287246,0.104364,0.517031,0.469216,0.528023,0.483432,-0.007117,-0.028492,0.231975,0.998866,-0.04575,-0.002405,0.012965
0,0.2625,1,-0.199347,-0.28717,0.10427,0.516574,0.46227,0.526656,0.492029,-0.007043,-0.028398,0.231137,0.998769,-0.044009,-0.01063,0.020283
0,0.2625,1,-0.200305,-0.28734,0.104415,0.536465,0.465165,0.509086,0.486475,-0.007211,-0.028543,0.232096,-0.998597,0.046523,0.025145,0.002663
0,0.2625,1,-0.199529,-0.287258,0.10433,0.533153,0.460642,0.511011,0.492366,-0.007131,-0.028458,0.23132,0.998582,-0.04514,-0.02773,0.005163
0,0.2625,1,-0.199347,-0.28717,0.10427,0.516574,0.46227,0.526656,0.492029,-0.007043,-0.028398,0.231137,0.998769,-0.044009,-0.01063,0.020283
0,0.2625,1,-0.199443,-0.287226,0.104409,0.513387,0.458711,0.535968,0.488626,-0.007099,-0.028537,0.231233,0.998357,-0.050545,-0.004453,0.026614
0,0.2625,1,-0.199529,-0.287258,0.10433,0.533153,0.460642,0.511011,0.492366,-0.007131,-0.028458,0.23132,0.998582,-0.04514,-0.02773,0.005163
0,0.2625,1,-0.198103,-0.287063,0.104212,0.500432,0.450178,0.544922,0.499968,-0.006938,-0.028341,0.229893,0.997753,-0.047123,-0.003427,0.047502
0,0.2625,1,-0.198103,-0.287063,0.104212,0.500432,0.450178,0.544922,0.499968,-0.006938,-0.028341,0.229893,0.997753,-0.047123,-0.003427,0.047502
0,0.2625,1,-0.199347,-0.28717,0.10427,0.516574,0.46227,0.526656,0.492029,-0.007043,-0.028398,0.231137,0.998769,-0.044009,-0.01063,0.020283
0,0.2625,1,-0.200185,-0.287246,0.104364,0.517031,0.469216,0.528023,0.483432,-0.007117,-0.028492,0.231975,0.998866,-0.04575,-0.002405,0.012965
0,0.2625,1,-0.198211,-0.28706,0.10415,0.504228,0.459128,0.540506,0.492757,-0.006935,-0.028279,0.230001,0.998319,-0.045952,0.000541,0.035313
0,0.2625,1,-0.200305,-0.28734,0.104415,0.536465,0.465165,0.509086,0.486475,-0.007211,-0.028543,0.232096,-0.998597,0.046523,0.025145,0.002663
0,0.2625,1,-0.198211,-0.28706,0.10415,0.504228,0.459128,0.540506,0.492757,-0.006935,-0.028279,0.230001,0.998319,-0.045952,0.000541,0.035313
0,0.2625,1,-0.199529,-0.287258,0.10433,0.533153,0.460642,0.511011,0.492366,-0.007131,-0.028458,0.23132,0.998582,-0.04514,-0.02773,0.005163
0,0.2625,1,-0.198211,-0.28706,0.10415,0.504228,0.459128,0.540506,0.492757,-0.006935,-0.028279,0.230001,0.998319,-0.045952,0.000541,0.035313
0,0.2625,1,-0.199347,-0.28717,0.10427,0.516574,0.46227,0.526656,0.492029,-0.007043,-0.028398,0.231137,0.998769,-0.044009,-0.01063,0.020283
0,0.2625,1,-0.199529,-0.287258,0.10433,0.533153,0.460642,0.511011,0.492366,-0.007131,-0.028458,0.23132,0.998582,-0.04514,-0.02773,0.005163
0,0.2625,1,-0.200305,-0.28734,0.104415,0.536465,0.465165,0.509086,0.486475,-0.007211,-0.028543,0.232096,-0.998597,0.046523,0.025145,0.002663
0,0.2625,1,-0.200185,-0.287246,0.104364,0.517031,0.469216,0.528023,0.483432,-0.007117,-0.028492,0.231975,0.998866,-0.04575,-0.002405,0.012965
0,0.2625,1,-0.198211,-0.28706,0.10415,0.504228,0.459128,0.540506,0.492757,-0.006935,-0.028279,0.230001,0.998319,-0.045952,0.000541,0.035313
0,0.2625,1,-0.199529,-0.287258,0.10433,0.533153,0.460642,0.511011,0.492366,-0.007131,-0.028458,0.23132,0.998582,-0.04514,-0.02773,0.005163
0,0.2625,1,-0.198669,-0.287176,0.104235,0.529593,0.455096,0.513036,0.499212,-0.00705,-0.028363,0.230459,0.998459,-0.043716,-0.03113,0.014152
0,0.2625,1,-0.199529,-0.287258,0.10433,0.533153,0.460642,0.511011,0.492366,-0.007131,-0.028458,0.23132,0.998582,-0.04514,-0.02773,0.005163
0,0.2625,1,-0.200185,-0.287246,0.104364,0.517031,0.469216,0.528023,0.483432,-0.007117,-0.028492,0.231975,0.998866,-0.04575,-0.002405,0.012965
0,0.2625,1,-0.198211,-0.28706,0.10415,0.504228,0.459128,0.540506,0.492757,-0.006935,-0.028279,0.230001,0.998319,-0.045952,0.000541,0.035313
0,0.2625,1,-0.200185,-0.287246,0.104364,0.517031,0.469216,0.528023,0.483432,-0.007117,-0.028492,0.231975,0.998866,-0.04575,-0.002405,0.012965
0,0.2625,1,-0.199347,-0.28717,0.10427,0.516574,0.46227,0.526656,0.492029,-0.007043,-0.028398,0.231137,0.998769,-0.044009,-0.01063,0.020283
0,0.2625,1,-0.198211,-0.28706,0.10415,0.504228,0.459128,0.540506,0.492757,-0.006935,-0.028279,0.230001,0.998319,-0.045952,0.000541,0.035313
0,0.2625,1,-0.199529,-0.287258,0.10433,0.533153,0.460642,0.511011,0.492366,-0.007131,-0.028458,0.23132,0.998582,-0.04514,-0.02773,0.005163
0,0.2625,1,-0.199347,-0.28717,0.10427,0.516574,0.46227,0.526656,0.492029,-0.007043,-0.028398,0.231137,0.998769,-0.044009,-0.01063,0.020283
0,0.2625,1,-0.199438,-0.287224,0.104332,0.51866,0.466421,0.52963,0.482633,-0.007096,-0.02846,0.231228,0.998687,-0.049164,-0.003414,0.013955
0,0.2625,1,-0.199347,-0.28717,0.10427,0.516574,0.46227,0.526656,0.492029,-0.007043,-0.028398,0.231137,0.998769,-0.044009,-0.01063,0.020283
0,0.2625,1,-0.200305,-0.28734,0.104415,0.536465,0.465165,0.509086,0.486475,-0.007211,-0.028543,0.232096,-0.998597,0.046523,0.025145,0.002663
0,0.2625,1,-0.199347,-0.28717,0.10427,0.516574,0.46227,0.526656,0.492029,-0.007043,-0.028398,0.231137,0.998769,-0.044009,-0.01063,0.020283
0,0.2625,1,-0.199347,-0.28717,0.10427,0.516574,0.46227,0.526656,0.492029,-0.007043,-0.028398,0.231137,0.998769,-0.044009,-0.01063,0.020283
0,0.2625,1,-0.199347,-0.28717,0.10427,0.516574,0.46227,0.526656,0.492029,-0.007043,-0.028398,0.231137,0.998769,-0.044009,-0.01063,0.020283
0,0.2625,1,-0.199347,-0.28717,0.10427,0.516574,0.46227,0.526656,0.492029,-0.007043,-0.028398,0.231137,0.998769,-0.044009,-0.01063,0.020283
0,0.2625,1,-0.199347,-0.28717,0.10427,0.516574,0.46227,0.526656,0.492029,-0.007043,-0.028398,0.231137,0.998769,-0.044009,-0.01063,0.020283
0,0.2625,1,-0.200305,-0.28734,0.104415,0.536465,0.465165,0.509086,0.486475,-0.007211,-0.028543,0.232096,-0.998597,0.046523,0.025145,0.002663
0,0.2625,1,-0.199347,-0.28717,0.10427,0.516574,0.46227,0.526656,0.492029,-0.007043,-0.028398,0.231137,0.998769,-0.044009,-0.01063,0.020283
0,0.2625,1,-0.200185,-0.287246,0.104364,0.517031,0.469216,0.528023,0.483432,-0.007117,-0.028492,0.231975,0.998866,-0.04575,-0.002405,0.012965
0,0.2625,1,-0.198211,-0.28706,0.10415,0.504228,0.459128,0.540506,0.492757,-0.006935,-0.028279,0.230001,0.998319,-0.045952,0.000541,0.035313
0,0.2625,1,-0.199347,-0.28717,0.10427,0.516574,0.46227,0.526656,0.492029,-0.007043,-0.028398,0.231137,0.998769,-0.044009,-0.01063,0.020283
0,0.2625,1,-0.199347,-0.28717,0.10427,0.516574,0.46227,0.526656,0.492029,-0.007043,-0.028398,0.231137,0.998769,-0.044009,-0.01063,0.020283
0,0.2625,1,-0.200209,-0.287152,0.104382,0.542668,0.474275,0.501407,0.478712,-0.007024,-0.02851,0.232,-0.998538,0.045123,0.023656,0.018042
0,0.2625,1,-0.199347,-0.28717,0.10427,0.516574,0.46227,0.526656,0.492029,-0.007043,-0.028398,0.231137,0.998769,-0.044009,-0.01063,0.020283
0,0.2625,1,-0.199529,-0.287258,0.10433,0.533153,0.460642,0.511011,0.492366,-0.007131,-0.028458,0.23132,0.998582,-0.04514,-0.02773,0.005163
0,0.2625,1,-0.200185,-0.287246,0.104364,0.517031,0.469216,0.528023,0.483432,-0.007117,-0.028492,0.231975,0.998866,-0.04575,-0.002405,0.012965
0,0.2625,1,-0.199347,-0.28717,0.10427,0.516574,0.46227,0.526656,0.492029,-0.007043,-0.028398,0.231137,0.998769,-0.044009,-0.01063,0.020283
0,0.2625,1,-0.200305,-0.28734,0.104415,0.536465,0.465165,0.509086,0.486475,-0.007211,-0.028543,0.232096,-0.998597,0.046523,0.025145,0.002663
0,0.2625,1,-0.200146,-0.287208,0.104401,-0.51062,-0.489246,-0.534374,-0.46298,-0.007079,-0.028529,0.231936,0.998651,-0.045934,0.02421,-0.000907
0,0.2625,1,-0.199347,-0.28717,0.10427,0.516574,0.46227,0.526656,0.492029,-0.007043,-0.028398,0.231137,0.998769,-0.044009,-0.01063,0.020283
0,0.2625,1,-0.200305,-0.28734,0.104415,0.536465,0.465165,0.509086,0.486475,-0.007211,-0.028543,0.232096,-0.998597,0.046523,0.025145,0.002663
0,0.2625,1,-0.199438,-0.287224,0.104332,0.51866,0.466421,0.52963,0.482633,-0.007096,-0.02846,0.231228,0.998687,-0.049164,-0.003414,0.013955
0,0.2625,1,-0.199347,-0.28717,0.10427,0.516574,0.46227,0.526656,0.492029,-0.007043,-0.028398,0.231137,0.998769,-0.044009,-0.01063,0.020283
0,0.2625,1,-0.199347,-0.28717,0.10427,0.516574,0.46227,0.526656,0.492029,-0.007043,-0.028398,0.231137,0.998769,-0.044009,-0.01063,0.020283
0,0.2625,1,-0.200305,-0.28734,0.104415,0.536465,0.465165,0.509086,0.486475,-0.007211,-0.028543,0.232096,-0.998597,0.046523,0.025145,0.002663
0,0.2625,1,-0.199347,-0.28717,0.10427,0.516574,0.46227,0.526656,0.492029,-0.007043,-0.028398,0.231137,0.998769,-0.044009,-0.01063,0.020283
0,0.2625,1,-0.199438,-0.287224,0.104332,0.51866,0.466421,0.52963,0.482633,-0.007096,-0.02846,0.231228,0.998687,-0.049164,-0.003414,0.013955
0,0.2625,1,-0.199568,-0.287026,0.104291,0.509682,0.474398,0.537181,0.476033,-0.006898,-0.028419,0.231358,0.998674,-0.047757,0.01214,0.014923
0,0.2625,1,-0.200305,-0.28734,0.104415,0.536465,0.465165,0.509086,0.486475,-0.007211,-0.028543,0.232096,-0.998597,0.046523,0.025145,0.002663
0,0.225,2,-0.196221,-0.28487,0.096986,-0.535754,-0.501196,-0.504859,-0.454848,-0.003309,0.007647,0.184089,-0.99843,-0.004672,-0.017161,0.053107
0,0.225,2,-0.19637,-0.284764,0.096969,-0.508826,-0.507409,-0.530462,-0.449713,-0.003208,0.007669,0.18424,-0.998155,-0.005185,-0.050035,0.034015
0,0.225,2,-0.196719,-0.284966,0.096939,0.544054,0.467518,0.505278,0.479715,-0.00342,0.007671,0.184585,-0.999533,0.003929,0.01495,0.026361
0,0.225,2,-0.195425,-0.284835,0.096924,-0.54988,-0.50165,-0.494948,-0.448337,-0.003262,0.007735,0.183296,-0.997638,0.0002,-0.007832,0.068239
0,0.225,2,-0.196589,-0.284922,0.096861,0.539067,0.497482,0.499122,0.461298,-0.00338,0.007756,0.184459,-0.998587,-0.007382,-0.007629,0.052075
0,0.225,2,-0.196924,-0.284797,0.097164,0.474335,0.458199,0.563636,0.497367,-0.003235,0.007456,0.184788,0.998025,0.004225,0.039272,0.048846
0,0.225,2,-0.196841,-0.284834,0.097188,0.494183,0.456591,0.546737,0.498384,-0.003268,0.007432,0.184704,0.999284,0.002984,0.018804,0.032687
0,0.225,2,-0.195425,-0.284835,0.096924,-0.54988,-0.50165,-0.494948,-0.448337,-0.003262,0.007735,0.183296,-0.997638,0.0002,-0.007832,0.068239
0,0.225,2,-0.195881,-0.284841,0.097011,-0.541282,-0.496315,-0.500569,-0.458384,-0.00327,0.007634,0.183749,-0.998535,-0.003513,-0.008004,0.053396
0,0.225,2,-0.195003,-0.284874,0.096946,-0.546027,-0.507098,-0.497498,-0.444074,-0.003289,0.007721,0.182872,-0.997403,-0.000949,-0.015817,0.070251
0,0.225,2,-0.196719,-0.284966,0.096939,0.544054,0.467518,0.505278,0.479715,-0.00342,0.007671,0.184585,-0.999533,0.003929,0.01495,0.026361
0,0.225,2,-0.195881,-0.284841,0.097011,-0.541282,-0.496315,-0.500569,-0.458384,-0.00327,0.007634,0.183749,-0.998535,-0.003513,-0.008004,0.053396
0,0.225,2,-0.196673,-0.284854,0.096981,0.512313,0.480839,0.5314,0.473227,-0.003304,0.00764,0.184541,-0.999649,-0.00156,-0.024817,0.009103
0,0.225,2,-0.195637,-0.284706,0.097057,0.46357,0.50155,0.572465,0.45369,-0.003126,0.007608,0.183508,0.995764,0.004645,0.090941,0.01271
0,0.225,2,-0.196246,-0.284789,0.096832,-0.505109,-0.510389,-0.533671,-0.446724,-0.003243,0.007807,0.18412,-0.997815,-0.005328,-0.056498,0.033831
0,0.225,2,-0.196182,-0.284893,0.096889,0.545128,0.493318,0.494164,0.463977,-0.00334,0.007742,0.184051,-0.998534,-0.006227,0.001408,0.053756
0,0.225,2,-0.196097,-0.284901,0.09696,0.541283,0.487028,0.499317,0.469573,-0.00334,0.007674,0.183965,-0.999047,-0.005137,0.002374,0.043276
0,0.225,2,-0.195728,-0.28481,0.096994,-0.527204,-0.499504,-0.515189,-0.455117,-0.003237,0.007659,0.183597,-0.998726,-0.002842,-0.026076,0.043115
0,0.225,2,-0.196658,-0.284919,0.096922,0.523907,0.473552,0.525847,0.474083,-0.003374,0.007694,0.184526,-0.999834,0.004451,-0.01189,0.013082
0,0.225,2,-0.195786,-0.284934,0.096979,0.538629,0.488573,0.508141,0.461484,-0.003364,0.007661,0.183652,-0.999045,0.001375,-0.008123,0.04292
0,0.225,2,-0.197114,-0.285002,0.096909,0.537185,0.474276,0.503831,0.482337,-0.003467,0.007686,0.18498,-0.999604,-0.00486,0.01002,0.025844
0,0.225,2,-0.196623,-0.284997,0.096963,0.531779,0.467683,0.516549,0.481312,-0.003446,0.007647,0.184488,-0.999887,0.002829,0.003301,0.014392
0,0.225,2,-0.196726,-0.284967,0.096939,0.540389,0.471097,0.501608,0.484187,-0.003421,0.00767,0.184592,-0.999543,-0.003772,0.015269,0.02581
0,0.225,2,-0.196271,-0.284828,0.096918,-0.536019,-0.48448,-0.513605,-0.462789,-0.003274,0.007717,0.184141,-0.999285,0.004289,-0.009735,0.036288
0,0.225,2,-0.195275,-0.284805,0.096903,-0.537199,-0.505526,-0.508273,-0.444431,-0.003231,0.007763,0.183147,-0.997886,0.000861,-0.025128,0.059934
0,0.225,2,-0.196844,-0.284899,0.096896,0.5385,0.468244,0.512613,0.477487,-0.00336,0.007716,0.184713,-0.999723,0.005729,0.006828,0.021791
0,0.225,2,-0.196658,-0.284919,0.096922,0.523907,0.473552,0.525847,0.474083,-0.003374,0.007694,0.184526,-0.999834,0.004451,-0.01189,0.013082
0,0.225,2,-0.196658,-0.284919,0.096922,0.523907,0.473552,0.525847,0.474083,-0.003374,0.007694,0.184526,-0.999834,0.004451,-0.01189,0.013082
0,0.225,2,-0.196623,-0.284997,0.096963,0.531779,0.467683,0.516549,0.481312,-0.003446,0.007647,0.184488,-0.999887,0.002829,0.003301,0.014392
0,0.225,2,-0.196812,-0.284991,0.096884,0.537809,0.471976,0.511429,0.475858,-0.003452,0.00772,0.184679,-0.999675,0.003736,0.004505,0.024805
0,0.225,2,-0.197114,-0.285002,0.096909,0.537185,0.474276,0.503831,0.482337,-0.003467,0.007686,0.18498,-0.999604,-0.00486,0.01002,0.025844
0,0.225,2,-0.196097,-0.284901,0.09696,0.541283,0.487028,0.499317,0.469573,-0.00334,0.007674,0.183965,-0.999047,-0.005137,0.002374,0.043276
0,0.225,2,-0.196268,-0.284878,0.097035,0.496699,0.479195,0.550279,0.469953,-0.003313,0.007597,0.184134,0.999026,-0.003007,0.043556,0.006428
0,0.225,2,-0.196665,-0.28492,0.096921,0.520495,0.477284,0.521942,0.478394,-0.003375,0.007694,0.184533,-0.999845,-0.003243,-0.011466,0.012927
0,0.225,2,-0.195275,-0.284805,0.096903,-0.537199,-0.505526,-0.508273,-0.444431,-0.003231,0.007763,0.183147,-0.997886,0.000861,-0.025128,0.059934
0,0.225,2,-0.196623,-0.284997,0.096963,0.531779,0.467683,0.516549,0.481312,-0.003446,0.007647,0.184488,-0.999887,0.002829,0.003301,0.014392
0,0.225,2,-0.195681,-0.284997,0.096954,0.547841,0.495407,0.492162,0.460671,-0.003426,0.007682,0.183546,-0.998253,-0.005308,0.001321,0.058829
0,0.225,2,-0.19611,-0.284857,0.096868,-0.529436,-0.497246,-0.51052,-0.460231,-0.003304,0.007769,0.183981,-0.998899,-0.00559,-0.018998,0.042519
0,0.225,2,-0.196177,-0.284768,0.096843,-0.512478,-0.50122,-0.528363,-0.454948,-0.003219,0.0078,0.184051,-0.998652,-0.004031,-0.041577,0.0308
0,0.225,2,-0.19633,-0.284821,0.096904,0.489405,0.50545,0.550243,0.449706,-0.00327,0.00773,0.184201,-0.997468,-0.003487,-0.069571,0.014335
0,0.225,2,-0.195786,-0.284934,0.096979,0.538629,0.488573,0.508141,0.461484,-0.003364,0.007661,0.183652,-0.999045,0.001375,-0.008123,0.04292
0,0.225,2,-0.195706,-0.284766,0.096879,-0.541214,-0.500328,-0.5056,-0.448474,-0.003204,0.007778,0.183579,-0.998148,0.00201,-0.017217,0.058304
0,0.225,2,-0.196177,-0.284768,0.096843,-0.512478,-0.50122,-0.528363,-0.454948,-0.003219,0.0078,0.184051,-0.998652,-0.004031,-0.041577,0.0308
0,0.225,2,-0.195706,-0.284766,0.096879,-0.541214,-0.500328,-0.5056,-0.448474,-0.003204,0.007778,0.183579,-0.998148,0.00201,-0.017217,0.058304
0,0.225,2,-0.195922,-0.284862,0.096941,-0.525788,-0.493531,-0.515232,-0.463153,-0.003299,0.007701,0.183791,-0.99917,-0.004569,-0.020197,0.035083
0,0.225,2,-0.196623,-0.284997,0.096963,0.531779,0.467683,0.516549,0.481312,-0.003446,0.007647,0.184488,-0.999887,0.002829,0.003301,0.014392
0,0.225,2,-0.196658,-0.284919,0.096922,0.523907,0.473552,0.525847,0.474083,-0.003374,0.007694,0.184526,-0.999834,0.004451,-0.01189,0.013082
0,0.225,2,-0.196844,-0.284899,0.096896,0.5385,0.468244,0.512613,0.477487,-0.00336,0.007716,0.184713,-0.999723,0.005729,0.006828,0.021791
0,0.225,2,-0.19611,-0.284857,0.096868,-0.529436,-0.497246,-0.51052,-0.460231,-0.003304,0.007769,0.183981,-0.998899,-0.00559,-0.018998,0.042519
0,0.225,2,-0.19611,-0.284857,0.096868,-0.529436,-0.497246,-0.51052,-0.460231,-0.003304,0.007769,0.183981,-0.998899,-0.00559,-0.018998,0.042519
0,0.225,2,-0.196448,-0.284998,0.09703,0.540349,0.456177,0.502585,0.497327,-0.003437,0.007585,0.184311,-0.999545,-0.002408,0.028119,0.010671
0,0.225,2,-0.196916,-0.284903,0.096846,-0.520192,-0.483796,-0.521115,-0.473055,-0.00337,0.007764,0.184786,-0.999661,-0.004391,-0.01685,0.019359
0,0.225,2,-0.196177,-0.284768,0.096843,-0.512478,-0.50122,-0.528363,-0.454948,-0.003219,0.0078,0.184051,-0.998652,-0.004031,-0.041577,0.0308
0,0.225,2,-0.196364,-0.284799,0.096918,0.49428,0.493515,0.547523,0.460812,-0.003248,0.007718,0.184235,-0.998487,-0.002146,-0.05462,0.005934
0,0.225,2,-0.19611,-0.284857,0.096868,-0.529436,-0.497246,-0.51052,-0.460231,-0.003304,0.007769,0.183981,-0.998899,-0.00559,-0.018998,0.042519
0,0.225,2,-0.19611,-0.284857,0.096868,-0.529436,-0.497246,-0.51052,-0.460231,-0.003304,0.007769,0.183981,-0.998899,-0.00559,-0.018998,0.042519
0,0.225,2,-0.196665,-0.28492,0.096921,0.520495,0.477284,0.521942,0.478394,-0.003375,0.007694,0.184533,-0.999845,-0.003243,-0.011466,0.012927
0,0.225,2,-0.196658,-0.284919,0.096922,0.523907,0.473552,0.525847,0.474083,-0.003374,0.007694,0.184526,-0.999834,0.004451,-0.01189,0.013082
0,0.225,2,-0.196665,-0.28492,0.096921,0.520495,0.477284,0.521942,0.478394,-0.003375,0.007694,0.184533,-0.999845,-0.003243,-0.011466,0.012927
0,0.225,2,-0.196665,-0.28492,0.096921,0.520495,0.477284,0.521942,0.478394,-0.003375,0.007694,0.184533,-0.999845,-0.003243,-0.011466,0.012927
0,0.225,2,-0.196118,-0.284855,0.096868,-0.532706,-0.493421,-0.514571,-0.456044,-0.003303,0.007769,0.183989,-0.998908,0.002094,-0.01947,0.042423
0,0.225,2,-0.196623,-0.284997,0.096963,0.531779,0.467683,0.516549,0.481312,-0.003446,0.007647,0.184488,-0.999887,0.002829,0.003301,0.014392
0,0.225,2,-0.196665,-0.28492,0.096921,0.520495,0.477284,0.521942,0.478394,-0.003375,0.007694,0.184533,-0.999845,-0.003243,-0.011466,0.012927
0,0.225,2,-0.195881,-0.284808,0.096921,-0.532262,-0.502863,-0.50906,-0.45242,-0.003245,0.007727,0.183751,-0.998393,-0.003835,-0.023121,0.051593
0,0.225,2,-0.196658,-0.284919,0.096922,0.523907,0.473552,0.525847,0.474083,-0.003374,0.007694,0.184526,-0.999834,0.004451,-0.01189,0.013082
0,0.225,2,-0.196118,-0.284855,0.096868,-0.532706,-0.493421,-0.514571,-0.456044,-0.003303,0.007769,0.183989,-0.998908,0.002094,-0.01947,0.042423
0,0.225,2,-0.196118,-0.284855,0.096868,-0.532706,-0.493421,-0.514571,-0.456044,-0.003303,0.007769,0.183989,-0.998908,0.002094,-0.01947,0.042423
0,0.225,2,-0.196658,-0.284919,0.096922,0.523907,0.473552,0.525847,0.474083,-0.003374,0.007694,0.184526,-0.999834,0.004451,-0.01189,0.013082
0,0.225,2,-0.19611,-0.284857,0.096868,-0.529436,-0.497246,-0.51052,-0.460231,-0.003304,0.007769,0.183981,-0.998899,-0.00559,-0.018998,0.042519
0,0.225,2,-0.196665,-0.28492,0.096921,0.520495,0.477284,0.521942,0.478394,-0.003375,0.007694,0.184533,-0.999845,-0.003243,-0.011466,0.012927
0,0.225,2,-0.196665,-0.28492,0.096921,0.520495,0.477284,0.521942,0.478394,-0.003375,0.007694,0.184533,-0.999845,-0.003243,-0.011466,0.012927
0,0.225,2,-0.195881,-0.284808,0.096921,-0.532262,-0.502863,-0.50906,-0.45242,-0.003245,0.007727,0.183751,-0.998393,-0.003835,-0.023121,0.051593
0,0.225,2,-0.196364,-0.284799,0.096918,0.49428,0.493515,0.547523,0.460812,-0.003248,0.007718,0.184235,-0.998487,-0.002146,-0.05462,0.005934
0,0.225,2,-0.196726,-0.284967,0.096939,0.540389,0.471097,0.501608,0.484187,-0.003421,0.00767,0.184592,-0.999543,-0.003772,0.015269,0.02581
0,0.225,2,-0.196726,-0.284967,0.096939,0.540389,0.471097,0.501608,0.484187,-0.003421,0.00767,0.184592,-0.999543,-0.003772,0.015269,0.02581
0,0.225,2,-0.196177,-0.284768,0.096843,-0.512478,-0.50122,-0.528363,-0.454948,-0.003219,0.0078,0.184051,-0.998652,-0.004031,-0.041577,0.0308
0,0.225,2,-0.196443,-0.284761,0.096967,0.496193,0.489725,0.547695,0.462593,-0.003207,0.007669,0.184313,-0.99869,-0.000131,-0.05103,0.003876
0,0.225,2,-0.196658,-0.284919,0.096922,0.523907,0.473552,0.525847,0.474083,-0.003374,0.007694,0.184526,-0.999834,0.004451,-0.01189,0.013082
0,0.225,2,-0.195922,-0.284862,0.096941,-0.525788,-0.493531,-0.515232,-0.463153,-0.003299,0.007701,0.183791,-0.99917,-0.004569,-0.020197,0.035083
0,0.225,2,-0.196673,-0.284854,0.096981,0.512313,0.480839,0.5314,0.473227,-0.003304,0.00764,0.184541,-0.999649,-0.00156,-0.024817,0.009103
0,0.225,2,-0.19611,-0.284857,0.096868,-0.529436,-0.497246,-0.51052,-0.460231,-0.003304,0.007769,0.183981,-0.998899,-0.00559,-0.018998,0.042519
0,0.225,2,-0.196182,-0.284893,0.096889,0.545128,0.493318,0.494164,0.463977,-0.00334,0.007742,0.184051,-0.998534,-0.006227,0.001408,0.053756
0,0.225,2,-0.195828,-0.284768,0.096921,-0.508996,-0.501388,-0.532512,-0.453832,-0.003205,0.007732,0.1837,-0.998541,-0.003119,-0.046164,0.027846
0,0.225,2,-0.196726,-0.284967,0.096939,0.540389,0.471097,0.501608,0.484187,-0.003421,0.00767,0.184592,-0.999543,-0.003772,0.015269,0.02581
0,0.225,2,-0.195003,-0.284874,0.096946,-0.546027,-0.507098,-0.497498,-0.444074,-0.003289,0.007721,0.182872,-0.997403,-0.000949,-0.015817,0.070251
0,0.225,2,-0.196118,-0.284855,0.096868,-0.532706,-0.493421,-0.514571,-0.456044,-0.003303,0.007769,0.183989,-0.998908,0.002094,-0.01947,0.042423
0,0.225,2,-0.196349,-0.284881,0.096847,-0.522718,-0.504515,-0.515667,-0.454223,-0.003335,0.007781,0.18422,-0.998519,-0.006833,-0.031538,0.043791
0,0.225,2,-0.196916,-0.284903,0.096846,-0.520192,-0.483796,-0.521115,-0.473055,-0.00337,0.007764,0.184786,-0.999661,-0.004391,-0.01685,0.019359
0,0.225,2,-0.19611,-0.284857,0.096868,-0.529436,-0.497246,-0.51052,-0.460231,-0.003304,0.007769,0.183981,-0.998899,-0.00559,-0.018998,0.042519
0,0.225,2,-0.19611,-0.284857,0.096868,-0.529436,-0.497246,-0.51052,-0.460231,-0.003304,0.007769,0.183981,-0.998899,-0.00559,-0.018998,0.042519
0,0.225,2,-0.196658,-0.284919,0.096922,0.523907,0.473552,0.525847,0.474083,-0.003374,0.007694,0.184526,-0.999834,0.004451,-0.01189,0.013082
0,0.225,2,-0.196118,-0.284855,0.096868,-0.532706,-0.493421,-0.514571,-0.456044,-0.003303,0.007769,0.183989,-0.998908,0.002094,-0.01947,0.042423
0,0.1875,3,-0.193029,-0.283057,0.094101,-0.498479,-0.499273,-0.544526,-0.453582,-0.003464,0.002036,0.141795,0.998996,0.001575,0.041659,0.016422
0,0.1875,3,-0.192718,-0.282982,0.094087,-0.495199,-0.507272,-0.547871,-0.444173,-0.003394,0.002045,0.141483,0.998516,0.000999,0.053431,0.010478
0,0.1875,3,-0.193093,-0.2831,0.094206,0.489847,0.476583,0.551501,0.478295,-0.003497,0.00193,0.141864,0.998442,0.003289,0.027191,0.048612
0,0.1875,3,-0.193258,-0.28329,0.094045,0.534341,0.484905,0.506528,0.471992,-0.0037,0.002079,0.142024,-0.999913,-0.003632,0.012597,0.001646
0,0.1875,3,-0.192882,-0.283252,0.094117,0.536214,0.465332,0.506754,0.489021,-0.003658,0.001997,0.141651,0.999384,0.001044,-0.030853,0.016694
0,0.1875,3,-0.192293,-0.283352,0.094066,0.544956,0.452894,0.494779,0.503094,-0.003768,0.002016,0.141062,0.998304,0.003023,-0.054346,0.020644
0,0.1875,3,-0.193401,-0.283349,0.094069,0.529684,0.478141,0.506418,0.484105,-0.003756,0.002055,0.14217,0.999723,0.008626,-0.01931,0.01036
0,0.1875,3,-0.192918,-0.28322,0.094097,-0.52454,-0.486515,-0.516752,-0.470242,-0.003629,0.002021,0.141686,0.999974,0.003612,-0.000533,0.006144
0,0.1875,3,-0.19308,-0.2832,0.094139,0.518411,0.47674,0.522466,0.480623,-0.003603,0.001987,0.141849,0.999735,0.00413,-0.003961,0.022313
0,0.1875,3,-0.193395,-0.283089,0.094022,-0.504196,-0.513945,-0.535177,-0.441851,-0.0035,0.002125,0.142159,-0.998905,-0.00484,-0.046312,0.004569
0,0.1875,3,-0.192854,-0.28322,0.094117,0.50555,0.477946,0.540336,0.473311,-0.003627,0.001998,0.141623,0.999338,-0.001033,0.016252,0.032524
0,0.1875,3,-0.192646,-0.283183,0.094301,0.493467,0.456337,0.546969,0.49907,-0.003575,0.001812,0.141421,0.997798,0.003635,0.003376,0.066146
0,0.1875,3,-0.192978,-0.283131,0.094224,0.500842,0.472768,0.541502,0.482103,-0.003527,0.001905,0.141749,0.999009,0.002518,0.0126,0.042602
0,0.1875,3,-0.19292,-0.28322,0.094096,-0.527612,-0.483627,-0.519303,-0.466964,-0.003629,0.002022,0.141688,0.999981,-0.002291,-0.00051,0.005716
0,0.1875,3,-0.192723,-0.283325,0.094238,0.521091,0.454068,0.519248,0.502661,-0.003721,0.001864,0.141497,0.998673,0.003693,-0.02834,0.042845
0,0.1875,3,-0.193144,-0.28331,0.094184,0.520731,0.467299,0.517832,0.492261,-0.003708,0.001934,0.141916,0.999375,0.006161,-0.017676,0.029997
0,0.1875,3,-0.19308,-0.2832,0.094139,0.518411,0.47674,0.522466,0.480623,-0.003603,0.001987,0.141849,0.999735,0.00413,-0.003961,0.022313
0,0.1875,3,-0.192837,-0.283323,0.094123,0.530401,0.465298,0.506999,0.495101,-0.003729,0.001983,0.141608,0.999246,0.006884,-0.030709,0.02275
0,0.1875,3,-0.192885,-0.283251,0.094212,0.511125,0.463267,0.528265,0.495047,-0.003649,0.001902,0.141658,0.999002,0.005304,-0.010439,0.043108
0,0.1875,3,-0.193074,-0.283246,0.094068,0.531764,0.476419,0.515821,0.473477,-0.003655,0.002053,0.141841,0.999892,-0.003152,-0.011023,0.009249
0,0.1875,3,-0.192944,-0.2833,0.093984,-0.542678,-0.499276,-0.497825,-0.456503,-0.003718,0.002127,0.141709,-0.999647,-0.003223,0.00726,0.025373
0,0.1875,3,-0.19297,-0.283379,0.094108,0.536435,0.465544,0.499858,0.49563,-0.003785,0.001998,0.14174,0.99912,0.007663,-0.037742,0.016612
0,0.1875,3,-0.193243,-0.283157,0.094287,0.487811,0.474599,0.549989,0.484053,-0.003546,0.001849,0.142017,0.998295,0.006906,0.023709,0.052889
0,0.1875,3,-0.193003,-0.283019,0.094237,0.480706,0.489116,0.558656,0.466466,-0.003415,0.001903,0.141774,0.997916,0.004952,0.047288,0.043634
0,0.1875,3,-0.19347,-0.283278,0.094155,0.511515,0.47698,0.526602,0.483253,-0.003676,0.001979,0.14224,0.99956,0.007057,0.000612,0.028805
0,0.1875,3,-0.192754,-0.283156,0.094283,0.482872,0.459396,0.556562,0.496013,-0.003548,0.001836,0.141528,0.997212,0.004388,0.016828,0.07256
0,0.1875,3,-0.193079,-0.28317,0.094024,-0.522473,-0.506892,-0.51863,-0.448447,-0.003584,0.002104,0.141844,-0.999662,-0.003285,-0.021636,0.014015
0,0.1875,3,-0.192825,-0.282947,0.094194,0.485455,0.504185,0.555447,0.44901,-0.003348,0.001946,0.141593,0.998011,0.003094,0.058666,0.022855
0,0.1875,3,-0.193099,-0.283121,0.094127,-0.504529,-0.497103,-0.537333,-0.457835,-0.003525,0.002007,0.141867,0.999404,0.003012,0.031649,0.013469
0,0.1875,3,-0.192983,-0.283299,0.094004,0.546299,0.472373,0.492323,0.485839,-0.003715,0.002108,0.141749,-0.999232,-0.004914,0.038861,0.000351
0,0.1875,3,-0.193149,-0.283267,0.094234,0.51552,0.468239,0.521744,0.492721,-0.003661,0.001889,0.141923,0.999309,0.007621,-0.012707,0.034088
0,0.1875,3,-0.193091,-0.283262,0.094125,0.515238,0.483208,0.521378,0.478754,-0.003666,0.001995,0.14186,0.999783,0.008642,0.00102,0.018933
0,0.1875,3,-0.193564,-0.283203,0.094078,-0.514315,-0.49505,-0.524822,-0.463646,-0.003608,0.002065,0.14233,0.999827,0.005963,0.016195,0.006945
0,0.1875,3,-0.193448,-0.283215,0.094208,0.501352,0.481292,0.535337,0.480019,-0.003609,0.001931,0.14222,0.999291,0.008568,0.014056,0.033859
0,0.1875,3,-0.193057,-0.283326,0.094138,0.52682,0.480302,0.512331,0.478841,-0.003729,0.001976,0.141828,0.999865,0.005703,-0.011132,0.010679
0,0.1875,3,-0.193468,-0.283219,0.094208,0.507743,0.474553,0.540294,0.474425,-0.003613,0.001931,0.142239,0.999338,-0.003304,0.012979,0.033823
0,0.1875,3,-0.193339,-0.283067,0.094208,0.487835,0.496937,0.550878,0.460005,-0.003462,0.00194,0.142108,0.998488,0.005893,0.046287,0.029072
0,0.1875,3,-0.192679,-0.283163,0.094057,-0.533369,-0.494968,-0.512187,-0.456277,-0.003577,0.002057,0.141445,-0.999923,0.001306,-0.003244,0.011934
0,0.1875,3,-0.192978,-0.283131,0.094224,0.500842,0.472768,0.541502,0.482103,-0.003527,0.001905,0.141749,0.999009,0.002518,0.0126,0.042602
0,0.1875,3,-0.192572,-0.283176,0.094273,0.481721,0.46195,0.55844,0.492639,-0.003571,0.001837,0.141346,0.99725,0.003688,0.021248,0.070909
0,0.1875,3,-0.192885,-0.283251,0.094212,0.511125,0.463267,0.528265,0.495047,-0.003649,0.001902,0.141658,0.999002,0.005304,-0.010439,0.043108
0,0.1875,3,-0.193057,-0.283326,0.094138,0.52682,0.480302,0.512331,0.478841,-0.003729,0.001976,0.141828,0.999865,0.005703,-0.011132,0.010679
0,0.1875,3,-0.192754,-0.283156,0.094283,0.482872,0.459396,0.556562,0.496013,-0.003548,0.001836,0.141528,0.997212,0.004388,0.016828,0.07256
0,0.1875,3,-0.192541,-0.283151,0.094324,0.488777,0.46683,0.5511,0.489341,-0.003542,0.001788,0.141316,0.998046,0.004537,0.017605,0.059786
0,0.1875,3,-0.193459,-0.283294,0.094013,0.532273,0.486781,0.505052,0.473975,-0.003705,0.002118,0.142224,-0.999895,-0.007343,0.012407,0.001324
0,0.1875,3,-0.193243,-0.283133,0.094028,-0.503917,-0.508755,-0.535185,-0.448122,-0.003545,0.00211,0.142008,0.999144,0.005463,0.040986,0.001558
0,0.1875,3,-0.19308,-0.2832,0.094139,0.518411,0.47674,0.522466,0.480623,-0.003603,0.001987,0.141849,0.999735,0.00413,-0.003961,0.022313
0,0.1875,3,-0.192864,-0.283144,0.094013,-0.53058,-0.502908,-0.513952,-0.4488,-0.00356,0.00211,0.141628,-0.999757,0.000422,-0.012956,0.017826
0,0.1875,3,-0.192754,-0.283156,0.094283,0.482872,0.459396,0.556562,0.496013,-0.003548,0.001836,0.141528,0.997212,0.004388,0.016828,0.07256
0,0.1875,3,-0.19294,-0.283136,0.094303,0.499236,0.471502,0.543081,0.483231,-0.003525,0.001825,0.141714,0.998881,0.00248,0.013124,0.045369
0,0.1875,3,-0.193395,-0.283089,0.094022,-0.504196,-0.513945,-0.535177,-0.441851,-0.0035,0.002125,0.142159,-0.998905,-0.00484,-0.046312,0.004569
0,0.1875,3,-0.192646,-0.283183,0.094301,0.493467,0.456337,0.546969,0.49907,-0.003575,0.001812,0.141421,0.997798,0.003635,0.003376,0.066146
0,0.1875,3,-0.192572,-0.283176,0.094273,0.481721,0.46195,0.55844,0.492639,-0.003571,0.001837,0.141346,0.99725,0.003688,0.021248,0.070909
0,0.1875,3,-0.192964,-0.283354,0.094033,0.541405,0.493432,0.498034,0.464077,-0.003767,0.002074,0.141731,-0.99975,-0.004562,0.012905,0.017659
0,0.1875,3,-0.193183,-0.283021,0.094125,0.49274,0.496626,0.549552,0.456686,-0.003425,0.002021,0.14195,0.998704,0.002241,0.044531,0.02455
0,0.1875,3,-0.193149,-0.283267,0.094234,0.51552,0.468239,0.521744,0.492721,-0.003661,0.001889,0.141923,0.999309,0.007621,-0.012707,0.034088
0,0.1875,3,-0.193564,-0.283203,0.094078,-0.514315,-0.49505,-0.524822,-0.463646,-0.003608,0.002065,0.14233,0.999827,0.005963,0.016195,0.006945
0,0.1875,3,-0.193335,-0.283314,0.09424,0.520791,0.459553,0.52847,0.488167,-0.003705,0.001886,0.142108,0.999209,-0.005021,-0.013684,0.036991
0,0.1875,3,-0.192902,-0.283077,0.094116,-0.507987,-0.498064,-0.5359,-0.454635,-0.003484,0.002014,0.141669,0.999475,0.000848,0.031117,0.008973
0,0.1875,3,-0.19329,-0.283253,0.094115,0.525518,0.480529,0.514398,0.477825,-0.003656,0.002014,0.142058,0.999881,0.004974,-0.008766,0.011638
0,0.1875,3,-0.192978,-0.283298,0.09399,-0.539879,-0.499356,-0.499403,-0.458008,-0.003715,0.002122,0.141743,-0.999719,-0.004674,0.005679,0.022547
0,0.1875,3,-0.193564,-0.283203,0.094078,-0.514315,-0.49505,-0.524822,-0.463646,-0.003608,0.002065,0.14233,0.999827,0.005963,0.016195,0.006945
0,0.1875,3,-0.192922,-0.283066,0.094105,0.508476,0.487767,0.534446,0.466801,-0.003474,0.002028,0.141688,0.999614,0.002114,0.019371,0.019781
0,0.1875,3,-0.19347,-0.283278,0.094155,0.511515,0.47698,0.526602,0.483253,-0.003676,0.001979,0.14224,0.99956,0.007057,0.000612,0.028805
0,0.1875,3,-0.193334,-0.283301,0.094099,-0.521217,-0.48958,-0.51725,-0.47021,-0.003705,0.002026,0.142103,0.999954,0.006607,0.002884,0.006334
0,0.1875,3,-0.193459,-0.283294,0.094013,0.532273,0.486781,0.505052,0.473975,-0.003705,0.002118,0.142224,-0.999895,-0.007343,0.012407,0.001324
0,0.1875,3,-0.192646,-0.283183,0.094301,0.493467,0.456337,0.546969,0.49907,-0.003575,0.001812,0.141421,0.997798,0.003635,0.003376,0.066146
0,0.1875,3,-0.192723,-0.283325,0.094238,0.521091,0.454068,0.519248,0.502661,-0.003721,0.001864,0.141497,0.998673,0.003693,-0.02834,0.042845
0,0.1875,3,-0.192937,-0.283126,0.094188,0.491777,0.480195,0.550309,0.474055,-0.003526,0.00194,0.141707,0.99864,0.002625,0.029313,0.043028
0,0.1875,3,-0.192937,-0.283126,0.094188,0.491777,0.480195,0.550309,0.474055,-0.003526,0.00194,0.141707,0.99864,0.002625,0.029313,0.043028
0,0.1875,3,-0.19297,-0.283379,0.094108,0.536435,0.465544,0.499858,0.49563,-0.003785,0.001998,0.14174,0.99912,0.007663,-0.037742,0.016612
0,0.1875,3,-0.192932,-0.283059,0.094266,0.491226,0.481278,0.549445,0.47453,-0.003452,0.001868,0.141705,0.998653,0.004114,0.029413,0.042555
0,0.1875,3,-0.193316,-0.283159,0.094115,0.506063,0.485924,0.534105,0.47171,-0.003562,0.002023,0.142083,0.999545,0.005007,0.017183,0.024284
0,0.1875,3,-0.192819,-0.283369,0.09424,0.528243,0.462141,0.510655,0.496605,-0.003764,0.001861,0.141594,0.999149,0.005344,-0.029864,0.027961
0,0.1875,3,-0.192897,-0.28332,0.094077,0.542872,0.474056,0.499725,0.480454,-0.00373,0.002031,0.141665,0.999555,0.001258,-0.029769,0.001138
0,0.1875,3,-0.19295,-0.283239,0.093945,-0.540283,-0.504827,-0.50147,-0.449189,-0.00366,0.002172,0.141713,-0.999569,-0.001861,-0.002053,0.029212
0,0.1875,3,-0.193144,-0.28331,0.094184,0.520731,0.467299,0.517832,0.492261,-0.003708,0.001934,0.141916,0.999375,0.006161,-0.017676,0.029997
0,0.1875,3,-0.192646,-0.283183,0.094301,0.493467,0.456337,0.546969,0.49907,-0.003575,0.001812,0.141421,0.997798,0.003635,0.003376,0.066146
0,0.1875,3,-0.193325,-0.283329,0.094216,0.523525,0.46822,0.512759,0.493731,-0.003723,0.001907,0.142098,0.999369,0.008402,-0.022089,0.026525
0,0.1875,3,-0.192718,-0.283342,0.094079,0.536669,0.476658,0.50125,0.483251,-0.003753,0.00202,0.141486,0.999632,0.006396,-0.025919,0.004904
0,0.1875,3,-0.193316,-0.283159,0.094115,0.506063,0.485924,0.534105,0.47171,-0.003562,0.002023,0.142083,0.999545,0.005007,0.017183,0.024284
0,0.1875,3,-0.192772,-0.283207,0.093956,-0.537441,-0.502619,-0.4997,-0.45698,-0.003629,0.002157,0.141535,-0.999697,-0.006921,0.002247,0.023495
0,0.1875,3,-0.19347,-0.283278,0.094155,0.511515,0.47698,0.526602,0.483253,-0.003676,0.001979,0.14224,0.99956,0.007057,0.000612,0.028805
0,0.1875,3,-0.193144,-0.28331,0.094184,0.520731,0.467299,0.517832,0.492261,-0.003708,0.001934,0.141916,0.999375,0.006161,-0.017676,0.029997
0,0.1875,3,-0.192738,-0.283186,0.094355,0.489032,0.453262,0.551859,0.500852,-0.003572,0.001761,0.141515,0.997301,0.002819,0.00595,0.073124
0,0.1875,3,-0.192841,-0.283316,0.094075,0.533266,0.4836,0.507698,0.473287,-0.003726,0.002032,0.141609,0.999913,0.003591,-0.012663,0.000783
0,0.1875,3,-0.193289,-0.283119,0.094053,-0.512411,-0.507528,-0.528151,-0.448226,-0.003528,0.002088,0.142054,-0.999458,-0.003992,-0.032264,0.005136
0,0.1875,3,-0.192922,-0.283314,0.094106,0.540147,0.464854,0.495866,0.496255,-0.003721,0.002003,0.141691,0.998979,0.007664,-0.042393,0.013625
0,0.1875,3,-0.193483,-0.28328,0.094153,0.517821,0.471018,0.531611,0.476857,-0.003678,0.001981,0.142253,0.999596,-0.004801,0.000359,0.02801
0,0.1875,3,-0.193093,-0.2831,0.094206,0.489847,0.476583,0.551501,0.478295,-0.003497,0.00193,0.141864,0.998442,0.003289,0.027191,0.048612
0,0.1875,3,-0.193478,-0.283157,0.094078,-0.502707,-0.50598,-0.533149,-0.454996,-0.003562,0.002066,0.142244,0.999295,0.009077,0.035889,0.006193
0,0.1875,3,-0.192646,-0.283183,0.094301,0.493467,0.456337,0.546969,0.49907,-0.003575,0.001812,0.141421,0.997798,0.003635,0.003376,0.066146
0,0.1875,3,-0.193144,-0.28331,0.094184,0.520731,0.467299,0.517832,0.492261,-0.003708,0.001934,0.141916,0.999375,0.006161,-0.017676,0.029997
0,0.1875,3,-0.192487,-0.283364,0.094098,0.547013,0.454877,0.49187,0.501924,-0.003775,0.001991,0.141257,0.998316,0.003818,-0.055453,0.016626
0,0.1875,3,-0.19295,-0.283239,0.093945,-0.540283,-0.504827,-0.50147,-0.449189,-0.00366,0.002172,0.141713,-0.999569,-0.001861,-0.002053,0.029212
0,0.1875,3,-0.193448,-0.283215,0.094208,0.501352,0.481292,0.535337,0.480019,-0.003609,0.001931,0.14222,0.999291,0.008568,0.014056,0.033859
0,0.1875,3,-0.192902,-0.283077,0.094116,-0.507987,-0.498064,-0.5359,-0.454635,-0.003484,0.002014,0.141669,0.999475,0.000848,0.031117,0.008973
0,0.1875,3,-0.193137,-0.283175,0.094065,-0.5132,-0.498221,-0.527222,-0.458734,-0.003584,0.002065,0.141904,0.99974,0.004535,0.021911,0.004402
0,0.1875,3,-0.193087,-0.283334,0.093967,-0.543516,-0.50566,-0.49439,-0.452191,-0.003752,0.002146,0.141851,-0.99943,-0.005563,0.004437,0.033012
0,0.1875,3,-0.193339,-0.283168,0.094171,-0.509772,-0.490417,-0.528885,-0.468939,-0.003566,0.001968,0.142108,0.999719,0.006571,0.015951,0.016229
0,0.1875,3,-0.192754,-0.283156,0.094283,0.482872,0.459396,0.556562,0.496013,-0.003548,0.001836,0.141528,0.997212,0.004388,0.016828,0.07256
0,0.1875,3,-0.193144,-0.28331,0.094184,0.520731,0.467299,0.517832,0.492261,-0.003708,0.001934,0.141916,0.999375,0.006161,-0.017676,0.029997
0,0.1875,3,-0.193313,-0.28324,0.094181,0.510609,0.481114,0.538047,0.46724,-0.003637,0.00195,0.142084,0.999557,-0.003893,0.016869,0.024211
0,0.1875,3,-0.1928,-0.283414,0.093984,0.549098,0.487912,0.488413,0.471047,-0.003833,0.002111,0.141566,-0.999404,-0.005956,0.027929,0.019398
0,0.1875,3,-0.192754,-0.283156,0.094283,0.482872,0.459396,0.556562,0.496013,-0.003548,0.001836,0.141528,0.997212,0.004388,0.016828,0.07256
0,0.1875,3,-0.193093,-0.2831,0.094206,0.489847,0.476583,0.551501,0.478295,-0.003497,0.00193,0.141864,0.998442,0.003289,0.027191,0.048612
0,0.1875,3,-0.193025,-0.282981,0.09408,-0.483412,-0.52259,-0.55322,-0.432621,-0.003391,0.002063,0.14179,0.997145,0.006408,0.075096,0.004559
0,0.1875,3,-0.192978,-0.283131,0.094224,0.500842,0.472768,0.541502,0.482103,-0.003527,0.001905,0.141749,0.999009,0.002518,0.0126,0.042602
0,0.1875,3,-0.19308,-0.2832,0.094139,0.518411,0.47674,0.522466,0.480623,-0.003603,0.001987,0.141849,0.999735,0.00413,-0.003961,0.022313
0,0.1875,3,-0.1928,-0.283414,0.093984,0.549098,0.487912,0.488413,0.471047,-0.003833,0.002111,0.141566,-0.999404,-0.005956,0.027929,0.019398
0,0.1875,3,-0.193254,-0.283242,0.094154,0.51477,0.473088,0.526884,0.483314,-0.003642,0.001974,0.142024,0.999556,0.00331,-0.002757,0.029469
0,0.1875,3,-0.193077,-0.283395,0.094047,0.546078,0.467274,0.490233,0.493078,-0.003805,0.00206,0.141845,0.998914,0.007029,-0.045756,0.00519
0,0.15,4,-0.187814,-0.282263,0.08614,0.506479,0.478273,0.529993,0.483571,-0.005517,0.007699,0.105179,0.999902,0.004733,0.003508,0.012712
0,0.15,4,-0.187629,-0.282389,0.086179,0.514622,0.458469,0.531539,0.492378,-0.005641,0.007651,0.104996,0.999591,-0.005534,-0.013631,0.024512
0,0.15,4,-0.187627,-0.282336,0.086046,0.524984,0.476188,0.519991,0.476703,-0.0056,0.007788,0.104993,-0.999945,0.004081,0.009054,0.003367
0,0.15,4,-0.187523,-0.282391,0.086138,0.522625,0.467593,0.519255,0.488461,-0.005648,0.007692,0.10489,0.999807,-0.000871,-0.017945,0.007984
0,0.15,4,-0.18772,-0.282248,0.086176,0.508089,0.476124,0.536045,0.477291,-0.0055,0.007665,0.105085,0.999883,-0.003327,0.007787,0.012737
0,0.15,4,-0.18762,-0.282436,0.086141,0.524247,0.460944,0.521462,0.490686,-0.005692,0.007684,0.104987,0.999665,-0.004971,-0.021892,0.01291
0,0.15,4,-0.187511,-0.28239,0.086226,0.512768,0.457058,0.530824,0.496379,-0.00564,0.007604,0.104877,0.999485,-0.002932,-0.015624,0.027858
0,0.15,4,-0.187244,-0.282429,0.086149,0.534346,0.449599,0.508979,0.503265,-0.005689,0.007678,0.104611,0.998872,-0.003148,-0.04509,0.014546
0,0.15,4,-0.187646,-0.28228,0.086217,0.502067,0.469595,0.539691,0.485946,-0.00553,0.007622,0.105011,0.999665,-0.001003,0.005557,0.025254
0,0.15,4,-0.187743,-0.282236,0.086128,0.505831,0.475794,0.539219,0.476443,-0.005492,0.007713,0.105108,0.999818,-0.004368,0.010861,0.015074
0,0.15,4,-0.187555,-0.282176,0.08624,0.496187,0.48151,0.543094,0.47644,-0.005425,0.007607,0.104919,0.999614,0.001376,0.020644,0.018531
0,0.15,4,-0.187652,-0.282345,0.086318,0.494271,0.459133,0.548454,0.494056,-0.005585,0.007516,0.105018,0.999064,-0.00258,0.00529,0.042857
0,0.15,4,-0.187294,-0.282455,0.086065,0.529449,0.46219,0.514175,0.491619,-0.005721,0.00776,0.104661,0.999574,-0.002869,-0.028241,0.006757
0,0.15,4,-0.187636,-0.2823,0.086136,0.515946,0.473762,0.527562,0.480652,-0.005557,0.0077,0.105002,0.99996,-0.002523,-0.003458,0.007891
0,0.15,4,-0.187639,-0.2823,0.086137,0.513667,0.475965,0.525654,0.483003,-0.005556,0.0077,0.105004,0.99996,0.001852,-0.00333,0.008118
0,0.15,4,-0.187798,-0.282255,0.086236,0.495453,0.475043,0.546162,0.480174,-0.005501,0.007604,0.105163,0.999512,-0.001116,0.017739,0.025676
0,0.15,4,-0.188082,-0.282349,0.086227,0.497255,0.467098,0.537334,0.495812,-0.005593,0.007605,0.105448,0.999441,0.006317,0.000928,0.032819
0,0.15,4,-0.18772,-0.282248,0.086176,0.508089,0.476124,0.536045,0.477291,-0.0055,0.007665,0.105085,0.999883,-0.003327,0.007787,0.012737
0,0.15,4,-0.187546,-0.282341,0.086176,0.511848,0.465914,0.529432,0.490549,-0.005595,0.007658,0.104912,0.999761,-0.000309,-0.00884,0.01997
0,0.15,4,-0.187533,-0.282381,0.086217,0.510662,0.461966,0.529707,0.495199,-0.005631,0.007614,0.1049,0.999609,0.000529,-0.012192,0.02514
0,0.15,4,-0.187594,-0.28222,0.086061,-0.518344,-0.481536,-0.525701,-0.472313,-0.005483,0.007782,0.104959,-0.99999,0.003146,-0.002035,0.002532
0,0.15,4,-0.187583,-0.282316,0.086162,0.510247,0.471707,0.532724,0.483058,-0.00557,0.007674,0.104949,0.999879,-0.002041,6.2e-05,0.015407
0,0.15,4,-0.187405,-0.282444,0.086256,0.519471,0.450108,0.527487,0.499309,-0.005693,0.00757,0.104772,0.999252,-0.006621,-0.025582,0.028219
0,0.15,4,-0.187575,-0.282382,0.086094,0.519562,0.465991,0.52338,0.488857,-0.005643,0.007736,0.104942,0.999805,-0.001983,-0.015161,0.012473
0,0.15,4,-0.187583,-0.282316,0.086162,0.510247,0.471707,0.532724,0.483058,-0.00557,0.007674,0.104949,0.999879,-0.002041,6.2e-05,0.015407
0,0.15,4,-0.187598,-0.282345,0.086145,0.50828,0.477638,0.535271,0.476444,-0.005601,0.007688,0.104964,0.9999,-0.002712,0.008415,0.011042
0,0.15,4,-0.187635,-0.282417,0.086004,0.530546,0.473428,0.51306,0.480788,-0.005684,0.007822,0.105003,-0.999802,0.002738,0.018832,0.00579
0,0.15,4,-0.187671,-0.282375,0.08609,0.518041,0.475714,0.518828,0.48595,-0.005634,0.007741,0.105038,0.999923,0.004415,-0.010687,0.004407
0,0.15,4,-0.187488,-0.282458,0.086228,0.518618,0.449103,0.52475,0.503963,-0.005708,0.007596,0.104855,0.99911,-0.002986,-0.029266,0.030241
0,0.15,4,-0.187517,-0.282351,0.08618,0.515212,0.461949,0.529317,0.490901,-0.005605,0.007653,0.104882,0.9997,-0.003736,-0.012721,0.020574
0,0.15,4,-0.187664,-0.282368,0.086155,0.512964,0.47666,0.530299,0.47796,-0.005622,0.007676,0.10503,0.999965,-0.002307,0.002195,0.007716
0,0.15,4,-0.187444,-0.282465,0.086269,0.523855,0.449228,0.522648,0.500609,-0.005712,0.007555,0.104811,0.999176,-0.006198,-0.031425,0.024938
0,0.15,4,-0.187629,-0.28234,0.086356,0.487959,0.452692,0.55546,0.498427,-0.005578,0.007478,0.104994,0.998461,-0.003918,0.007051,0.054868
0,0.15,4,-0.18786,-0.282313,0.086286,0.50049,0.459379,0.544576,0.491851,-0.005554,0.00755,0.105225,0.999312,-0.004753,0.001203,0.036761
0,0.15,4,-0.18757,-0.282419,0.086261,0.51597,0.449105,0.521644,0.50987,-0.005665,0.007566,0.104937,0.998927,0.002864,-0.032321,0.03306
0,0.15,4,-0.187594,-0.28227,0.086002,-0.517333,-0.482576,-0.524629,-0.473551,-0.005538,0.007837,0.10496,-0.999995,0.000963,-0.001912,0.002471
0,0.15,4,-0.187404,-0.282392,0.086073,0.524008,0.472537,0.51916,0.482283,-0.005656,0.007756,0.104771,0.999907,-0.002176,-0.013394,0.001496
0,0.15,4,-0.187619,-0.282425,0.086219,0.512902,0.455037,0.532285,0.496533,-0.005675,0.007607,0.104986,0.999422,-0.004656,-0.015975,0.029636
0,0.15,4,-0.187444,-0.282354,0.086151,0.519017,0.478652,0.519721,0.481045,-0.005611,0.007682,0.10481,0.999973,0.002467,-0.00698,0.000296
0,0.15,4,-0.187573,-0.282391,0.086204,0.517259,0.467948,0.521497,0.491436,-0.005643,0.007626,0.104939,0.999797,0.002385,-0.015235,0.01297
0,0.15,4,-0.187196,-0.282325,0.086103,-0.518555,-0.483904,-0.517824,-0.478327,-0.005589,0.007732,0.104562,-0.99997,-0.004881,0.003909,0.004554
0,0.15,4,-0.187671,-0.282341,0.086237,0.512498,0.468729,0.531185,0.485264,-0.005588,0.007596,0.105037,0.999854,-0.002773,-0.004392,0.016297
0,0.15,4,-0.187795,-0.282141,0.086247,0.485357,0.483492,0.556916,0.469584,-0.005387,0.007603,0.105158,0.998954,-0.00257,0.037706,0.025753
0,0.15,4,-0.18743,-0.282379,0.08619,0.519163,0.455965,0.52461,0.497342,-0.005633,0.007641,0.104797,0.999464,-0.003108,-0.023171,0.022895
0,0.15,4,-0.187765,-0.28219,0.086183,0.492413,0.488868,0.54317,0.472762,-0.005441,0.007662,0.105129,0.99949,0.005027,0.027935,0.014606
0,0.15,4,-0.187213,-0.282459,0.08612,0.531427,0.452907,0.512417,0.499889,-0.005722,0.007704,0.10458,0.99915,-0.003443,-0.038584,0.01411
0,0.15,4,-0.187759,-0.282346,0.086264,0.512659,0.45694,0.533999,0.493185,-0.00559,0.007569,0.105125,0.999516,-0.006128,-0.012446,0.027848
0,0.15,4,-0.187585,-0.282315,0.086162,0.507921,0.473952,0.530857,0.485362,-0.00557,0.007673,0.104951,0.999875,0.002335,0.000279,0.015631
0,0.15,4,-0.187528,-0.282381,0.086216,0.513073,0.459731,0.531481,0.492881,-0.005632,0.007615,0.104894,0.999607,-0.003845,-0.012489,0.024819
0,0.15,4,-0.187671,-0.28239,0.08618,0.509058,0.472052,0.528337,0.48876,-0.005642,0.007649,0.105038,0.999846,0.003788,-0.004159,0.016629
0,0.15,4,-0.187245,-0.282335,0.086104,0.527207,0.473697,0.516398,0.480622,-0.005598,0.007731,0.104611,-0.999878,0.002671,0.015148,0.002823
0,0.15,4,-0.187613,-0.28246,0.086158,0.520189,0.468477,0.516005,0.49363,-0.005714,0.007665,0.104981,0.999731,0.005015,-0.020412,0.009789
0,0.15,4,-0.187696,-0.282223,0.086345,0.476058,0.469405,0.560912,0.488268,-0.005461,0.007498,0.10506,0.998369,0.002517,0.028953,0.049145
0,0.15,4,-0.187736,-0.282242,0.086141,0.503586,0.48265,0.539918,0.471103,-0.005497,0.007701,0.105101,0.999778,-0.002879,0.018232,0.010124
0,0.15,4,-0.187823,-0.282202,0.086232,0.486307,0.476773,0.552612,0.48043,-0.005448,0.007613,0.105187,0.999122,0.001238,0.026568,0.032359
0,0.15,4,-0.187596,-0.282329,0.086153,0.517724,0.467001,0.524138,0.489031,-0.005585,0.007681,0.104962,0.999822,-0.000847,-0.013409,0.013272
0,0.15,4,-0.187675,-0.282346,0.08614,0.509707,0.476604,0.528479,0.483485,-0.005602,0.007693,0.105041,0.999932,0.002995,0.000278,0.011277
0,0.15,4,-0.187569,-0.282351,0.086265,0.507052,0.457736,0.536354,0.495682,-0.005597,0.007568,0.104935,0.999425,-0.002832,-0.009111,0.032524
0,0.15,4,-0.187398,-0.282402,0.086145,0.521039,0.460701,0.519556,0.49632,-0.00566,0.007684,0.104765,0.999574,0.000308,-0.02402,0.01656
0,0.15,4,-0.187673,-0.282297,0.086198,0.513025,0.473269,0.531442,0.479991,-0.005548,0.007639,0.105039,0.999932,-0.003568,0.000162,0.011065
0,0.15,4,-0.187667,-0.282432,0.086223,0.511774,0.462756,0.533144,0.489594,-0.00568,0.007603,0.105034,0.999696,-0.004173,-0.007927,0.022953
0,0.15,4,-0.187571,-0.282061,0.086175,0.489098,0.485151,0.548494,0.473884,-0.005316,0.007682,0.104933,0.999316,0.002754,0.030115,0.021273
0,0.15,4,-0.18746,-0.28245,0.086146,0.52467,0.453491,0.520748,0.497884,-0.005707,0.007679,0.104827,0.999353,-0.004911,-0.029494,0.019992
0,0.15,4,-0.187798,-0.282255,0.086236,0.495453,0.475043,0.546162,0.480174,-0.005501,0.007604,0.105163,0.999512,-0.001116,0.017739,0.025676
0,0.15,4,-0.187718,-0.282199,0.086142,0.507093,0.480702,0.537682,0.471891,-0.005454,0.007703,0.105083,0.999856,-0.004094,0.013932,0.008808
0,0.15,4,-0.18779,-0.282308,0.086284,0.495128,0.467522,0.545856,0.488174,-0.00555,0.007552,0.105155,0.999377,-0.000505,0.010322,0.033761
0,0.15,4,-0.187814,-0.282436,0.086059,0.519922,0.469349,0.524902,0.483601,-0.005696,0.007766,0.105181,0.999901,-0.003902,-0.010437,0.008556
0,0.15,4,-0.187508,-0.282393,0.086163,0.518522,0.454679,0.521673,0.502254,-0.005649,0.007667,0.104874,0.999314,0.00051,-0.027328,0.025
0,0.15,4,-0.187661,-0.28243,0.086098,0.521862,0.458177,0.525966,0.491013,-0.005689,0.007727,0.105029,0.999619,-0.007228,-0.01979,0.017832
0,0.15,4,-0.187484,-0.282357,0.086223,0.515504,0.466341,0.523798,0.492358,-0.005608,0.00761,0.10485,0.999764,0.001786,-0.014334,0.016231
0,0.15,4,-0.18752,-0.282286,0.086149,0.504854,0.474196,0.538276,0.480124,-0.005542,0.007689,0.104885,0.999803,-0.002345,0.008355,0.017825
0,0.15,4,-0.187479,-0.282415,0.086115,0.5245,0.455706,0.520861,0.495919,-0.005675,0.007713,0.104846,0.999453,-0.004769,-0.027347,0.017951
0,0.15,4,-0.187296,-0.282475,0.086079,0.528705,0.466811,0.512687,0.489602,-0.00574,0.007744,0.104664,0.999672,-0.000473,-0.025448,0.00293
0,0.15,4,-0.187484,-0.282369,0.086126,0.51799,0.468559,0.524313,0.487067,-0.005628,0.007706,0.10485,0.999865,-0.001283,-0.011771,0.011398
0,0.15,4,-0.18766,-0.282227,0.086177,0.500699,0.475778,0.541652,0.479111,-0.00548,0.007665,0.105024,0.999706,-0.001668,0.013519,0.020074
0,0.15,4,-0.187646,-0.28228,0.086217,0.502067,0.469595,0.539691,0.485946,-0.00553,0.007622,0.105011,0.999665,-0.001003,0.005557,0.025254
0,0.15,4,-0.187398,-0.28257,0.08616,0.527826,0.443938,0.515082,0.50893,-0.005827,0.007654,0.104767,0.998679,-0.002874,-0.043937,0.026482
0,0.15,4,-0.187726,-0.282292,0.086217,0.507279,0.471377,0.536099,0.482773,-0.00554,0.007621,0.105091,0.999821,-0.002542,0.003342,0.01847
0,0.15,4,-0.187969,-0.282446,0.086223,0.511883,0.454209,0.533799,0.496718,-0.00569,0.007601,0.105336,0.999379,-0.005219,-0.015143,0.031379
0,0.15,4,-0.187947,-0.28235,0.086197,0.506557,0.462384,0.538188,0.489852,-0.005597,0.007635,0.105313,0.99959,-0.004124,-0.002887,0.028192
0,0.15,4,-0.187806,-0.282327,0.086093,0.506635,0.482748,0.530564,0.478306,-0.005584,0.00774,0.105172,0.999926,0.003937,0.008384,0.007844
0,0.15,4,-0.187805,-0.282196,0.086368,0.478647,0.466793,0.557174,0.492502,-0.005431,0.007478,0.105168,0.998507,0.003923,0.022383,0.049671
0,0.15,4,-0.187398,-0.282402,0.086145,0.521039,0.460701,0.519556,0.49632,-0.00566,0.007684,0.104765,0.999574,0.000308,-0.02402,0.01656
0,0.15,4,-0.187542,-0.282284,0.086173,0.515347,0.473827,0.53163,0.476734,-0.005539,0.007666,0.104907,0.999948,-0.006194,0.000873,0.008073
0,0.15,4,-0.187538,-0.282286,0.086052,-0.522896,-0.479713,-0.522329,-0.472894,-0.005551,0.007786,0.104904,-0.999972,0.004366,0.003241,0.005065
0,0.15,4,-0.1875,-0.282216,0.086231,0.505316,0.476505,0.53372,0.482433,-0.005467,0.007613,0.104864,0.999863,0.002006,0.005748,0.015396
0,0.15,4,-0.187784,-0.282396,0.086146,0.513644,0.465986,0.533719,0.483912,-0.005649,0.007682,0.105151,0.999812,-0.006657,-0.00434,0.017709
0,0.15,4,-0.187474,-0.282348,0.086112,0.520281,0.462255,0.527366,0.487354,-0.005608,0.007721,0.10484,0.999754,-0.006946,-0.014535,0.015229
0,0.15,4,-0.187537,-0.282401,0.086226,0.513141,0.464701,0.53024,0.489474,-0.00565,0.007603,0.104903,0.999758,-0.002506,-0.009161,0.019823
0,0.15,4,-0.187523,-0.282391,0.086138,0.522625,0.467593,0.519255,0.488461,-0.005648,0.007692,0.10489,0.999807,-0.000871,-0.017945,0.007984
0,0.15,4,-0.187722,-0.282377,0.086218,0.515764,0.460509,0.527825,0.493274,-0.005625,0.007612,0.105088,0.999641,-0.00279,-0.015608,0.021575
0,0.15,4,-0.18763,-0.282398,0.086224,0.511838,0.473605,0.524538,0.488447,-0.005647,0.007605,0.104997,0.999887,0.004899,-0.006689,0.012503
0,0.15,4,-0.187399,-0.282425,0.086162,0.520315,0.464447,0.518098,0.495112,-0.005682,0.007665,0.104766,0.999661,0.002653,-0.022028,0.013615
0,0.15,4,-0.187144,-0.282509,0.086216,0.526666,0.453102,0.514614,0.502487,-0.005764,0.007605,0.104512,0.999173,-0.000737,-0.036108,0.018675
0,0.15,4,-0.187421,-0.282488,0.086223,0.525602,0.454096,0.517735,0.49949,-0.005739,0.007599,0.104788,0.99931,-0.00277,-0.032024,0.018612
0,0.15,4,-0.187675,-0.282346,0.08614,0.509707,0.476604,0.528479,0.483485,-0.005602,0.007693,0.105041,0.999932,0.002995,0.000278,0.011277
0,0.15,5,-0.18747,-0.28354,0.085189,0.513515,0.470578,0.522541,0.491742,-0.005665,0.000912,0.111921,-0.999967,-0.006524,0.001455,0.004557
0,0.15,5,-0.1872,-0.283541,0.085222,0.51257,0.464345,0.52468,0.496354,-0.005662,0.00089,0.11165,0.999971,0.005153,-0.005059,0.002565
0,0.15,5,-0.18725,-0.283317,0.08507,-0.520688,-0.494314,-0.520299,-0.462414,-0.005452,0.001059,0.111708,-0.999147,-0.00097,-0.018884,0.036724
0,0.15,5,-0.18738,-0.283259,0.085208,0.482116,0.481271,0.556906,0.475182,-0.005384,0.000921,0.111834,0.998872,0.001042,0.04574,0.012669
0,0.15,5,-0.187335,-0.283475,0.085128,0.512227,0.466808,0.524432,0.494656,-0.005605,0.000983,0.111789,0.999979,0.005802,-0.003008,0.000444
0,0.15,5,-0.187421,-0.283558,0.085124,0.517928,0.479345,0.51571,0.485821,-0.005689,0.000977,0.111874,-0.999803,-0.009189,0.000245,0.017575
0,0.15,5,-0.18718,-0.283524,0.08527,0.51146,0.459701,0.525787,0.500632,-0.00564,0.000845,0.111628,0.99992,0.005004,-0.00817,0.008277
0,0.15,5,-0.187708,-0.283302,0.085335,0.473556,0.468641,0.561445,0.490815,-0.005417,0.000778,0.112156,0.998656,0.00458,0.03913,0.033681
0,0.15,5,-0.187293,-0.28332,0.085164,0.499125,0.481,0.54471,0.472021,-0.005447,0.000963,0.111747,-0.999486,0.002712,-0.031824,0.002823
0,0.15,5,-0.187368,-0.283412,0.085122,0.51331,0.479316,0.525219,0.480534,-0.005543,0.000994,0.111823,-0.999855,-0.00387,-0.009527,0.013585
0,0.15,5,-0.187119,-0.283388,0.085132,0.510595,0.482844,0.526659,0.478314,-0.005516,0.000995,0.111574,-0.999776,-0.005067,-0.014464,0.014589
0,0.15,5,-0.187546,-0.283507,0.085177,0.514161,0.464244,0.520315,0.499387,-0.005634,0.000924,0.111998,0.99992,0.008102,-0.009603,0.001365
0,0.15,5,-0.187357,-0.283552,0.085098,0.524494,0.473597,0.511521,0.488833,-0.005684,0.001006,0.111812,-0.999761,-0.006825,0.010086,0.018156
0,0.15,5,-0.187371,-0.283503,0.085225,0.510154,0.463492,0.530891,0.493024,-0.005625,0.000883,0.111821,0.999985,0.001036,0.000541,0.005381
0,0.15,5,-0.187382,-0.283463,0.085123,0.51018,0.480007,0.527175,0.481037,-0.005594,0.000988,0.111837,-0.999849,-0.004989,-0.012291,0.011247
0,0.15,5,-0.187073,-0.283301,0.08537,0.483663,0.457895,0.553892,0.499606,-0.005409,0.000768,0.111519,0.999158,0.002704,0.020549,0.035408
0,0.15,5,-0.18729,-0.283561,0.085281,0.508811,0.455022,0.528908,0.504304,-0.005677,0.000826,0.111737,0.999831,0.004246,-0.009169,0.015387
0,0.15,5,-0.187149,-0.283552,0.085198,0.520448,0.465858,0.517969,0.49378,-0.005674,0.000915,0.111599,-0.999912,-0.00419,0.01073,0.006541
0,0.15,5,-0.187401,-0.283374,0.085042,-0.515019,-0.495804,-0.520986,-0.466376,-0.005512,0.001076,0.11186,-0.999234,-0.006132,-0.02112,0.03238
0,0.15,5,-0.187309,-0.283208,0.085041,0.494976,0.500125,0.541627,0.459908,-0.005346,0.001094,0.111769,-0.998693,-0.004149,-0.047444,0.018556
0,0.15,5,-0.187407,-0.283413,0.085182,0.501388,0.468819,0.536016,0.491432,-0.005539,0.000933,0.11186,0.999892,0.0045,0.011158,0.008429
0,0.15,5,-0.18764,-0.28346,0.085161,0.507463,0.475588,0.526697,0.48876,-0.00559,0.00094,0.112093,-0.999928,-0.008302,-0.007721,0.003837
0,0.15,5,-0.187107,-0.283606,0.085348,0.511586,0.45067,0.526708,0.507696,-0.005715,0.000762,0.111551,0.999728,0.00359,-0.015478,0.017045
0,0.15,5,-0.187531,-0.283447,0.08515,0.505401,0.473305,0.531502,0.487913,-0.005577,0.000957,0.111985,0.99993,0.005287,0.010554,0.000182
0,0.15,5,-0.187277,-0.283493,0.085094,0.523004,0.478816,0.515618,0.480978,-0.005625,0.001018,0.111732,-0.999742,-0.00404,0.00098,0.022312
0,0.15,5,-0.187277,-0.283574,0.085292,0.515202,0.444501,0.524138,0.512118,-0.005688,0.000814,0.111724,0.999522,0.002335,-0.02379,0.01961
0,0.15,5,-0.187341,-0.283421,0.085226,0.504913,0.461337,0.530502,0.500798,-0.005543,0.000891,0.111792,0.999893,0.00667,-0.001564,0.0129
0,0.15,5,-0.187289,-0.283561,0.085239,0.516247,0.463317,0.520497,0.497905,-0.005681,0.000868,0.111738,0.999929,0.005783,-0.010376,0.000156
0,0.15,5,-0.187363,-0.283503,0.085227,0.507748,0.465609,0.528823,0.495728,-0.005625,0.000882,0.111813,0.999966,0.005686,0.000529,0.005867
0,0.15,5,-0.187522,-0.283396,0.085257,0.497044,0.465395,0.53858,0.496273,-0.005517,0.000855,0.111972,0.999794,0.006066,0.01084,0.016047
0,0.15,5,-0.187427,-0.283296,0.085186,0.491629,0.478748,0.547131,0.479322,-0.005422,0.000937,0.111881,0.999444,0.002295,0.032528,0.006917
0,0.15,5,-0.187127,-0.283273,0.085396,0.460882,0.45866,0.572397,0.499581,-0.005379,0.000743,0.111573,0.997584,0.004622,0.042482,0.054768
0,0.15,5,-0.187299,-0.283382,0.085215,0.496033,0.474958,0.540448,0.486088,-0.005504,0.000907,0.111751,0.999725,0.00515,0.02176,0.007126
0,0.15,5,-0.187321,-0.283306,0.08513,-0.503534,-0.498869,-0.532509,-0.462619,-0.005436,0.000997,0.111777,-0.999013,-0.005421,-0.03636,0.024938
0,0.15,5,-0.187025,-0.283455,0.085138,0.523304,0.478715,0.516419,0.479892,-0.005582,0.000988,0.111479,-0.999741,-0.002881,0.000271,0.022591
0,0.15,5,-0.187521,-0.28344,0.085126,0.508536,0.478697,0.528279,0.482869,-0.005572,0.000981,0.111975,-0.999876,-0.005509,-0.012232,0.008295
0,0.15,5,-0.187508,-0.283441,0.085201,0.505697,0.465863,0.531355,0.494878,-0.005566,0.000907,0.111959,0.999953,0.005081,0.003433,0.00748
0,0.15,5,-0.187101,-0.283244,0.085331,0.480547,0.465674,0.555648,0.493434,-0.005355,0.000811,0.11155,0.999084,0.004027,0.029784,0.03047
0,0.15,5,-0.187183,-0.283428,0.085177,0.513578,0.46275,0.523701,0.497833,-0.005553,0.000945,0.111636,0.999953,0.005126,-0.007564,0.003219
0,0.15,5,-0.187117,-0.283469,0.085105,0.523667,0.478232,0.512232,0.484443,-0.0056,0.001016,0.111572,-0.999719,-0.006921,0.004968,0.022125
0,0.15,5,-0.187399,-0.283408,0.085047,-0.520928,-0.487671,-0.516727,-0.473079,-0.005546,0.001068,0.111857,-0.999515,-0.004834,-0.008703,0.029516
0,0.15,5,-0.187522,-0.283396,0.085257,0.497044,0.465395,0.53858,0.496273,-0.005517,0.000855,0.111972,0.999794,0.006066,0.01084,0.016047
0,0.15,5,-0.187457,-0.283484,0.085267,0.500576,0.457058,0.535219,0.504046,-0.005603,0.00084,0.111905,0.999759,0.005897,-0.000457,0.021151
0,0.15,5,-0.187548,-0.283329,0.085172,0.502528,0.481592,0.535072,0.478783,-0.005457,0.000944,0.112002,-0.999727,-0.004306,-0.022218,0.005818
0,0.15,5,-0.187329,-0.283431,0.085294,0.5046,0.457842,0.531906,0.502828,-0.005547,0.000822,0.111777,0.999842,0.005406,-0.003335,0.016597
0,0.15,5,-0.187457,-0.283484,0.085267,0.500576,0.457058,0.535219,0.504046,-0.005603,0.00084,0.111905,0.999759,0.005897,-0.000457,0.021151
0,0.15,5,-0.187409,-0.283358,0.085307,0.488636,0.468615,0.548101,0.491141,-0.005474,0.000813,0.111857,0.999494,0.004257,0.024141,0.020261
0,0.15,5,-0.187393,-0.283316,0.085307,0.481709,0.475898,0.555411,0.482697,-0.005431,0.000817,0.111842,0.999054,0.003177,0.039056,0.018872
0,0.15,5,-0.187508,-0.283441,0.085201,0.505697,0.465863,0.531355,0.494878,-0.005566,0.000907,0.111959,0.999953,0.005081,0.003433,0.00748
0,0.15,5,-0.187153,-0.283244,0.085023,-0.501859,-0.50174,-0.535454,-0.457911,-0.005382,0.001116,0.111614,-0.998739,-0.003743,-0.042356,0.026682
0,0.15,5,-0.187296,-0.283326,0.085221,0.495562,0.474953,0.539821,0.487269,-0.005448,0.000905,0.111748,0.999727,0.006298,0.021136,0.007674
0,0.15,5,-0.187201,-0.283589,0.085269,0.518273,0.450773,0.521789,0.505897,-0.005705,0.000839,0.111649,0.99973,0.001989,-0.020651,0.0105
0,0.15,5,-0.187103,-0.283406,0.085084,0.513754,0.476519,0.524894,0.48319,-0.005538,0.001043,0.11156,-0.99991,-0.00379,-0.006518,0.011111
0,0.15,5,-0.186962,-0.283327,0.085441,0.475949,0.451087,0.560941,0.50531,-0.005428,0.0007,0.111406,0.998548,0.00236,0.022257,0.048997
0,0.15,5,-0.187403,-0.283284,0.085149,0.496208,0.488386,0.541291,0.471446,-0.005413,0.000976,0.111859,-0.999337,-0.003811,-0.035497,0.007185
0,0.15,5,-0.187075,-0.283421,0.085133,0.51691,0.476892,0.520675,0.48402,-0.005548,0.000994,0.11153,-0.999881,-0.005018,-0.00248,0.014392
0,0.15,5,-0.187218,-0.283218,0.085294,0.476559,0.480315,0.561517,0.476327,-0.005334,0.000845,0.111668,0.998572,0.001484,0.050044,0.018632
0,0.15,5,-0.187499,-0.283419,0.085218,0.50945,0.467675,0.527684,0.493245,-0.005543,0.000893,0.11195,0.999983,0.0052,0.001212,0.002135
0,0.15,5,-0.187363,-0.283503,0.085227,0.507748,0.465609,0.528823,0.495728,-0.005625,0.000882,0.111813,0.999966,0.005686,0.000529,0.005867
0,0.15,5,-0.18727,-0.283349,0.085316,0.494393,0.462636,0.545469,0.493971,-0.005462,0.00081,0.111718,0.999662,0.001291,0.015499,0.02083
0,0.15,5,-0.187653,-0.283436,0.085225,0.502113,0.468796,0.533129,0.493849,-0.00556,0.000878,0.112104,0.999911,0.006843,0.008155,0.007983
0,0.15,5,-0.187412,-0.28328,0.085185,0.488146,0.483037,0.548094,0.477476,-0.005407,0.00094,0.111866,0.999256,0.004672,0.037824,0.005856
0,0.15,5,-0.187275,-0.283315,0.085271,0.48388,0.478518,0.550673,0.483364,-0.005432,0.000857,0.111725,0.99921,0.006186,0.036449,0.01456
0,0.15,5,-0.187285,-0.283379,0.085216,0.507717,0.474299,0.532488,0.483446,-0.005501,0.000907,0.111737,-0.999916,-0.001875,-0.012403,0.003313
0,0.15,5,-0.187308,-0.28353,0.085297,0.509619,0.459953,0.525921,0.502134,-0.005645,0.000812,0.111755,0.999899,0.006718,-0.007704,0.009879
0,0.15,5,-0.187347,-0.283422,0.08519,0.513283,0.465782,0.525611,0.493276,-0.005547,0.000926,0.111799,0.99999,0.003476,-0.002821,0.000309
0,0.15,5,-0.18701,-0.283397,0.085477,0.4798,0.452594,0.557436,0.504198,-0.005494,0.000656,0.111452,0.99883,0.002471,0.019677,0.044111
0,0.15,5,-0.187671,-0.283375,0.085285,0.49087,0.469284,0.54491,0.491826,-0.005494,0.000822,0.11212,0.999601,0.005486,0.02133,0.017679
0,0.15,5,-0.187198,-0.283482,0.085211,0.5159,0.466706,0.522471,0.493007,-0.005604,0.000906,0.111649,-0.999973,-0.004128,0.005238,0.003062
0,0.15,5,-0.187384,-0.28338,0.085242,0.505646,0.465774,0.531961,0.494363,-0.0055,0.000877,0.111835,0.999953,0.00449,0.003967,0.00757
0,0.15,5,-0.187674,-0.283363,0.085171,0.499018,0.481914,0.534645,0.482591,-0.005493,0.000937,0.112128,-0.999715,-0.008326,-0.022239,0.002511
0,0.15,5,-0.187473,-0.283227,0.085339,0.475804,0.471337,0.561459,0.48602,-0.005341,0.00079,0.111922,0.998723,0.002376,0.041502,0.028698
0,0.15,5,-0.187283,-0.283275,0.085346,0.486232,0.471713,0.552941,0.485099,-0.005387,0.000787,0.111731,0.9993,0.001401,0.032228,0.018952
0,0.15,5,-0.187024,-0.283358,0.085128,0.504155,0.482641,0.535598,0.475416,-0.005486,0.001006,0.11148,-0.999679,-0.002049,-0.023709,0.008653
0,0.15,5,-0.187394,-0.283489,0.085114,0.520556,0.472983,0.514389,0.490624,-0.005621,0.000994,0.111849,-0.999846,-0.007884,0.007666,0.013648
0,0.15,5,-0.187276,-0.283432,0.085153,0.506728,0.475454,0.531246,0.484715,-0.005559,0.000965,0.111729,-0.99991,-0.004208,-0.012263,0.003365
0,0.15,5,-0.187412,-0.283376,0.085295,0.493846,0.467395,0.543229,0.492503,-0.005492,0.000823,0.111861,0.999694,0.004312,0.017653,0.016785
0,0.15,5,-0.187346,-0.283425,0.085224,0.508337,0.458142,0.532696,0.497929,-0.005547,0.000892,0.111797,0.999919,0.000843,-0.002477,0.012459
0,0.15,5,-0.187313,-0.283467,0.085243,0.510806,0.45892,0.526976,0.500766,-0.005587,0.000871,0.111763,0.999915,0.004395,-0.007659,0.009632
0,0.15,5,-0.187469,-0.283494,0.085139,0.515906,0.477017,0.521105,0.484505,-0.005624,0.000966,0.111922,-0.999888,-0.005596,-0.003067,0.013518
0,0.15,5,-0.187394,-0.283287,0.085409,0.473359,0.458695,0.562785,0.498801,-0.005394,0.000718,0.111839,0.998546,0.003129,0.031331,0.04376
0,0.15,5,-0.187529,-0.283283,0.085285,0.48514,0.469284,0.554001,0.487334,-0.005402,0.000837,0.111979,0.999264,0.001325,0.031118,0.022412
0,0.15,5,-0.187267,-0.28344,0.085203,0.508332,0.476661,0.528564,0.484781,-0.005563,0.000915,0.111719,-0.999911,-0.00543,-0.010599,0.006004
0,0.15,5,-0.187333,-0.283262,0.085354,0.475072,0.468374,0.560617,0.490552,-0.005373,0.000778,0.11178,0.998743,0.004004,0.037894,0.032559
0,0.15,5,-0.187558,-0.283335,0.085205,0.49645,0.475012,0.540038,0.486066,-0.00546,0.00091,0.11201,0.999736,0.005172,0.021366,0.006691
0,0.15,5,-0.187072,-0.283501,0.085124,0.527304,0.467836,0.511045,0.491846,-0.005629,0.000996,0.111526,-0.999747,-0.004384,0.016041,0.015162
0,0.15,5,-0.187248,-0.283441,0.085222,0.495442,0.462024,0.541233,0.498135,-0.005562,0.000897,0.111699,0.999717,0.004765,0.01053,0.020805
0,0.15,5,-0.187239,-0.283352,0.085159,0.517096,0.476278,0.527573,0.476904,-0.005479,0.000967,0.111694,-0.99985,0.002525,-0.008936,0.014602
0,0.15,5,-0.186943,-0.283582,0.085269,0.525348,0.449035,0.511867,0.510264,-0.005696,0.00085,0.111391,0.999448,0.004972,-0.032371,0.005577
0,0.15,5,-0.187374,-0.283451,0.085289,0.508808,0.464417,0.529999,0.494502,-0.005567,0.000824,0.111822,0.999977,0.003356,0.000559,0.005896
0,0.15,5,-0.187259,-0.283507,0.085306,0.505821,0.451318,0.530655,0.508786,-0.005621,0.000807,0.111706,0.99969,0.005249,-0.010593,0.021925
0,0.15,5,-0.187508,-0.283441,0.085201,0.505697,0.465863,0.531355,0.494878,-0.005566,0.000907,0.111959,0.999953,0.005081,0.003433,0.00748
0,0.15,5,-0.187231,-0.283383,0.085143,0.50983,0.488234,0.525509,0.474913,-0.005511,0.000981,0.111685,-0.999617,-0.006956,-0.018502,0.019346
0,0.15,5,-0.187363,-0.283503,0.085227,0.507748,0.465609,0.528823,0.495728,-0.005625,0.000882,0.111813,0.999966,0.005686,0.000529,0.005867
0,0.15,5,-0.187394,-0.283287,0.085409,0.473359,0.458695,0.562785,0.498801,-0.005394,0.000718,0.111839,0.998546,0.003129,0.031331,0.04376
0,0.15,5,-0.187101,-0.283548,0.085266,0.51872,0.454591,0.520828,0.503006,-0.005664,0.00085,0.11155,0.999811,0.002684,-0.018164,0.006331
0,0.15,5,-0.187503,-0.283504,0.085254,0.504525,0.466928,0.530284,0.496218,-0.005624,0.000849,0.111951,0.999937,0.007407,0.003401,0.00768
0,0.15,5,-0.187276,-0.283541,0.085282,0.515411,0.459901,0.521334,0.501053,-0.005657,0.000828,0.111724,0.999894,0.005672,-0.012644,0.004378
0,0.15,5,-0.187281,-0.283372,0.085164,0.504626,0.475267,0.532206,0.486035,-0.005499,0.000959,0.111735,-0.999899,-0.005318,-0.013161,0.001112
0,0.15,5,-0.187089,-0.283468,0.085308,0.501221,0.458925,0.535182,0.501743,-0.00558,0.000815,0.111537,0.999811,0.005356,0.00117,0.018648
0,0.15,5,-0.187164,-0.283406,0.085191,0.501626,0.479735,0.535483,0.481128,-0.005529,0.000934,0.111617,-0.999765,-0.004809,-0.020904,0.002998
0,0.15,5,-0.187296,-0.283326,0.085221,0.495562,0.474953,0.539821,0.487269,-0.005448,0.000905,0.111748,0.999727,0.006298,0.021136,0.007674
0,0.15,5,-0.187353,-0.283448,0.085251,0.504287,0.462381,0.531103,0.499828,-0.005567,0.000863,0.111803,0.9999,0.006689,3.9e-05,0.012436
0,0.15,5,-0.187364,-0.283507,0.085356,0.499218,0.447948,0.536396,0.512252,-0.005617,0.000753,0.111809,0.999464,0.005611,-0.007419,0.031394
0,0.15,5,-0.187357,-0.283552,0.085098,0.524494,0.473597,0.511521,0.488833,-0.005684,0.001006,0.111812,-0.999761,-0.006825,0.010086,0.018156
1,0.2625,6,-0.206871,-0.512004,0.095179,0.519838,0.495098,0.494882,0.48963,-0.012786,-0.020287,0.239812,-0.999751,0.012876,0.01035,0.015032
1,0.2625,6,-0.207458,-0.51212,0.095184,0.522286,0.479028,0.494446,0.503262,-0.012901,-0.020292,0.240398,-0.999531,0.015096,0.026614,0.001587
1,0.2625,6,-0.207396,-0.512167,0.09513,0.514187,0.47715,0.505828,0.502073,-0.012948,-0.020238,0.240337,0.999649,-0.018264,-0.017196,0.00848
1,0.2625,6,-0.207396,-0.512167,0.09513,0.514187,0.47715,0.505828,0.502073,-0.012948,-0.020238,0.240337,0.999649,-0.018264,-0.017196,0.00848
1,0.2625,6,-0.207396,-0.512167,0.09513,0.514187,0.47715,0.505828,0.502073,-0.012948,-0.020238,0.240337,0.999649,-0.018264,-0.017196,0.00848
1,0.2625,6,-0.207371,-0.512103,0.095216,0.525646,0.49313,0.489772,0.490553,-0.012884,-0.020324,0.240311,-0.999575,0.013752,0.017263,0.01903
1,0.2625,6,-0.207458,-0.51212,0.095184,0.522286,0.479028,0.494446,0.503262,-0.012901,-0.020292,0.240398,-0.999531,0.015096,0.026614,0.001587
1,0.2625,6,-0.207371,-0.512103,0.095216,0.525646,0.49313,0.489772,0.490553,-0.012884,-0.020324,0.240311,-0.999575,0.013752,0.017263,0.01903
1,0.2625,6,-0.206433,-0.512054,0.095065,0.507886,0.470321,0.510898,0.509738,-0.012836,-0.020173,0.239373,0.999447,-0.017223,-0.01873,0.021415
1,0.2625,6,-0.206433,-0.512054,0.095065,0.507886,0.470321,0.510898,0.509738,-0.012836,-0.020173,0.239373,0.999447,-0.017223,-0.01873,0.021415
1,0.2625,6,-0.207458,-0.51212,0.095184,0.522286,0.479028,0.494446,0.503262,-0.012901,-0.020292,0.240398,-0.999531,0.015096,0.026614,0.001587
1,0.2625,6,-0.207396,-0.512167,0.09513,0.514187,0.47715,0.505828,0.502073,-0.012948,-0.020238,0.240337,0.999649,-0.018264,-0.017196,0.00848
1,0.2625,6,-0.207396,-0.512167,0.09513,0.514187,0.47715,0.505828,0.502073,-0.012948,-0.020238,0.240337,0.999649,-0.018264,-0.017196,0.00848
1,0.2625,6,-0.207396,-0.512167,0.09513,0.514187,0.47715,0.505828,0.502073,-0.012948,-0.020238,0.240337,0.999649,-0.018264,-0.017196,0.00848
1,0.2625,6,-0.207396,-0.512167,0.09513,0.514187,0.47715,0.505828,0.502073,-0.012948,-0.020238,0.240337,0.999649,-0.018264,-0.017196,0.00848
1,0.2625,6,-0.207396,-0.512167,0.09513,0.514187,0.47715,0.505828,0.502073,-0.012948,-0.020238,0.240337,0.999649,-0.018264,-0.017196,0.00848
1,0.2625,6,-0.207396,-0.512167,0.09513,0.514187,0.47715,0.505828,0.502073,-0.012948,-0.020238,0.240337,0.999649,-0.018264,-0.017196,0.00848
1,0.2625,6,-0.207396,-0.512167,0.09513,0.514187,0.47715,0.505828,0.502073,-0.012948,-0.020238,0.240337,0.999649,-0.018264,-0.017196,0.00848
1,0.2625,6,-0.206433,-0.512054,0.095065,0.507886,0.470321,0.510898,0.509738,-0.012836,-0.020173,0.239373,0.999447,-0.017223,-0.01873,0.021415
1,0.2625,6,-0.207396,-0.512167,0.09513,0.514187,0.47715,0.505828,0.502073,-0.012948,-0.020238,0.240337,0.999649,-0.018264,-0.017196,0.00848
1,0.2625,6,-0.207396,-0.512167,0.09513,0.514187,0.47715,0.505828,0.502073,-0.012948,-0.020238,0.240337,0.999649,-0.018264,-0.017196,0.00848
1,0.2625,6,-0.207396,-0.512167,0.09513,0.514187,0.47715,0.505828,0.502073,-0.012948,-0.020238,0.240337,0.999649,-0.018264,-0.017196,0.00848
1,0.2625,6,-0.207396,-0.512167,0.09513,0.514187,0.47715,0.505828,0.502073,-0.012948,-0.020238,0.240337,0.999649,-0.018264,-0.017196,0.00848
1,0.2625,6,-0.207396,-0.512167,0.09513,0.514187,0.47715,0.505828,0.502073,-0.012948,-0.020238,0.240337,0.999649,-0.018264,-0.017196,0.00848
1,0.2625,6,-0.207396,-0.512167,0.09513,0.514187,0.47715,0.505828,0.502073,-0.012948,-0.020238,0.240337,0.999649,-0.018264,-0.017196,0.00848
1,0.2625,6,-0.207396,-0.512167,0.09513,0.514187,0.47715,0.505828,0.502073,-0.012948,-0.020238,0.240337,0.999649,-0.018264,-0.017196,0.00848
1,0.2625,6,-0.207396,-0.512167,0.09513,0.514187,0.47715,0.505828,0.502073,-0.012948,-0.020238,0.240337,0.999649,-0.018264,-0.017196,0.00848
1,0.2625,6,-0.207396,-0.512167,0.09513,0.514187,0.47715,0.505828,0.502073,-0.012948,-0.020238,0.240337,0.999649,-0.018264,-0.017196,0.00848
1,0.2625,6,-0.207396,-0.512167,0.09513,0.514187,0.47715,0.505828,0.502073,-0.012948,-0.020238,0.240337,0.999649,-0.018264,-0.017196,0.00848
1,0.2625,6,-0.207396,-0.512167,0.09513,0.514187,0.47715,0.505828,0.502073,-0.012948,-0.020238,0.240337,0.999649,-0.018264,-0.017196,0.00848
1,0.2625,6,-0.207396,-0.512167,0.09513,0.514187,0.47715,0.505828,0.502073,-0.012948,-0.020238,0.240337,0.999649,-0.018264,-0.017196,0.00848
1,0.2625,6,-0.207396,-0.512167,0.09513,0.514187,0.47715,0.505828,0.502073,-0.012948,-0.020238,0.240337,0.999649,-0.018264,-0.017196,0.00848
1,0.2625,6,-0.207396,-0.512167,0.09513,0.514187,0.47715,0.505828,0.502073,-0.012948,-0.020238,0.240337,0.999649,-0.018264,-0.017196,0.00848
1,0.2625,6,-0.207396,-0.512167,0.09513,0.514187,0.47715,0.505828,0.502073,-0.012948,-0.020238,0.240337,0.999649,-0.018264,-0.017196,0.00848
1,0.2625,6,-0.207396,-0.512167,0.09513,0.514187,0.47715,0.505828,0.502073,-0.012948,-0.020238,0.240337,0.999649,-0.018264,-0.017196,0.00848
1,0.2625,6,-0.207396,-0.512167,0.09513,0.514187,0.47715,0.505828,0.502073,-0.012948,-0.020238,0.240337,0.999649,-0.018264,-0.017196,0.00848
1,0.2625,6,-0.207396,-0.512167,0.09513,0.514187,0.47715,0.505828,0.502073,-0.012948,-0.020238,0.240337,0.999649,-0.018264,-0.017196,0.00848
1,0.2625,6,-0.207396,-0.512167,0.09513,0.514187,0.47715,0.505828,0.502073,-0.012948,-0.020238,0.240337,0.999649,-0.018264,-0.017196,0.00848
1,0.2625,6,-0.207396,-0.512167,0.09513,0.514187,0.47715,0.505828,0.502073,-0.012948,-0.020238,0.240337,0.999649,-0.018264,-0.017196,0.00848
1,0.2625,6,-0.207396,-0.512167,0.09513,0.514187,0.47715,0.505828,0.502073,-0.012948,-0.020238,0.240337,0.999649,-0.018264,-0.017196,0.00848
1,0.2625,6,-0.207396,-0.512167,0.09513,0.514187,0.47715,0.505828,0.502073,-0.012948,-0.020238,0.240337,0.999649,-0.018264,-0.017196,0.00848
1,0.2625,6,-0.207396,-0.512167,0.09513,0.514187,0.47715,0.505828,0.502073,-0.012948,-0.020238,0.240337,0.999649,-0.018264,-0.017196,0.00848
1,0.2625,6,-0.207396,-0.512167,0.09513,0.514187,0.47715,0.505828,0.502073,-0.012948,-0.020238,0.240337,0.999649,-0.018264,-0.017196,0.00848
1,0.2625,6,-0.207396,-0.512167,0.09513,0.514187,0.47715,0.505828,0.502073,-0.012948,-0.020238,0.240337,0.999649,-0.018264,-0.017196,0.00848
1,0.2625,6,-0.207396,-0.512167,0.09513,0.514187,0.47715,0.505828,0.502073,-0.012948,-0.020238,0.240337,0.999649,-0.018264,-0.017196,0.00848
1,0.2625,6,-0.207396,-0.512167,0.09513,0.514187,0.47715,0.505828,0.502073,-0.012948,-0.020238,0.240337,0.999649,-0.018264,-0.017196,0.00848
1,0.2625,6,-0.207396,-0.512167,0.09513,0.514187,0.47715,0.505828,0.502073,-0.012948,-0.020238,0.240337,0.999649,-0.018264,-0.017196,0.00848
1,0.2625,6,-0.207396,-0.512167,0.09513,0.514187,0.47715,0.505828,0.502073,-0.012948,-0.020238,0.240337,0.999649,-0.018264,-0.017196,0.00848
1,0.2625,6,-0.207396,-0.512167,0.09513,0.514187,0.47715,0.505828,0.502073,-0.012948,-0.020238,0.240337,0.999649,-0.018264,-0.017196,0.00848
1,0.2625,6,-0.207396,-0.512167,0.09513,0.514187,0.47715,0.505828,0.502073,-0.012948,-0.020238,0.240337,0.999649,-0.018264,-0.017196,0.00848
1,0.2625,6,-0.207396,-0.512167,0.09513,0.514187,0.47715,0.505828,0.502073,-0.012948,-0.020238,0.240337,0.999649,-0.018264,-0.017196,0.00848
1,0.2625,6,-0.206694,-0.512014,0.095132,0.516051,0.475254,0.499739,0.508022,-0.012796,-0.02024,0.239634,0.99955,-0.014126,-0.025096,0.00844
1,0.2625,6,-0.207396,-0.512167,0.09513,0.514187,0.47715,0.505828,0.502073,-0.012948,-0.020238,0.240337,0.999649,-0.018264,-0.017196,0.00848
1,0.2625,6,-0.207396,-0.512167,0.09513,0.514187,0.47715,0.505828,0.502073,-0.012948,-0.020238,0.240337,0.999649,-0.018264,-0.017196,0.00848
1,0.2625,6,-0.207396,-0.512167,0.09513,0.514187,0.47715,0.505828,0.502073,-0.012948,-0.020238,0.240337,0.999649,-0.018264,-0.017196,0.00848
1,0.2625,6,-0.207396,-0.512167,0.09513,0.514187,0.47715,0.505828,0.502073,-0.012948,-0.020238,0.240337,0.999649,-0.018264,-0.017196,0.00848
1,0.2625,6,-0.207396,-0.512167,0.09513,0.514187,0.47715,0.505828,0.502073,-0.012948,-0.020238,0.240337,0.999649,-0.018264,-0.017196,0.00848
1,0.2625,6,-0.207396,-0.512167,0.09513,0.514187,0.47715,0.505828,0.502073,-0.012948,-0.020238,0.240337,0.999649,-0.018264,-0.017196,0.00848
1,0.2625,6,-0.207458,-0.51212,0.095184,0.522286,0.479028,0.494446,0.503262,-0.012901,-0.020292,0.240398,-0.999531,0.015096,0.026614,0.001587
1,0.2625,6,-0.207458,-0.51212,0.095184,0.522286,0.479028,0.494446,0.503262,-0.012901,-0.020292,0.240398,-0.999531,0.015096,0.026614,0.001587
1,0.2625,6,-0.207458,-0.51212,0.095184,0.522286,0.479028,0.494446,0.503262,-0.012901,-0.020292,0.240398,-0.999531,0.015096,0.026614,0.001587
1,0.2625,6,-0.207396,-0.512167,0.09513,0.514187,0.47715,0.505828,0.502073,-0.012948,-0.020238,0.240337,0.999649,-0.018264,-0.017196,0.00848
1,0.2625,6,-0.207396,-0.512167,0.09513,0.514187,0.47715,0.505828,0.502073,-0.012948,-0.020238,0.240337,0.999649,-0.018264,-0.017196,0.00848
1,0.2625,6,-0.207458,-0.51212,0.095184,0.522286,0.479028,0.494446,0.503262,-0.012901,-0.020292,0.240398,-0.999531,0.015096,0.026614,0.001587
1,0.2625,6,-0.207396,-0.512167,0.09513,0.514187,0.47715,0.505828,0.502073,-0.012948,-0.020238,0.240337,0.999649,-0.018264,-0.017196,0.00848
1,0.2625,6,-0.207458,-0.51212,0.095184,0.522286,0.479028,0.494446,0.503262,-0.012901,-0.020292,0.240398,-0.999531,0.015096,0.026614,0.001587
1,0.2625,6,-0.207458,-0.51212,0.095184,0.522286,0.479028,0.494446,0.503262,-0.012901,-0.020292,0.240398,-0.999531,0.015096,0.026614,0.001587
1,0.2625,6,-0.207458,-0.51212,0.095184,0.522286,0.479028,0.494446,0.503262,-0.012901,-0.020292,0.240398,-0.999531,0.015096,0.026614,0.001587
1,0.2625,6,-0.207396,-0.512167,0.09513,0.514187,0.47715,0.505828,0.502073,-0.012948,-0.020238,0.240337,0.999649,-0.018264,-0.017196,0.00848
1,0.2625,6,-0.207396,-0.512167,0.09513,0.514187,0.47715,0.505828,0.502073,-0.012948,-0.020238,0.240337,0.999649,-0.018264,-0.017196,0.00848
1,0.2625,6,-0.207458,-0.51212,0.095184,0.522286,0.479028,0.494446,0.503262,-0.012901,-0.020292,0.240398,-0.999531,0.015096,0.026614,0.001587
1,0.2625,6,-0.207396,-0.512167,0.09513,0.514187,0.47715,0.505828,0.502073,-0.012948,-0.020238,0.240337,0.999649,-0.018264,-0.017196,0.00848
1,0.2625,6,-0.207458,-0.51212,0.095184,0.522286,0.479028,0.494446,0.503262,-0.012901,-0.020292,0.240398,-0.999531,0.015096,0.026614,0.001587
1,0.2625,6,-0.207458,-0.51212,0.095184,0.522286,0.479028,0.494446,0.503262,-0.012901,-0.020292,0.240398,-0.999531,0.015096,0.026614,0.001587
1,0.2625,6,-0.207458,-0.51212,0.095184,0.522286,0.479028,0.494446,0.503262,-0.012901,-0.020292,0.240398,-0.999531,0.015096,0.026614,0.001587
1,0.2625,6,-0.207396,-0.512167,0.09513,0.514187,0.47715,0.505828,0.502073,-0.012948,-0.020238,0.240337,0.999649,-0.018264,-0.017196,0.00848
1,0.2625,6,-0.207458,-0.51212,0.095184,0.522286,0.479028,0.494446,0.503262,-0.012901,-0.020292,0.240398,-0.999531,0.015096,0.026614,0.001587
1,0.2625,6,-0.207458,-0.51212,0.095184,0.522286,0.479028,0.494446,0.503262,-0.012901,-0.020292,0.240398,-0.999531,0.015096,0.026614,0.001587
1,0.2625,6,-0.207458,-0.51212,0.095184,0.522286,0.479028,0.494446,0.503262,-0.012901,-0.020292,0.240398,-0.999531,0.015096,0.026614,0.001587
1,0.2625,6,-0.207396,-0.512167,0.09513,0.514187,0.47715,0.505828,0.502073,-0.012948,-0.020238,0.240337,0.999649,-0.018264,-0.017196,0.00848
1,0.2625,6,-0.207396,-0.512167,0.09513,0.514187,0.47715,0.505828,0.502073,-0.012948,-0.020238,0.240337,0.999649,-0.018264,-0.017196,0.00848
1,0.2625,6,-0.207396,-0.512167,0.09513,0.514187,0.47715,0.505828,0.502073,-0.012948,-0.020238,0.240337,0.999649,-0.018264,-0.017196,0.00848
1,0.2625,6,-0.207396,-0.512167,0.09513,0.514187,0.47715,0.505828,0.502073,-0.012948,-0.020238,0.240337,0.999649,-0.018264,-0.017196,0.00848
1,0.2625,6,-0.207396,-0.512167,0.09513,0.514187,0.47715,0.505828,0.502073,-0.012948,-0.020238,0.240337,0.999649,-0.018264,-0.017196,0.00848
1,0.2625,6,-0.207458,-0.51212,0.095184,0.522286,0.479028,0.494446,0.503262,-0.012901,-0.020292,0.240398,-0.999531,0.015096,0.026614,0.001587
1,0.2625,6,-0.207458,-0.51212,0.095184,0.522286,0.479028,0.494446,0.503262,-0.012901,-0.020292,0.240398,-0.999531,0.015096,0.026614,0.001587
1,0.2625,6,-0.207458,-0.51212,0.095184,0.522286,0.479028,0.494446,0.503262,-0.012901,-0.020292,0.240398,-0.999531,0.015096,0.026614,0.001587
1,0.2625,6,-0.207396,-0.512167,0.09513,0.514187,0.47715,0.505828,0.502073,-0.012948,-0.020238,0.240337,0.999649,-0.018264,-0.017196,0.00848
1,0.2625,6,-0.207458,-0.51212,0.095184,0.522286,0.479028,0.494446,0.503262,-0.012901,-0.020292,0.240398,-0.999531,0.015096,0.026614,0.001587
1,0.2625,6,-0.207396,-0.512167,0.09513,0.514187,0.47715,0.505828,0.502073,-0.012948,-0.020238,0.240337,0.999649,-0.018264,-0.017196,0.00848
1,0.2625,6,-0.207458,-0.51212,0.095184,0.522286,0.479028,0.494446,0.503262,-0.012901,-0.020292,0.240398,-0.999531,0.015096,0.026614,0.001587
1,0.2625,6,-0.207458,-0.51212,0.095184,0.522286,0.479028,0.494446,0.503262,-0.012901,-0.020292,0.240398,-0.999531,0.015096,0.026614,0.001587
1,0.2625,6,-0.207396,-0.512167,0.09513,0.514187,0.47715,0.505828,0.502073,-0.012948,-0.020238,0.240337,0.999649,-0.018264,-0.017196,0.00848
1,0.2625,6,-0.207396,-0.512167,0.09513,0.514187,0.47715,0.505828,0.502073,-0.012948,-0.020238,0.240337,0.999649,-0.018264,-0.017196,0.00848
1,0.2625,6,-0.207458,-0.51212,0.095184,0.522286,0.479028,0.494446,0.503262,-0.012901,-0.020292,0.240398,-0.999531,0.015096,0.026614,0.001587
1,0.2625,6,-0.207396,-0.512167,0.09513,0.514187,0.47715,0.505828,0.502073,-0.012948,-0.020238,0.240337,0.999649,-0.018264,-0.017196,0.00848
1,0.2625,6,-0.207458,-0.51212,0.095184,0.522286,0.479028,0.494446,0.503262,-0.012901,-0.020292,0.240398,-0.999531,0.015096,0.026614,0.001587
1,0.2625,6,-0.207396,-0.512167,0.09513,0.514187,0.47715,0.505828,0.502073,-0.012948,-0.020238,0.240337,0.999649,-0.018264,-0.017196,0.00848
1,0.2625,6,-0.207458,-0.51212,0.095184,0.522286,0.479028,0.494446,0.503262,-0.012901,-0.020292,0.240398,-0.999531,0.015096,0.026614,0.001587
1,0.2625,6,-0.207458,-0.51212,0.095184,0.522286,0.479028,0.494446,0.503262,-0.012901,-0.020292,0.240398,-0.999531,0.015096,0.026614,0.001587
1,0.2625,6,-0.207396,-0.512167,0.09513,0.514187,0.47715,0.505828,0.502073,-0.012948,-0.020238,0.240337,0.999649,-0.018264,-0.017196,0.00848
1,0.2625,6,-0.207396,-0.512167,0.09513,0.514187,0.47715,0.505828,0.502073,-0.012948,-0.020238,0.240337,0.999649,-0.018264,-0.017196,0.00848
1,0.2625,6,-0.207458,-0.51212,0.095184,0.522286,0.479028,0.494446,0.503262,-0.012901,-0.020292,0.240398,-0.999531,0.015096,0.026614,0.001587
1,0.2625,6,-0.207458,-0.51212,0.095184,0.522286,0.479028,0.494446,0.503262,-0.012901,-0.020292,0.240398,-0.999531,0.015096,0.026614,0.001587
1,0.2625,6,-0.207458,-0.51212,0.095184,0.522286,0.479028,0.494446,0.503262,-0.012901,-0.020292,0.240398,-0.999531,0.015096,0.026614,0.001587
1,0.2625,6,-0.207458,-0.51212,0.095184,0.522286,0.479028,0.494446,0.503262,-0.012901,-0.020292,0.240398,-0.999531,0.015096,0.026614,0.001587
1,0.2625,6,-0.207396,-0.512167,0.09513,0.514187,0.47715,0.505828,0.502073,-0.012948,-0.020238,0.240337,0.999649,-0.018264,-0.017196,0.00848
1,0.2625,6,-0.207458,-0.51212,0.095184,0.522286,0.479028,0.494446,0.503262,-0.012901,-0.020292,0.240398,-0.999531,0.015096,0.026614,0.001587
1,0.2625,6,-0.207458,-0.51212,0.095184,0.522286,0.479028,0.494446,0.503262,-0.012901,-0.020292,0.240398,-0.999531,0.015096,0.026614,0.001587
1,0.2625,6,-0.207458,-0.51212,0.095184,0.522286,0.479028,0.494446,0.503262,-0.012901,-0.020292,0.240398,-0.999531,0.015096,0.026614,0.001587
1,0.2625,6,-0.207458,-0.51212,0.095184,0.522286,0.479028,0.494446,0.503262,-0.012901,-0.020292,0.240398,-0.999531,0.015096,0.026614,0.001587
1,0.2625,6,-0.207458,-0.51212,0.095184,0.522286,0.479028,0.494446,0.503262,-0.012901,-0.020292,0.240398,-0.999531,0.015096,0.026614,0.001587
1,0.2625,6,-0.207371,-0.512103,0.095216,0.525646,0.49313,0.489772,0.490553,-0.012884,-0.020324,0.240311,-0.999575,0.013752,0.017263,0.01903
1,0.2625,6,-0.207458,-0.51212,0.095184,0.522286,0.479028,0.494446,0.503262,-0.012901,-0.020292,0.240398,-0.999531,0.015096,0.026614,0.001587
1,0.2625,6,-0.207458,-0.51212,0.095184,0.522286,0.479028,0.494446,0.503262,-0.012901,-0.020292,0.240398,-0.999531,0.015096,0.026614,0.001587
1,0.2625,6,-0.207396,-0.512167,0.09513,0.514187,0.47715,0.505828,0.502073,-0.012948,-0.020238,0.240337,0.999649,-0.018264,-0.017196,0.00848
1,0.2625,6,-0.207396,-0.512167,0.09513,0.514187,0.47715,0.505828,0.502073,-0.012948,-0.020238,0.240337,0.999649,-0.018264,-0.017196,0.00848
1,0.2625,6,-0.207458,-0.51212,0.095184,0.522286,0.479028,0.494446,0.503262,-0.012901,-0.020292,0.240398,-0.999531,0.015096,0.026614,0.001587
1,0.2625,6,-0.207458,-0.51212,0.095184,0.522286,0.479028,0.494446,0.503262,-0.012901,-0.020292,0.240398,-0.999531,0.015096,0.026614,0.001587
1,0.2625,6,-0.206694,-0.512014,0.095132,0.516051,0.475254,0.499739,0.508022,-0.012796,-0.02024,0.239634,0.99955,-0.014126,-0.025096,0.00844
1,0.225,7,-0.203959,-0.519281,0.089194,0.52011,0.495624,0.491021,0.492687,-0.009293,0.005222,0.181468,-0.999781,-0.007212,-0.009681,0.017117
1,0.225,7,-0.20345,-0.51929,0.089358,0.519783,0.464239,0.490076,0.523578,-0.009273,0.005059,0.180959,0.999649,0.006908,-0.02121,0.014282
1,0.225,7,-0.203899,-0.519111,0.089212,-0.492448,-0.515833,-0.513974,-0.476699,-0.009121,0.00521,0.181417,-0.998462,-0.011457,-0.053198,0.0106
1,0.225,7,-0.203461,-0.519201,0.089112,-0.525724,-0.519816,-0.482322,-0.469863,-0.009194,0.005308,0.180975,-0.998471,-0.010112,-0.025448,0.048014
1,0.225,7,-0.203899,-0.519111,0.089212,-0.492448,-0.515833,-0.513974,-0.476699,-0.009121,0.00521,0.181417,-0.998462,-0.011457,-0.053198,0.0106
1,0.225,7,-0.203498,-0.519363,0.089355,0.526628,0.456798,0.481717,0.530988,-0.009348,0.00506,0.181004,0.99921,0.007656,-0.036252,0.014398
1,0.225,7,-0.203937,-0.51919,0.089293,0.518351,0.497425,0.489032,0.4947,-0.009198,0.005127,0.181451,-0.99975,-0.010993,-0.009464,0.017035
1,0.225,7,-0.203899,-0.519111,0.089212,-0.492448,-0.515833,-0.513974,-0.476699,-0.009121,0.00521,0.181417,-0.998462,-0.011457,-0.053198,0.0106
1,0.225,7,-0.203227,-0.519034,0.08927,0.460553,0.525306,0.546591,0.461718,-0.00901,0.005158,0.180749,0.995122,0.00779,0.097969,0.00854
1,0.225,7,-0.203937,-0.51919,0.089293,0.518351,0.497425,0.489032,0.4947,-0.009198,0.005127,0.181451,-0.99975,-0.010993,-0.009464,0.017035
1,0.225,7,-0.203973,-0.519152,0.089297,0.478732,0.505401,0.529297,0.485006,-0.009161,0.005124,0.181488,0.998144,0.009031,0.058774,0.013142
1,0.225,7,-0.203759,-0.519132,0.089418,0.482177,0.491386,0.529117,0.496065,-0.009127,0.005005,0.181275,0.998698,0.005694,0.044627,0.024052
1,0.225,7,-0.20345,-0.51929,0.089358,0.519783,0.464239,0.490076,0.523578,-0.009273,0.005059,0.180959,0.999649,0.006908,-0.02121,0.014282
1,0.225,7,-0.203347,-0.519019,0.089474,0.449482,0.470301,0.557895,0.515302,-0.008993,0.004954,0.180869,0.995609,0.005489,0.05606,0.074761
1,0.225,7,-0.203937,-0.51919,0.089293,0.518351,0.497425,0.489032,0.4947,-0.009198,0.005127,0.181451,-0.99975,-0.010993,-0.009464,0.017035
1,0.225,7,-0.203674,-0.519301,0.089384,0.526136,0.465894,0.482657,0.522653,-0.009293,0.005032,0.181182,0.999585,0.007998,-0.026956,0.006232
1,0.225,7,-0.203114,-0.519173,0.089311,0.530771,0.515593,0.478314,0.472929,-0.009143,0.005112,0.180629,-0.99862,-0.009043,-0.017261,0.048773
1,0.225,7,-0.203937,-0.51919,0.089293,0.518351,0.497425,0.489032,0.4947,-0.009198,0.005127,0.181451,-0.99975,-0.010993,-0.009464,0.017035
1,0.225,7,-0.203122,-0.519199,0.089247,-0.515938,-0.512529,-0.49281,-0.477766,-0.009171,0.005175,0.180636,-0.999091,-0.009669,-0.028327,0.030338
1,0.225,7,-0.203269,-0.519336,0.089356,0.535204,0.48008,0.474572,0.5078,-0.009311,0.005061,0.180777,-0.999596,-0.007702,0.021434,0.016982
1,0.225,7,-0.203122,-0.519199,0.089247,-0.515938,-0.512529,-0.49281,-0.477766,-0.009171,0.005175,0.180636,-0.999091,-0.009669,-0.028327,0.030338
1,0.225,7,-0.203937,-0.51919,0.089293,0.518351,0.497425,0.489032,0.4947,-0.009198,0.005127,0.181451,-0.99975,-0.010993,-0.009464,0.017035
1,0.225,7,-0.203937,-0.51919,0.089293,0.518351,0.497425,0.489032,0.4947,-0.009198,0.005127,0.181451,-0.99975,-0.010993,-0.009464,0.017035
1,0.225,7,-0.203031,-0.519179,0.089382,0.526366,0.507811,0.484252,0.480173,-0.009142,0.005041,0.180546,-0.999204,-0.007727,-0.015163,0.036076
1,0.225,7,-0.203166,-0.519244,0.089272,0.533906,0.505954,0.473664,0.484354,-0.009217,0.005148,0.180678,-0.999064,-0.010557,-0.002969,0.041835
1,0.225,7,-0.203477,-0.519088,0.089528,0.467334,0.474012,0.544621,0.510195,-0.009066,0.004897,0.180995,0.99749,0.003005,0.04458,0.054932
1,0.225,7,-0.203674,-0.519301,0.089384,0.526136,0.465894,0.482657,0.522653,-0.009293,0.005032,0.181182,0.999585,0.007998,-0.026956,0.006232
1,0.225,7,-0.203937,-0.51919,0.089293,0.518351,0.497425,0.489032,0.4947,-0.009198,0.005127,0.181451,-0.99975,-0.010993,-0.009464,0.017035
1,0.225,7,-0.202899,-0.519219,0.089314,0.518081,0.50276,0.492008,0.486572,-0.009178,0.005108,0.180412,-0.999558,-0.008352,-0.017718,0.022357
1,0.225,7,-0.20369,-0.519242,0.089404,0.517946,0.490838,0.49424,0.496524,-0.009234,0.005014,0.181201,-0.999897,-0.006052,-0.008189,0.010111
1,0.225,7,-0.203937,-0.51919,0.089293,0.518351,0.497425,0.489032,0.4947,-0.009198,0.005127,0.181451,-0.99975,-0.010993,-0.009464,0.017035
1,0.225,7,-0.203376,-0.519072,0.089597,0.470265,0.460963,0.539701,0.524488,-0.009043,0.004829,0.180895,0.997504,0.004409,0.027162,0.065031
1,0.225,7,-0.202903,-0.519114,0.08935,-0.532478,-0.523048,-0.477831,-0.463213,-0.009073,0.005076,0.180421,-0.99795,-0.007506,-0.024558,0.058625
1,0.225,7,-0.203376,-0.519072,0.089597,0.470265,0.460963,0.539701,0.524488,-0.009043,0.004829,0.180895,0.997504,0.004409,0.027162,0.065031
1,0.225,7,-0.204188,-0.519143,0.089318,-0.508616,-0.515619,-0.499034,-0.475827,-0.009162,0.005103,0.181703,-0.998888,-0.010685,-0.03769,0.026225
1,0.225,7,-0.203904,-0.519118,0.089401,-0.492395,-0.515925,-0.514046,-0.476576,-0.00912,0.005021,0.181421,-0.998453,-0.011433,-0.053368,0.010649
1,0.225,7,-0.203511,-0.51923,0.089378,0.522882,0.477424,0.485386,0.512896,-0.009215,0.005041,0.181023,-0.999865,-0.009319,0.013451,0.001639
1,0.225,7,-0.203203,-0.519094,0.08967,0.470124,0.475856,0.54121,0.509545,-0.009055,0.004755,0.180721,0.997798,0.00402,0.042656,0.05064
1,0.225,7,-0.203937,-0.51919,0.089293,0.518351,0.497425,0.489032,0.4947,-0.009198,0.005127,0.181451,-0.99975,-0.010993,-0.009464,0.017035
1,0.225,7,-0.203609,-0.519136,0.089248,-0.490916,-0.52814,-0.514617,-0.463939,-0.00913,0.005175,0.181125,-0.997461,-0.011913,-0.066589,0.022283
1,0.225,7,-0.203651,-0.518976,0.089427,-0.492306,-0.508645,-0.520782,-0.47718,-0.008966,0.005002,0.181174,-0.99858,-0.004605,-0.052965,0.003441
1,0.225,7,-0.203284,-0.519271,0.089484,0.520649,0.475884,0.492408,0.509896,-0.009241,0.004935,0.180794,0.999955,0.004563,-0.008027,0.002051
1,0.225,7,-0.20289,-0.519114,0.08942,-0.525932,-0.516568,-0.486042,-0.469379,-0.009069,0.005006,0.180408,-0.998634,-0.006213,-0.025877,0.044973
1,0.225,7,-0.203633,-0.519029,0.089365,-0.49758,-0.511054,-0.513792,-0.476713,-0.009021,0.005061,0.181154,-0.998759,-0.006615,-0.04814,0.01088
1,0.225,7,-0.203651,-0.518976,0.089427,-0.492306,-0.508645,-0.520782,-0.47718,-0.008966,0.005002,0.181174,-0.99858,-0.004605,-0.052965,0.003441
1,0.225,7,-0.203376,-0.519072,0.089597,0.470265,0.460963,0.539701,0.524488,-0.009043,0.004829,0.180895,0.997504,0.004409,0.027162,0.065031
1,0.225,7,-0.202975,-0.518983,0.089592,0.464461,0.504901,0.547785,0.478835,-0.008936,0.004838,0.180499,0.996588,0.003234,0.078193,0.026206
1,0.225,7,-0.202903,-0.519114,0.08935,-0.532478,-0.523048,-0.477831,-0.463213,-0.009073,0.005076,0.180421,-0.99795,-0.007506,-0.024558,0.058625
1,0.225,7,-0.203651,-0.518976,0.089427,-0.492306,-0.508645,-0.520782,-0.47718,-0.008966,0.005002,0.181174,-0.99858,-0.004605,-0.052965,0.003441
1,0.225,7,-0.203924,-0.519019,0.089311,-0.493841,-0.513805,-0.516344,-0.474884,-0.009026,0.005115,0.181445,-0.998483,-0.007641,-0.053586,0.0101
1,0.225,7,-0.203454,-0.519143,0.089629,0.48081,0.456563,0.531534,0.527108,-0.009116,0.004794,0.18097,0.998132,0.002485,0.0142,0.059374
1,0.225,7,-0.203433,-0.519077,0.089665,0.463462,0.453235,0.544593,0.532164,-0.009048,0.004761,0.180952,0.996564,0.00501,0.025534,0.078631
1,0.225,7,-0.203805,-0.519131,0.089428,0.505593,0.49001,0.504733,0.499511,-0.009128,0.004995,0.181322,0.999804,0.007746,0.017949,0.003087
1,0.225,7,-0.20289,-0.519114,0.08942,-0.525932,-0.516568,-0.486042,-0.469379,-0.009069,0.005006,0.180408,-0.998634,-0.006213,-0.025877,0.044973
1,0.225,7,-0.203376,-0.519072,0.089597,0.470265,0.460963,0.539701,0.524488,-0.009043,0.004829,0.180895,0.997504,0.004409,0.027162,0.065031
1,0.225,7,-0.203376,-0.519072,0.089597,0.470265,0.460963,0.539701,0.524488,-0.009043,0.004829,0.180895,0.997504,0.004409,0.027162,0.065031
1,0.225,7,-0.203284,-0.519271,0.089484,0.520649,0.475884,0.492408,0.509896,-0.009241,0.004935,0.180794,0.999955,0.004563,-0.008027,0.002051
1,0.225,7,-0.20345,-0.519097,0.089495,0.492175,0.498071,0.516798,0.492553,-0.009075,0.00493,0.180968,0.999196,0.008828,0.038285,0.007975
1,0.225,7,-0.203016,-0.518983,0.089456,0.475863,0.517717,0.533177,0.470368,-0.008943,0.004974,0.18054,0.99712,0.007568,0.075417,0.0027
1,0.225,7,-0.203805,-0.519131,0.089428,0.505593,0.49001,0.504733,0.499511,-0.009128,0.004995,0.181322,0.999804,0.007746,0.017949,0.003087
1,0.225,7,-0.20289,-0.519114,0.08942,-0.525932,-0.516568,-0.486042,-0.469379,-0.009069,0.005006,0.180408,-0.998634,-0.006213,-0.025877,0.044973
1,0.225,7,-0.2041,-0.51909,0.089562,0.490571,0.477038,0.51647,0.514814,-0.009096,0.004861,0.181617,0.999324,0.00991,0.017685,0.030671
1,0.225,7,-0.203031,-0.519179,0.089382,0.526366,0.507811,0.484252,0.480173,-0.009142,0.005041,0.180546,-0.999204,-0.007727,-0.015163,0.036076
1,0.225,7,-0.204442,-0.519155,0.089515,0.50529,0.482878,0.501245,0.510162,-0.009178,0.004904,0.181956,0.999851,0.01124,0.007604,0.010658
1,0.225,7,-0.203228,-0.519049,0.089703,0.459232,0.466934,0.548178,0.520173,-0.00901,0.004724,0.180749,0.996677,0.006383,0.04213,0.069419
1,0.225,7,-0.203016,-0.518983,0.089456,0.475863,0.517717,0.533177,0.470368,-0.008943,0.004974,0.18054,0.99712,0.007568,0.075417,0.0027
1,0.225,7,-0.203805,-0.519131,0.089428,0.505593,0.49001,0.504733,0.499511,-0.009128,0.004995,0.181322,0.999804,0.007746,0.017949,0.003087
1,0.225,7,-0.203228,-0.519049,0.089703,0.459232,0.466934,0.548178,0.520173,-0.00901,0.004724,0.180749,0.996677,0.006383,0.04213,0.069419
1,0.225,7,-0.203286,-0.518884,0.089524,0.466475,0.51178,0.54301,0.474997,-0.008854,0.004909,0.180814,0.996621,0.006336,0.080003,0.017487
1,0.225,7,-0.203422,-0.519246,0.089396,0.535975,0.50922,0.472279,0.479976,-0.009226,0.005023,0.180933,-0.998814,-0.009781,-0.004956,0.047441
1,0.225,7,-0.203075,-0.519044,0.089391,-0.514327,-0.516285,-0.499661,-0.468248,-0.009009,0.005037,0.180596,-0.998678,-0.004209,-0.039135,0.033068
1,0.225,7,-0.2041,-0.51909,0.089562,0.490571,0.477038,0.51647,0.514814,-0.009096,0.004861,0.181617,0.999324,0.00991,0.017685,0.030671
1,0.225,7,-0.203144,-0.519107,0.089344,-0.51754,-0.510792,-0.49495,-0.475676,-0.009077,0.005081,0.180662,-0.999108,-0.005882,-0.028769,0.030341
1,0.225,7,-0.203228,-0.519049,0.089703,0.459232,0.466934,0.548178,0.520173,-0.00901,0.004724,0.180749,0.996677,0.006383,0.04213,0.069419
1,0.225,7,-0.203675,-0.51915,0.089503,0.515892,0.49263,0.492556,0.498557,-0.009139,0.004919,0.18119,-0.99987,-0.009825,-0.008265,0.009719
1,0.225,7,-0.202833,-0.51914,0.089442,0.540172,0.517191,0.470191,0.468666,-0.009091,0.004983,0.18035,-0.998084,-0.007335,-0.011201,0.0604
1,0.225,7,-0.203228,-0.519049,0.089703,0.459232,0.466934,0.548178,0.520173,-0.00901,0.004724,0.180749,0.996677,0.006383,0.04213,0.069419
1,0.225,7,-0.203675,-0.51915,0.089503,0.515892,0.49263,0.492556,0.498557,-0.009139,0.004919,0.18119,-0.99987,-0.009825,-0.008265,0.009719
1,0.225,7,-0.203228,-0.519049,0.089703,0.459232,0.466934,0.548178,0.520173,-0.00901,0.004724,0.180749,0.996677,0.006383,0.04213,0.069419
1,0.225,7,-0.203146,-0.519036,0.089629,0.465883,0.478966,0.543338,0.50826,-0.008996,0.004799,0.180667,0.997495,0.005956,0.048052,0.051574
1,0.225,7,-0.203146,-0.519036,0.089629,0.465883,0.478966,0.543338,0.50826,-0.008996,0.004799,0.180667,0.997495,0.005956,0.048052,0.051574
1,0.225,7,-0.20345,-0.519097,0.089495,0.492175,0.498071,0.516798,0.492553,-0.009075,0.00493,0.180968,0.999196,0.008828,0.038285,0.007975
1,0.225,7,-0.203228,-0.519049,0.089703,0.459232,0.466934,0.548178,0.520173,-0.00901,0.004724,0.180749,0.996677,0.006383,0.04213,0.069419
1,0.225,7,-0.203075,-0.519044,0.089391,-0.514327,-0.516285,-0.499661,-0.468248,-0.009009,0.005037,0.180596,-0.998678,-0.004209,-0.039135,0.033068
1,0.225,7,-0.203048,-0.519011,0.089431,-0.475915,-0.530182,-0.531313,-0.458387,-0.008973,0.004998,0.180571,-0.996161,-0.008995,-0.086422,0.010654
1,0.225,7,-0.203228,-0.519049,0.089703,0.459232,0.466934,0.548178,0.520173,-0.00901,0.004724,0.180749,0.996677,0.006383,0.04213,0.069419
1,0.225,7,-0.203675,-0.51915,0.089503,0.515892,0.49263,0.492556,0.498557,-0.009139,0.004919,0.18119,-0.99987,-0.009825,-0.008265,0.009719
1,0.225,7,-0.203228,-0.519049,0.089703,0.459232,0.466934,0.548178,0.520173,-0.00901,0.004724,0.180749,0.996677,0.006383,0.04213,0.069419
1,0.225,7,-0.203228,-0.519049,0.089703,0.459232,0.466934,0.548178,0.520173,-0.00901,0.004724,0.180749,0.996677,0.006383,0.04213,0.069419
1,0.225,7,-0.203228,-0.519049,0.089703,0.459232,0.466934,0.548178,0.520173,-0.00901,0.004724,0.180749,0.996677,0.006383,0.04213,0.069419
1,0.225,7,-0.203675,-0.51915,0.089503,0.515892,0.49263,0.492556,0.498557,-0.009139,0.004919,0.18119,-0.99987,-0.009825,-0.008265,0.009719
1,0.225,7,-0.203228,-0.519049,0.089703,0.459232,0.466934,0.548178,0.520173,-0.00901,0.004724,0.180749,0.996677,0.006383,0.04213,0.069419
1,0.225,7,-0.203228,-0.519049,0.089703,0.459232,0.466934,0.548178,0.520173,-0.00901,0.004724,0.180749,0.996677,0.006383,0.04213,0.069419
1,0.225,7,-0.202833,-0.51914,0.089442,0.540172,0.517191,0.470191,0.468666,-0.009091,0.004983,0.18035,-0.998084,-0.007335,-0.011201,0.0604
1,0.225,7,-0.203944,-0.519196,0.089481,0.518404,0.49749,0.488981,0.49463,-0.009198,0.004939,0.181457,-0.999748,-0.010992,-0.009477,0.017155
1,0.225,7,-0.203228,-0.519049,0.089703,0.459232,0.466934,0.548178,0.520173,-0.00901,0.004724,0.180749,0.996677,0.006383,0.04213,0.069419
1,0.225,7,-0.203228,-0.519049,0.089703,0.459232,0.466934,0.548178,0.520173,-0.00901,0.004724,0.180749,0.996677,0.006383,0.04213,0.069419
1,0.225,7,-0.203228,-0.519049,0.089703,0.459232,0.466934,0.548178,0.520173,-0.00901,0.004724,0.180749,0.996677,0.006383,0.04213,0.069419
1,0.225,7,-0.203228,-0.519049,0.089703,0.459232,0.466934,0.548178,0.520173,-0.00901,0.004724,0.180749,0.996677,0.006383,0.04213,0.069419
1,0.225,7,-0.202833,-0.51914,0.089442,0.540172,0.517191,0.470191,0.468666,-0.009091,0.004983,0.18035,-0.998084,-0.007335,-0.011201,0.0604
1,0.225,7,-0.203422,-0.519246,0.089396,0.535975,0.50922,0.472279,0.479976,-0.009226,0.005023,0.180933,-0.998814,-0.009781,-0.004956,0.047441
1,0.225,7,-0.2041,-0.51909,0.089562,0.490571,0.477038,0.51647,0.514814,-0.009096,0.004861,0.181617,0.999324,0.00991,0.017685,0.030671
1,0.225,7,-0.203597,-0.519012,0.089693,0.461996,0.464863,0.544661,0.523265,-0.00899,0.004735,0.181118,0.996927,0.007291,0.036404,0.068985
1,0.225,7,-0.203228,-0.519049,0.089703,0.459232,0.466934,0.548178,0.520173,-0.00901,0.004724,0.180749,0.996677,0.006383,0.04213,0.069419
1,0.225,7,-0.203004,-0.519205,0.089406,0.539863,0.507294,0.469216,0.480663,-0.009166,0.005016,0.180517,-0.998733,-0.008801,-0.00013,0.049545
1,0.225,7,-0.203228,-0.519049,0.089703,0.459232,0.466934,0.548178,0.520173,-0.00901,0.004724,0.180749,0.996677,0.006383,0.04213,0.069419
1,0.225,7,-0.203675,-0.51915,0.089503,0.515892,0.49263,0.492556,0.498557,-0.009139,0.004919,0.18119,-0.99987,-0.009825,-0.008265,0.009719
1,0.225,7,-0.203228,-0.519049,0.089703,0.459232,0.466934,0.548178,0.520173,-0.00901,0.004724,0.180749,0.996677,0.006383,0.04213,0.069419
1,0.225,7,-0.203228,-0.519049,0.089703,0.459232,0.466934,0.548178,0.520173,-0.00901,0.004724,0.180749,0.996677,0.006383,0.04213,0.069419
1,0.225,7,-0.203228,-0.519049,0.089703,0.459232,0.466934,0.548178,0.520173,-0.00901,0.004724,0.180749,0.996677,0.006383,0.04213,0.069419
1,0.225,7,-0.202833,-0.51914,0.089442,0.540172,0.517191,0.470191,0.468666,-0.009091,0.004983,0.18035,-0.998084,-0.007335,-0.011201,0.0604
1,0.225,7,-0.203944,-0.519196,0.089481,0.518404,0.49749,0.488981,0.49463,-0.009198,0.004939,0.181457,-0.999748,-0.010992,-0.009477,0.017155
1,0.225,7,-0.203228,-0.519049,0.089703,0.459232,0.466934,0.548178,0.520173,-0.00901,0.004724,0.180749,0.996677,0.006383,0.04213,0.069419
1,0.225,7,-0.2041,-0.51909,0.089562,0.490571,0.477038,0.51647,0.514814,-0.009096,0.004861,0.181617,0.999324,0.00991,0.017685,0.030671
1,0.225,7,-0.202818,-0.518952,0.08956,0.480523,0.511847,0.531808,0.473593,-0.008899,0.004872,0.180343,0.997673,0.00458,0.067891,0.004301
1,0.225,7,-0.203228,-0.519049,0.089703,0.459232,0.466934,0.548178,0.520173,-0.00901,0.004724,0.180749,0.996677,0.006383,0.04213,0.069419
1,0.225,7,-0.203228,-0.519049,0.089703,0.459232,0.466934,0.548178,0.520173,-0.00901,0.004724,0.180749,0.996677,0.006383,0.04213,0.069419
1,0.225,7,-0.204442,-0.519155,0.089515,0.50529,0.482878,0.501245,0.510162,-0.009178,0.004904,0.181956,0.999851,0.01124,0.007604,0.010658
1,0.225,7,-0.203228,-0.519049,0.089703,0.459232,0.466934,0.548178,0.520173,-0.00901,0.004724,0.180749,0.996677,0.006383,0.04213,0.069419
1,0.225,7,-0.203675,-0.51915,0.089503,0.515892,0.49263,0.492556,0.498557,-0.009139,0.004919,0.18119,-0.99987,-0.009825,-0.008265,0.009719
1,0.225,7,-0.203675,-0.51915,0.089503,0.515892,0.49263,0.492556,0.498557,-0.009139,0.004919,0.18119,-0.99987,-0.009825,-0.008265,0.009719
1,0.225,7,-0.203228,-0.519049,0.089703,0.459232,0.466934,0.548178,0.520173,-0.00901,0.004724,0.180749,0.996677,0.006383,0.04213,0.069419
1,0.225,7,-0.203514,-0.519237,0.089567,0.522998,0.477444,0.48526,0.512878,-0.009215,0.004853,0.181026,-0.999863,-0.009328,0.013556,0.001777
1,0.225,7,-0.203944,-0.519196,0.089481,0.518404,0.49749,0.488981,0.49463,-0.009198,0.004939,0.181457,-0.999748,-0.010992,-0.009477,0.017155
1,0.225,7,-0.203004,-0.519205,0.089406,0.539863,0.507294,0.469216,0.480663,-0.009166,0.005016,0.180517,-0.998733,-0.008801,-0.00013,0.049545
1,0.225,7,-0.203228,-0.519049,0.089703,0.459232,0.466934,0.548178,0.520173,-0.00901,0.004724,0.180749,0.996677,0.006383,0.04213,0.069419
1,0.225,7,-0.20407,-0.519115,0.089539,-0.505045,-0.503328,-0.504078,-0.487336,-0.00912,0.004883,0.181586,-0.999446,-0.009199,-0.030404,0.009912
1,0.225,7,-0.20286,-0.519145,0.089514,0.534253,0.508246,0.477911,0.477348,-0.009095,0.00491,0.180376,-0.998935,-0.005959,-0.009509,0.044761
1,0.225,7,-0.202896,-0.519342,0.089659,0.531727,0.449801,0.476958,0.536149,-0.009288,0.004759,0.180403,0.998738,0.00654,-0.047252,0.015724
1,0.1875,8,-0.202111,-0.517585,0.088982,0.497305,0.472381,0.520676,0.508371,0.000616,0.000335,0.148101,0.999924,-0.00845,0.002895,0.008458
1,0.1875,8,-0.201323,-0.517436,0.089102,0.471602,0.494622,0.54157,0.489533,0.000782,0.000252,0.147311,0.99883,-0.005304,0.046828,0.010817
1,0.1875,8,-0.201323,-0.517436,0.089102,0.471602,0.494622,0.54157,0.489533,0.000782,0.000252,0.147311,0.99883,-0.005304,0.046828,0.010817
1,0.1875,8,-0.201611,-0.517525,0.089017,0.494862,0.487706,0.52165,0.495111,0.000686,0.000323,0.1476,-0.99979,0.006902,-0.018802,0.004277
1,0.1875,8,-0.201323,-0.517436,0.089102,0.471602,0.494622,0.54157,0.489533,0.000782,0.000252,0.147311,0.99883,-0.005304,0.046828,0.010817
1,0.1875,8,-0.202022,-0.517685,0.089032,0.509386,0.454878,0.509942,0.523041,0.000518,0.000287,0.148007,0.999557,-0.01001,-0.024593,0.013416
1,0.1875,8,-0.201876,-0.517555,0.08895,0.508123,0.481974,0.509743,0.499674,0.000649,0.000377,0.147868,-0.999903,0.007719,-0.000973,0.011541
1,0.1875,8,-0.201609,-0.517557,0.088823,0.524099,0.495366,0.496947,0.482676,0.00065,0.000516,0.147606,-0.999093,0.010854,-0.001404,0.041149
1,0.1875,8,-0.201611,-0.517525,0.089017,0.494862,0.487706,0.52165,0.495111,0.000686,0.000323,0.1476,-0.99979,0.006902,-0.018802,0.004277
1,0.1875,8,-0.201555,-0.517433,0.089007,0.491117,0.497868,0.519224,0.491262,0.000778,0.000337,0.147547,-0.999591,0.000764,-0.026531,0.010643
1,0.1875,8,-0.201138,-0.517448,0.089079,0.471455,0.491463,0.54101,0.493459,0.000773,0.000283,0.147127,0.998958,-0.004518,0.04313,0.014197
1,0.1875,8,-0.201642,-0.517452,0.088907,-0.513686,-0.502275,-0.504077,-0.479325,0.000756,0.000432,0.147637,-0.999143,0.007761,-0.015412,0.037623
1,0.1875,8,-0.201876,-0.517555,0.08895,0.508123,0.481974,0.509743,0.499674,0.000649,0.000377,0.147868,-0.999903,0.007719,-0.000973,0.011541
1,0.1875,8,-0.201323,-0.517436,0.089102,0.471602,0.494622,0.54157,0.489533,0.000782,0.000252,0.147311,0.99883,-0.005304,0.046828,0.010817
1,0.1875,8,-0.201368,-0.5174,0.089041,0.477131,0.499387,0.535039,0.48651,0.000816,0.000311,0.147359,0.998996,-0.003792,0.044622,0.000924
1,0.1875,8,-0.200903,-0.517361,0.089172,0.455623,0.503617,0.554135,0.481364,0.000866,0.000202,0.14689,0.997423,-0.003733,0.069766,0.016317
1,0.1875,8,-0.201858,-0.517644,0.089027,0.505102,0.466143,0.501622,0.525317,0.000562,0.0003,0.147845,0.999731,0.003071,-0.021904,0.006992
1,0.1875,8,-0.201611,-0.517525,0.089017,0.494862,0.487706,0.52165,0.495111,0.000686,0.000323,0.1476,-0.99979,0.006902,-0.018802,0.004277
1,0.1875,8,-0.201635,-0.517502,0.088864,-0.517035,-0.501451,-0.499345,-0.481535,0.000706,0.000475,0.147632,-0.999129,0.006235,-0.009859,0.040075
1,0.1875,8,-0.201876,-0.517555,0.08895,0.508123,0.481974,0.509743,0.499674,0.000649,0.000377,0.147868,-0.999903,0.007719,-0.000973,0.011541
1,0.1875,8,-0.202111,-0.517585,0.088982,0.497305,0.472381,0.520676,0.508371,0.000616,0.000335,0.148101,0.999924,-0.00845,0.002895,0.008458
1,0.1875,8,-0.201323,-0.517436,0.089102,0.471602,0.494622,0.54157,0.489533,0.000782,0.000252,0.147311,0.99883,-0.005304,0.046828,0.010817
1,0.1875,8,-0.201609,-0.51762,0.088859,0.52946,0.490622,0.490181,0.488554,0.000588,0.000479,0.147604,-0.999034,0.009339,0.00995,0.041768
1,0.1875,8,-0.20133,-0.517438,0.088984,0.48427,0.502156,0.532699,0.479117,0.000778,0.00037,0.147323,-0.998922,0.008416,-0.044764,0.008943
1,0.1875,8,-0.201323,-0.517436,0.089102,0.471602,0.494622,0.54157,0.489533,0.000782,0.000252,0.147311,0.99883,-0.005304,0.046828,0.010817
1,0.1875,8,-0.201189,-0.517497,0.089121,0.472466,0.487177,0.54012,0.497699,0.000724,0.000237,0.147176,0.999115,-0.004523,0.037951,0.017561
1,0.1875,8,-0.201611,-0.517525,0.089017,0.494862,0.487706,0.52165,0.495111,0.000686,0.000323,0.1476,-0.99979,0.006902,-0.018802,0.004277
1,0.1875,8,-0.201597,-0.517567,0.089016,0.486495,0.477918,0.529395,0.504636,0.000644,0.000324,0.147586,0.999735,-0.006857,0.017384,0.013458
1,0.1875,8,-0.201611,-0.517525,0.089017,0.494862,0.487706,0.52165,0.495111,0.000686,0.000323,0.1476,-0.99979,0.006902,-0.018802,0.004277
1,0.1875,8,-0.201493,-0.517485,0.088936,-0.504871,-0.500609,-0.510466,-0.483654,0.000726,0.000409,0.147487,-0.999416,0.005412,-0.020178,0.027053
1,0.1875,8,-0.201527,-0.517754,0.088976,0.531432,0.450514,0.485539,0.528081,0.000458,0.000363,0.147514,-0.99857,0.007741,0.052677,0.004782
1,0.1875,8,-0.201611,-0.517525,0.089017,0.494862,0.487706,0.52165,0.495111,0.000686,0.000323,0.1476,-0.99979,0.006902,-0.018802,0.004277
1,0.1875,8,-0.201323,-0.517436,0.089102,0.471602,0.494622,0.54157,0.489533,0.000782,0.000252,0.147311,0.99883,-0.005304,0.046828,0.010817
1,0.1875,8,-0.202032,-0.517522,0.088918,0.517106,0.485604,0.501763,0.494999,0.000679,0.000404,0.148025,-0.999666,0.008533,0.003507,0.024136
1,0.1875,8,-0.201611,-0.517525,0.089017,0.494862,0.487706,0.52165,0.495111,0.000686,0.000323,0.1476,-0.99979,0.006902,-0.018802,0.004277
1,0.1875,8,-0.201611,-0.517525,0.089017,0.494862,0.487706,0.52165,0.495111,0.000686,0.000323,0.1476,-0.99979,0.006902,-0.018802,0.004277
1,0.1875,8,-0.201658,-0.51759,0.089075,0.49615,0.475149,0.521804,0.505756,0.000621,0.000261,0.147644,0.999918,-0.008426,0.006714,0.006869
1,0.1875,8,-0.201611,-0.517525,0.089017,0.494862,0.487706,0.52165,0.495111,0.000686,0.000323,0.1476,-0.99979,0.006902,-0.018802,0.004277
1,0.1875,8,-0.201611,-0.517525,0.089017,0.494862,0.487706,0.52165,0.495111,0.000686,0.000323,0.1476,-0.99979,0.006902,-0.018802,0.004277
1,0.1875,8,-0.202023,-0.517521,0.088968,0.504433,0.492597,0.51401,0.488559,0.000682,0.000354,0.148014,-0.999667,0.008501,-0.015734,0.018589
1,0.1875,8,-0.201888,-0.51755,0.089043,0.50313,0.479093,0.515995,0.501078,0.000656,0.000284,0.147876,-0.99994,0.009232,-0.004502,0.003825
1,0.1875,8,-0.201876,-0.517555,0.08895,0.508123,0.481974,0.509743,0.499674,0.000649,0.000377,0.147868,-0.999903,0.007719,-0.000973,0.011541
1,0.1875,8,-0.201323,-0.517436,0.089102,0.471602,0.494622,0.54157,0.489533,0.000782,0.000252,0.147311,0.99883,-0.005304,0.046828,0.010817
1,0.1875,8,-0.201323,-0.517436,0.089102,0.471602,0.494622,0.54157,0.489533,0.000782,0.000252,0.147311,0.99883,-0.005304,0.046828,0.010817
1,0.1875,8,-0.200779,-0.517412,0.089176,0.458706,0.500823,0.552213,0.483555,0.000817,0.000201,0.146765,0.997757,-0.004507,0.064756,0.016345
1,0.1875,8,-0.201368,-0.5174,0.089041,0.477131,0.499387,0.535039,0.48651,0.000816,0.000311,0.147359,0.998996,-0.003792,0.044622,0.000924
1,0.1875,8,-0.201582,-0.517442,0.089041,0.488488,0.483714,0.529064,0.497485,0.00077,0.000301,0.147573,0.999693,-0.008406,0.022585,0.005753
1,0.1875,8,-0.201207,-0.517416,0.089072,0.483688,0.499741,0.529733,0.485477,0.000804,0.000287,0.147197,-0.999201,0.004581,-0.0393,0.005661
1,0.1875,8,-0.201514,-0.517475,0.089109,0.479908,0.47907,0.536932,0.501881,0.000739,0.000236,0.147501,0.999445,-0.008375,0.026419,0.018467
1,0.1875,8,-0.201007,-0.517462,0.088908,-0.51741,-0.511584,-0.497079,-0.472737,0.000757,0.000459,0.147004,-0.998531,0.004698,-0.017921,0.050921
1,0.1875,8,-0.200885,-0.517632,0.088989,0.526148,0.501267,0.483533,0.48795,0.000591,0.000379,0.146875,-0.998781,-0.000643,0.005858,0.049008
1,0.1875,8,-0.201867,-0.517622,0.089045,0.499748,0.462474,0.515747,0.519976,0.000585,0.000281,0.147853,0.999793,-0.006123,-0.011428,0.015702
1,0.1875,8,-0.201326,-0.51764,0.088978,0.518635,0.487421,0.488914,0.504383,0.000576,0.000371,0.147316,-0.99952,-0.002987,0.014273,0.027321
1,0.1875,8,-0.201265,-0.517472,0.089154,0.468116,0.492021,0.546156,0.490404,0.000748,0.000201,0.14725,0.998631,-0.006824,0.049154,0.016557
1,0.1875,8,-0.201301,-0.517501,0.088983,-0.507834,-0.497566,-0.508414,-0.485848,0.000715,0.00037,0.147293,-0.999506,0.006184,-0.015037,0.026898
1,0.1875,8,-0.201876,-0.517555,0.08895,0.508123,0.481974,0.509743,0.499674,0.000649,0.000377,0.147868,-0.999903,0.007719,-0.000973,0.011541
1,0.1875,8,-0.201323,-0.517436,0.089102,0.471602,0.494622,0.54157,0.489533,0.000782,0.000252,0.147311,0.99883,-0.005304,0.046828,0.010817
1,0.1875,8,-0.201611,-0.517525,0.089017,0.494862,0.487706,0.52165,0.495111,0.000686,0.000323,0.1476,-0.99979,0.006902,-0.018802,0.004277
1,0.1875,8,-0.201611,-0.517525,0.089017,0.494862,0.487706,0.52165,0.495111,0.000686,0.000323,0.1476,-0.99979,0.006902,-0.018802,0.004277
1,0.1875,8,-0.201611,-0.517525,0.089017,0.494862,0.487706,0.52165,0.495111,0.000686,0.000323,0.1476,-0.99979,0.006902,-0.018802,0.004277
1,0.1875,8,-0.201611,-0.517525,0.089017,0.494862,0.487706,0.52165,0.495111,0.000686,0.000323,0.1476,-0.99979,0.006902,-0.018802,0.004277
1,0.1875,8,-0.201995,-0.517619,0.088985,0.523953,0.46406,0.496091,0.513824,0.000585,0.000336,0.147984,-0.999454,0.010058,0.029847,0.009945
1,0.1875,8,-0.201509,-0.517425,0.089122,0.472763,0.498393,0.541179,0.485,0.00079,0.000224,0.147496,0.998707,-0.006095,0.050136,0.005849
1,0.1875,8,-0.201749,-0.517501,0.08904,0.492389,0.494751,0.524643,0.487364,0.000708,0.000295,0.147738,-0.999513,0.007684,-0.028866,0.009046
1,0.1875,8,-0.201301,-0.517501,0.088983,-0.507834,-0.497566,-0.508414,-0.485848,0.000715,0.00037,0.147293,-0.999506,0.006184,-0.015037,0.026898
1,0.1875,8,-0.201611,-0.517525,0.089017,0.494862,0.487706,0.52165,0.495111,0.000686,0.000323,0.1476,-0.99979,0.006902,-0.018802,0.004277
1,0.1875,8,-0.201323,-0.517436,0.089102,0.471602,0.494622,0.54157,0.489533,0.000782,0.000252,0.147311,0.99883,-0.005304,0.046828,0.010817
1,0.1875,8,-0.201139,-0.517704,0.08892,0.534048,0.465773,0.480556,0.516637,0.000513,0.000436,0.147131,-0.998812,0.004685,0.043233,0.022012
1,0.1875,8,-0.201611,-0.517525,0.089017,0.494862,0.487706,0.52165,0.495111,0.000686,0.000323,0.1476,-0.99979,0.006902,-0.018802,0.004277
1,0.1875,8,-0.201584,-0.517552,0.088972,0.50762,0.496466,0.500496,0.495326,0.000658,0.000368,0.147575,-0.999659,-0.00225,-0.00609,0.025293
1,0.1875,8,-0.200779,-0.517412,0.089176,0.458706,0.500823,0.552213,0.483555,0.000817,0.000201,0.146765,0.997757,-0.004507,0.064756,0.016345
1,0.1875,8,-0.200689,-0.51734,0.089211,0.451428,0.49341,0.558689,0.490536,0.000892,0.000171,0.146675,0.997438,-0.004452,0.06458,0.030433
1,0.1875,8,-0.201809,-0.517482,0.08899,0.499847,0.491677,0.517651,0.490352,0.000724,0.000342,0.147801,-0.999712,0.007702,-0.018566,0.01314
1,0.1875,8,-0.201888,-0.51755,0.089043,0.50313,0.479093,0.515995,0.501078,0.000656,0.000284,0.147876,-0.99994,0.009232,-0.004502,0.003825
1,0.1875,8,-0.201611,-0.517525,0.089017,0.494862,0.487706,0.52165,0.495111,0.000686,0.000323,0.1476,-0.99979,0.006902,-0.018802,0.004277
1,0.1875,8,-0.200848,-0.517858,0.088986,0.546357,0.443033,0.467241,0.535631,0.000366,0.000379,0.146833,-0.996934,0.005443,0.076869,0.013575
1,0.1875,8,-0.201577,-0.517443,0.089003,0.49663,0.493987,0.518474,0.490428,0.000769,0.00034,0.14757,-0.999674,0.005388,-0.021762,0.012247
1,0.1875,8,-0.200767,-0.517391,0.089222,0.451649,0.503858,0.558975,0.479258,0.000839,0.000156,0.146752,0.996953,-0.005252,0.075345,0.01949
1,0.1875,8,-0.200844,-0.51747,0.08896,-0.516704,-0.508822,-0.498644,-0.474838,0.000754,0.000413,0.146838,-0.998725,0.005462,-0.016648,0.047351
1,0.1875,8,-0.201675,-0.517587,0.088888,0.531602,0.47315,0.486397,0.506899,0.00062,0.000447,0.147669,-0.999146,0.007784,0.030637,0.026593
1,0.1875,8,-0.201995,-0.517619,0.088985,0.523953,0.46406,0.496091,0.513824,0.000585,0.000336,0.147984,-0.999454,0.010058,0.029847,0.009945
1,0.1875,8,-0.201388,-0.517726,0.089238,0.487498,0.445276,0.525462,0.536624,0.000493,0.000107,0.147365,0.998885,-0.005281,-0.017073,0.043702
1,0.1875,8,-0.202043,-0.517481,0.089076,0.487714,0.476267,0.531202,0.503119,0.000724,0.000247,0.148031,0.999701,-0.009963,0.017549,0.013789
1,0.1875,8,-0.200956,-0.517305,0.089168,0.45245,0.507829,0.557455,0.476069,0.000921,0.000205,0.146945,0.996855,-0.004508,0.07773,0.014732
1,0.1875,8,-0.201428,-0.517378,0.089092,0.469335,0.499877,0.544222,0.483393,0.000838,0.000259,0.147417,0.998443,-0.006083,0.054933,0.007496
1,0.1875,8,-0.200922,-0.517306,0.089089,0.471346,0.51016,0.537821,0.477827,0.000919,0.000284,0.146914,-0.998268,0.001496,-0.058623,0.00463
1,0.1875,8,-0.20144,-0.517564,0.089055,0.50495,0.480926,0.512766,0.500806,0.000651,0.000291,0.147428,-0.999939,0.007683,-0.003026,0.007373
1,0.1875,8,-0.201888,-0.51755,0.089043,0.50313,0.479093,0.515995,0.501078,0.000656,0.000284,0.147876,-0.99994,0.009232,-0.004502,0.003825
1,0.1875,8,-0.201443,-0.517496,0.089057,0.50753,0.477786,0.511732,0.502259,0.000719,0.00029,0.147432,-0.999933,0.009218,0.001106,0.006856
1,0.1875,8,-0.200854,-0.517338,0.089149,0.46532,0.506771,0.544771,0.479464,0.000889,0.000227,0.146843,0.998021,-0.003005,0.062658,0.004323
1,0.1875,8,-0.201749,-0.517501,0.08904,0.492389,0.494751,0.524643,0.487364,0.000708,0.000295,0.147738,-0.999513,0.007684,-0.028866,0.009046
1,0.1875,8,-0.201809,-0.517482,0.08899,0.499847,0.491677,0.517651,0.490352,0.000724,0.000342,0.147801,-0.999712,0.007702,-0.018566,0.01314
1,0.1875,8,-0.201301,-0.517501,0.088983,-0.507834,-0.497566,-0.508414,-0.485848,0.000715,0.00037,0.147293,-0.999506,0.006184,-0.015037,0.026898
1,0.1875,8,-0.201611,-0.517525,0.089017,0.494862,0.487706,0.52165,0.495111,0.000686,0.000323,0.1476,-0.99979,0.006902,-0.018802,0.004277
1,0.1875,8,-0.201809,-0.517482,0.08899,0.499847,0.491677,0.517651,0.490352,0.000724,0.000342,0.147801,-0.999712,0.007702,-0.018566,0.01314
1,0.1875,8,-0.201192,-0.517455,0.089018,0.487393,0.503983,0.524747,0.482793,0.000763,0.000341,0.147184,-0.999168,0.003069,-0.038369,0.013447
1,0.1875,8,-0.201477,-0.517516,0.088919,0.517351,0.496409,0.499902,0.485824,0.000695,0.000427,0.147472,-0.99934,0.006996,-0.005349,0.035253
1,0.1875,8,-0.201353,-0.517363,0.08906,0.482943,0.503621,0.531039,0.48076,0.000854,0.000294,0.147344,-0.998951,0.005363,-0.044573,0.008991
1,0.1875,8,-0.2013,-0.517565,0.088934,0.515678,0.494211,0.499341,0.490397,0.00065,0.000418,0.147293,-0.999497,0.004669,-0.002609,0.031263
1,0.1875,8,-0.201876,-0.517555,0.08895,0.508123,0.481974,0.509743,0.499674,0.000649,0.000377,0.147868,-0.999903,0.007719,-0.000973,0.011541
1,0.1875,8,-0.201809,-0.517482,0.08899,0.499847,0.491677,0.517651,0.490352,0.000724,0.000342,0.147801,-0.999712,0.007702,-0.018566,0.01314
1,0.1875,8,-0.201269,-0.517693,0.089029,0.523603,0.457685,0.493804,0.522036,0.000525,0.000322,0.147255,-0.999242,0.00771,0.037998,0.003508
1,0.1875,8,-0.201658,-0.51759,0.089075,0.49615,0.475149,0.521804,0.505756,0.000621,0.000261,0.147644,0.999918,-0.008426,0.006714,0.006869
1,0.1875,8,-0.201628,-0.51753,0.089026,0.512745,0.483321,0.505999,0.497452,0.000681,0.000313,0.147618,-0.99981,0.008488,0.001505,0.017491
1,0.1875,8,-0.201802,-0.517622,0.089035,0.51609,0.471454,0.489526,0.521293,0.000586,0.000295,0.147789,-0.99953,-0.004565,0.028917,0.009134
1,0.1875,8,-0.201624,-0.51737,0.089111,0.471279,0.503048,0.543108,0.479451,0.000843,0.000231,0.147613,0.998354,-0.006879,0.056891,0.002383
1,0.1875,8,-0.200504,-0.517337,0.089202,0.444647,0.507581,0.564852,0.474965,0.000898,0.000189,0.146491,0.996058,-0.005226,0.085812,0.021834
1,0.1875,8,-0.201214,-0.517428,0.088895,-0.520978,-0.510303,-0.494345,-0.473072,0.000788,0.000464,0.147212,-0.99847,0.005483,-0.013921,0.05323
1,0.1875,8,-0.200962,-0.517419,0.088944,-0.517411,-0.513365,-0.498441,-0.46936,0.000802,0.000425,0.146958,-0.998359,0.006229,-0.021128,0.052863
1,0.1875,8,-0.201622,-0.517684,0.088998,0.513859,0.476008,0.494204,0.514906,0.000526,0.000338,0.14761,-0.999733,-0.00226,0.020058,0.011267
1,0.1875,8,-0.201658,-0.51759,0.089075,0.49615,0.475149,0.521804,0.505756,0.000621,0.000261,0.147644,0.999918,-0.008426,0.006714,0.006869
1,0.1875,8,-0.201641,-0.517483,0.0889,0.522853,0.4966,0.495201,0.48455,0.000725,0.000439,0.147636,-0.999126,0.007793,-0.0009,0.041045
1,0.1875,8,-0.201066,-0.517541,0.088943,0.528715,0.499912,0.489196,0.48087,0.000678,0.00042,0.147059,-0.998695,0.00777,0.001639,0.050442
1,0.1875,8,-0.201281,-0.517683,0.089006,0.52637,0.466353,0.489879,0.515236,0.000534,0.000344,0.147268,-0.999306,0.006184,0.03369,0.014622
1,0.1875,8,-0.201222,-0.517459,0.089111,0.48592,0.496912,0.530609,0.485195,0.000761,0.000247,0.14721,-0.999262,0.007653,-0.03729,0.005074
1,0.1875,8,-0.201924,-0.517453,0.089019,0.49485,0.498747,0.522985,0.482558,0.000752,0.000308,0.147915,-0.999359,0.008479,-0.031123,0.015536
1,0.1875,8,-0.201274,-0.517403,0.088919,-0.518434,-0.518214,-0.497151,-0.464242,0.000811,0.000437,0.147271,-0.997926,0.006257,-0.024888,0.059035
1,0.1875,8,-0.200753,-0.51737,0.089203,0.46057,0.505396,0.550432,0.479035,0.000861,0.000177,0.146739,0.997665,-0.00452,0.067414,0.009948
1,0.1875,8,-0.201404,-0.517666,0.088995,0.529089,0.484826,0.477592,0.506867,0.000548,0.00035,0.147393,-0.998976,-0.003721,0.027779,0.035515
1,0.1875,8,-0.201185,-0.517422,0.089199,0.473925,0.485559,0.541679,0.496197,0.0008,0.000161,0.147169,0.999098,-0.007592,0.037879,0.017642
1,0.15,9,-0.198653,-0.515381,0.08955,0.473822,0.486321,0.542136,0.495048,9.5e-05,0.000101,0.109432,0.999638,-0.001681,0.012073,0.023978
1,0.15,9,-0.198636,-0.515252,0.089364,0.484471,0.512747,0.529774,0.470869,0.000218,0.000292,0.109415,-0.999594,0.000562,-0.025322,0.013068
1,0.15,9,-0.198695,-0.515501,0.089506,0.493836,0.480922,0.526421,0.497715,-2.4e-05,0.00014,0.109479,0.99988,-0.005118,-0.010094,0.01054
1,0.15,9,-0.198153,-0.515649,0.089323,0.532216,0.471612,0.484908,0.50911,-0.000198,0.000334,0.108949,-0.99798,0.002329,0.060782,0.018309
1,0.15,9,-0.198525,-0.515339,0.0896,0.47442,0.499421,0.542712,0.480591,0.000134,5.6e-05,0.109301,0.999616,-0.003395,0.025605,0.010007
1,0.15,9,-0.198558,-0.515363,0.089373,0.48924,0.504618,0.528372,0.476265,0.000105,0.000281,0.109341,-0.999832,0.003397,-0.015485,0.009191
1,0.15,9,-0.198475,-0.515363,0.089256,-0.506936,-0.509826,-0.502037,-0.480679,9.8e-05,0.000401,0.109262,-0.99947,-0.005643,0.006347,0.031434
1,0.15,9,-0.198143,-0.515669,0.089495,0.516899,0.465919,0.495561,0.519765,-0.000213,0.000162,0.108934,0.998447,0.002798,-0.05558,0.002678
1,0.15,9,-0.19849,-0.515485,0.089362,0.514596,0.48355,0.506374,0.49493,-2e-05,0.00029,0.109279,-0.999512,0.005711,0.028151,0.012285
1,0.15,9,-0.198563,-0.515447,0.089489,0.489185,0.483799,0.520484,0.5057,2.4e-05,0.000163,0.109347,0.999822,0.005685,-0.013109,0.012304
1,0.15,9,-0.198214,-0.515435,0.089512,0.49284,0.485662,0.51967,0.501183,2.4e-05,0.00015,0.108996,0.999897,0.002829,-0.012278,0.006915
1,0.15,9,-0.198896,-0.515555,0.089552,0.49263,0.473226,0.527651,0.504933,-7e-05,8.7e-05,0.109681,0.999669,-0.005126,-0.016197,0.019316
1,0.15,9,-0.198359,-0.515435,0.089347,-0.512907,-0.502225,-0.503545,-0.480769,2.4e-05,0.000311,0.109146,-0.999482,0.001732,0.012504,0.029592
1,0.15,9,-0.198821,-0.515364,0.089365,0.492361,0.502505,0.513593,0.491216,0.000112,0.000282,0.109604,-0.999911,-0.009099,0.001831,0.009569
1,0.15,9,-0.198241,-0.515349,0.089622,0.472272,0.4774,0.537747,0.509781,0.000114,4.2e-05,0.109018,0.999395,0.00457,-0.000924,0.034479
1,0.15,9,-0.198822,-0.51549,0.08947,0.501156,0.485601,0.517546,0.495156,-1e-05,0.000173,0.109607,-0.999885,0.003424,0.01473,0.001141
1,0.15,9,-0.198205,-0.515598,0.089404,0.526284,0.46907,0.487619,0.515001,-0.000142,0.000253,0.108997,-0.998119,-0.001109,0.060499,0.009837
1,0.15,9,-0.198676,-0.51556,0.089336,0.515231,0.490058,0.495531,0.498828,-8.9e-05,0.000309,0.109468,-0.999271,-0.004529,0.032545,0.019446
1,0.15,9,-0.1986,-0.515307,0.08948,0.48573,0.500887,0.523387,0.489127,0.000165,0.000175,0.109378,-0.99996,-0.005683,-0.006691,0.001659
1,0.15,9,-0.198436,-0.515463,0.089321,-0.513428,-0.508585,-0.497742,-0.479568,-1e-06,0.000333,0.109224,-0.999252,-0.003351,0.011916,0.036634
1,0.15,9,-0.198237,-0.515639,0.089386,0.53222,0.468278,0.483143,0.513838,-0.000183,0.000269,0.10903,-0.99773,0.000627,0.06562,0.015115
1,0.15,9,-0.198334,-0.515353,0.089419,-0.499654,-0.500933,-0.514142,-0.484841,0.000108,0.000242,0.109116,-0.99988,-0.001116,0.003003,0.015183
1,0.15,9,-0.198366,-0.515588,0.089436,0.515745,0.477139,0.495155,0.511045,-0.000126,0.000217,0.109156,-0.998935,-0.004512,0.045367,0.007116
1,0.15,9,-0.198695,-0.515388,0.089561,0.479896,0.486299,0.531017,0.501232,9.1e-05,8.9e-05,0.109473,0.99982,0.003998,0.000364,0.018557
1,0.15,9,-0.198498,-0.515525,0.089478,0.508461,0.478484,0.508163,0.504273,-5.7e-05,0.000173,0.109284,-0.999513,0.001153,0.031158,0.00115
1,0.15,9,-0.198412,-0.515366,0.089606,0.473646,0.489201,0.542231,0.492269,0.000103,5.2e-05,0.109189,0.999661,-0.001682,0.014996,0.021238
1,0.15,9,-0.198621,-0.515505,0.089573,0.49146,0.470134,0.525464,0.511203,-2.9e-05,7.6e-05,0.109404,0.999496,-0.00171,-0.021272,0.023508
1,0.15,9,-0.198626,-0.515524,0.089537,0.502756,0.471511,0.517741,0.506811,-4.9e-05,0.00011,0.10941,0.999527,-0.005128,-0.028137,0.011277
1,0.15,9,-0.198472,-0.515268,0.089517,0.480153,0.49501,0.531641,0.491707,0.000201,0.000143,0.109248,0.999906,0.002855,0.009511,0.009498
1,0.15,9,-0.197936,-0.515723,0.089435,0.536225,0.458777,0.479241,0.521838,-0.000276,0.000226,0.108732,-0.996882,0.00117,0.078245,0.0101
1,0.15,9,-0.198628,-0.515525,0.089441,0.509258,0.479234,0.509034,0.501872,-5.3e-05,0.000206,0.109415,-0.999554,0.002863,0.029593,0.002684
1,0.15,9,-0.1987,-0.515436,0.089547,0.484324,0.48614,0.534381,0.493492,4.2e-05,0.000101,0.109481,0.999884,-0.00397,0.003442,0.014329
1,0.15,9,-0.198144,-0.51551,0.089525,0.504214,0.48019,0.508498,0.506572,-5.3e-05,0.000137,0.108929,0.999573,0.002822,-0.029069,0.001333
1,0.15,9,-0.198446,-0.515414,0.089348,-0.511115,-0.511771,-0.502054,-0.474123,4.9e-05,0.000308,0.109232,-0.999279,-0.001093,0.004335,0.037714
1,0.15,9,-0.198412,-0.515446,0.089453,0.501654,0.485834,0.507658,0.504571,1.8e-05,0.000203,0.109196,-0.999682,-0.006223,0.024384,0.001765
1,0.15,9,-0.198185,-0.515467,0.089326,0.516792,0.497684,0.494846,0.490269,-1.4e-05,0.000336,0.108974,-0.99925,-0.003357,0.025732,0.028748
1,0.15,9,-0.198468,-0.51556,0.089459,0.509389,0.473972,0.509484,0.50626,-9.3e-05,0.000192,0.109256,0.999407,-0.003436,-0.034189,0.002386
1,0.15,9,-0.198579,-0.515505,0.089334,0.515315,0.481767,0.501791,0.500556,-3.8e-05,0.000315,0.109369,-0.999343,0.001749,0.034432,0.011204
1,0.15,9,-0.198525,-0.515339,0.0896,0.47442,0.499421,0.542712,0.480591,0.000134,5.6e-05,0.109301,0.999616,-0.003395,0.025605,0.010007
1,0.15,9,-0.198681,-0.515403,0.089387,0.507458,0.49091,0.510607,0.490688,7e-05,0.000263,0.109465,-0.999778,0.002867,0.016629,0.012633
1,0.15,9,-0.198609,-0.515367,0.089589,0.48869,0.48927,0.525253,0.495889,0.000109,6.4e-05,0.109387,0.999969,0.001141,-0.002978,0.007217
1,0.15,9,-0.198599,-0.515506,0.089439,0.503201,0.476796,0.507274,0.511985,-3.5e-05,0.00021,0.109386,0.999411,0.00509,-0.033476,0.005662
1,0.15,9,-0.198547,-0.515612,0.089632,0.495988,0.454023,0.522341,0.524422,-0.000136,1.6e-05,0.109332,0.998608,-0.003407,-0.039606,0.034677
1,0.15,9,-0.198656,-0.515386,0.089644,0.477003,0.479943,0.538174,0.502486,9.3e-05,7e-06,0.109432,0.999622,-0.000547,0.001659,0.027455
1,0.15,9,-0.19834,-0.515338,0.0895,0.483463,0.498263,0.532108,0.484622,0.000126,0.000161,0.109119,0.999909,-0.001121,0.013102,0.002921
1,0.15,9,-0.198574,-0.515545,0.089498,0.510017,0.479017,0.501543,0.508803,-7.3e-05,0.000151,0.10936,-0.999295,-0.003957,0.037201,0.003237
1,0.15,9,-0.198626,-0.515524,0.089537,0.502756,0.471511,0.517741,0.506811,-4.9e-05,0.00011,0.10941,0.999527,-0.005128,-0.028137,0.011277
1,0.15,9,-0.198365,-0.515423,0.08933,-0.514657,-0.49672,-0.503147,-0.485016,3.6e-05,0.000328,0.109152,-0.999497,0.002882,0.018414,0.025677
1,0.15,9,-0.198447,-0.515451,0.089444,0.498739,0.481429,0.520537,0.498524,1.5e-05,0.000211,0.109231,0.999854,-0.003982,-0.015704,0.005362
1,0.15,9,-0.198316,-0.515395,0.089576,0.479923,0.484701,0.535892,0.497552,7e-05,8.4e-05,0.109096,0.999793,-0.001118,0.003778,0.019981
1,0.15,9,-0.198413,-0.515473,0.089204,-0.522594,-0.511538,-0.489768,-0.474711,-1.5e-05,0.000451,0.109206,-0.998656,-0.001639,0.016787,0.049
1,0.15,9,-0.19852,-0.515391,0.089408,-0.50884,-0.503162,-0.510315,-0.476957,7.6e-05,0.000246,0.109303,-0.999624,0.004579,0.004706,0.026617
1,0.15,9,-0.19866,-0.515233,0.08952,0.471288,0.500654,0.539762,0.485685,0.000243,0.000136,0.109435,0.999639,0.002872,0.023885,0.011942
1,0.15,9,-0.198496,-0.515409,0.08971,0.484901,0.470767,0.527896,0.514368,6.6e-05,-5.5e-05,0.109272,0.999412,0.002305,-0.017895,0.029148
1,0.15,9,-0.198196,-0.515422,0.089291,0.515713,0.501433,0.496889,0.485496,3e-05,0.000372,0.108984,-0.999301,-0.002231,0.019968,0.031518
1,0.15,9,-0.198272,-0.515406,0.089366,-0.510821,-0.498796,-0.506372,-0.483583,5.1e-05,0.000295,0.109058,-0.999624,0.002299,0.013095,0.023994
1,0.15,9,-0.198469,-0.515381,0.0894,0.489287,0.496532,0.519574,0.494061,8.4e-05,0.000256,0.109253,-0.999979,-0.006241,0.001617,0.000582
1,0.15,9,-0.198702,-0.515432,0.089497,0.499052,0.489842,0.512376,0.49847,4.5e-05,0.000151,0.109484,-0.999863,-0.003969,0.015725,0.003256
1,0.15,9,-0.198673,-0.515579,0.089432,0.516233,0.474483,0.504815,0.503519,-0.000105,0.000212,0.109463,-0.999232,0.005712,0.038461,0.00489
1,0.15,9,-0.198464,-0.515382,0.089616,0.483593,0.485559,0.531849,0.497501,8.9e-05,4e-05,0.109241,0.999876,-0.000554,0.000316,0.01571
1,0.15,9,-0.198693,-0.515277,0.089456,0.479531,0.504555,0.530749,0.483507,0.000198,0.000198,0.109471,0.999828,0.003995,0.018129,0.000335
1,0.15,9,-0.19843,-0.515257,0.089456,0.479445,0.507411,0.531747,0.479491,0.000209,0.000206,0.109207,-0.999749,-0.002847,-0.022048,0.002599
1,0.15,9,-0.198423,-0.515579,0.089469,0.50943,0.470823,0.506058,0.512554,-0.000113,0.000182,0.109212,0.999163,-2.7e-05,-0.040546,0.005415
1,0.15,9,-0.198461,-0.515505,0.089482,0.511887,0.484356,0.499055,0.504297,-3.8e-05,0.000171,0.109247,-0.999338,-0.004517,0.034559,0.010393
1,0.15,9,-0.198183,-0.515626,0.089371,0.528487,0.468271,0.487633,0.513456,-0.000172,0.000286,0.108976,-0.998057,0.001188,0.061275,0.01125
1,0.15,9,-0.198464,-0.515382,0.089616,0.483593,0.485559,0.531849,0.497501,8.9e-05,4e-05,0.109241,0.999876,-0.000554,0.000316,0.01571
1,0.15,9,-0.198709,-0.515441,0.089506,0.489549,0.485846,0.522852,0.500921,3.6e-05,0.000142,0.109491,0.999909,0.002848,-0.008772,0.009875
1,0.15,9,-0.198072,-0.515583,0.089182,0.531217,0.513215,0.474488,0.478832,-0.000138,0.000479,0.10887,-0.997738,-0.007853,0.030023,0.059629
1,0.15,9,-0.198595,-0.51542,0.089537,0.489629,0.486165,0.528757,0.49429,5.4e-05,0.000115,0.109376,0.999948,-0.003403,-0.002481,0.009329
1,0.15,9,-0.198666,-0.515449,0.0896,0.486451,0.475813,0.530304,0.505713,3e-05,4.9e-05,0.109446,0.999683,-0.001695,-0.010774,0.022684
1,0.15,9,-0.198706,-0.515386,0.089559,0.483289,0.493277,0.535152,0.48654,9.3e-05,9e-05,0.109485,0.999896,-0.003972,0.011296,0.008064
1,0.15,9,-0.198578,-0.515475,0.089471,0.50158,0.487299,0.518174,0.492395,-4e-06,0.00018,0.109363,-0.999907,0.004554,0.012446,0.003284
1,0.15,9,-0.198837,-0.515418,0.089412,0.499169,0.488345,0.51944,0.492475,6.1e-05,0.000233,0.109621,-0.999941,0.003427,0.010089,0.001985
1,0.15,9,-0.198712,-0.51539,0.089547,0.485893,0.485383,0.531821,0.495457,8.9e-05,0.000103,0.109491,0.999903,-0.002833,2.1e-05,0.013656
1,0.15,9,-0.198489,-0.515529,0.089524,0.507942,0.482802,0.503056,0.505798,-5.9e-05,0.000127,0.109274,-0.999464,-0.004527,0.032031,0.004931
1,0.15,9,-0.198907,-0.515521,0.089489,0.506829,0.481904,0.511435,0.499327,-3.7e-05,0.00015,0.109692,-0.99969,0.002862,0.024576,0.002955
1,0.15,9,-0.198724,-0.515232,0.089552,0.471752,0.507864,0.543678,0.473221,0.000247,0.000102,0.109497,0.999369,-0.002263,0.035258,0.003749
1,0.15,9,-0.198222,-0.515496,0.089431,0.514668,0.48204,0.501864,0.500887,-3.9e-05,0.000229,0.109009,-0.99936,0.001158,0.034087,0.010831
1,0.15,9,-0.198375,-0.515456,0.089368,0.509375,0.49858,0.500684,0.491194,5e-06,0.000289,0.109162,-0.999559,-0.005084,0.018997,0.022243
1,0.15,9,-0.198754,-0.515471,0.089615,0.483717,0.472062,0.536724,0.505077,1.1e-05,3.1e-05,0.109534,0.999538,-0.005667,-0.007714,0.028847
1,0.15,9,-0.198754,-0.515524,0.089453,0.511347,0.481496,0.508584,0.498024,-4.6e-05,0.000191,0.109541,-0.999576,0.004579,0.027898,0.007005
1,0.15,9,-0.198197,-0.515429,0.089513,0.503394,0.485093,0.512586,0.498534,3e-05,0.00015,0.108979,-0.999791,0.000578,0.020256,0.002762
1,0.15,9,-0.19844,-0.515483,0.089454,0.502491,0.483839,0.516804,0.496302,-1.7e-05,0.0002,0.109226,-0.999843,0.003985,0.017224,0.000676
1,0.15,9,-0.198259,-0.51557,0.08925,0.529466,0.49027,0.485304,0.493742,-0.000117,0.000406,0.109054,-0.998519,4.7e-05,0.042407,0.034087
1,0.15,9,-0.19829,-0.515504,0.089379,0.519768,0.484919,0.496049,0.498629,-4.6e-05,0.000279,0.109079,-0.999135,0.000595,0.037088,0.018821
1,0.15,9,-0.198488,-0.515511,0.089417,0.521688,0.477324,0.494144,0.505792,-4.4e-05,0.000235,0.109276,-0.998841,0.000589,0.046291,0.013207
1,0.15,9,-0.198738,-0.515511,0.089508,0.509838,0.474039,0.511262,0.503947,-3.2e-05,0.000137,0.109522,0.999458,-0.005707,-0.032375,0.001873
1,0.15,9,-0.198454,-0.515438,0.089558,0.484939,0.484407,0.532749,0.49635,3.2e-05,9.7e-05,0.109235,0.999875,-0.002828,5.7e-05,0.015532
1,0.15,9,-0.19857,-0.515429,0.089514,0.495009,0.479283,0.522565,0.502176,4.3e-05,0.000139,0.109352,0.999814,-0.002275,-0.01561,0.01111
1,0.15,9,-0.198352,-0.515566,0.089466,0.516531,0.475751,0.494355,0.512318,-0.000103,0.000188,0.10914,-0.998841,-0.0045,0.047481,0.006545
1,0.15,9,-0.198699,-0.515547,0.089415,0.512424,0.474515,0.506436,0.505746,-7.2e-05,0.00023,0.109488,-0.999318,0.003443,0.036755,0.001145
1,0.15,9,-0.19869,-0.515418,0.089486,0.502071,0.481088,0.516168,0.50005,5.8e-05,0.000163,0.109472,0.999782,-0.002854,-0.020516,0.002499
1,0.15,9,-0.198369,-0.51549,0.089509,0.509924,0.487847,0.500434,0.501546,-2.5e-05,0.000147,0.109153,-0.999472,-0.005085,0.029783,0.011929
1,0.15,9,-0.198559,-0.515291,0.08954,0.474258,0.491402,0.537851,0.494287,0.000182,0.000117,0.109336,0.999745,0.002302,0.012606,0.018612
1,0.15,9,-0.198357,-0.51535,0.089485,0.487903,0.489275,0.527097,0.494702,0.000113,0.000175,0.109137,0.999968,7e-06,-0.001071,0.007928
1,0.15,9,-0.198666,-0.515505,0.089485,0.507923,0.484778,0.511396,0.495459,-3e-05,0.000162,0.109451,-0.999729,0.003997,0.021848,0.006916
1,0.15,9,-0.198721,-0.515414,0.089317,0.51619,0.496228,0.501065,0.486046,5.8e-05,0.000331,0.109508,-0.999421,0.00232,0.020989,0.026693
1,0.15,9,-0.198226,-0.515444,0.089341,-0.510279,-0.507661,-0.503171,-0.478241,1.1e-05,0.00032,0.109014,-0.999441,-0.001095,0.007398,0.032577
1,0.15,9,-0.198565,-0.515363,0.089632,0.481046,0.481692,0.533788,0.501635,0.000113,2.2e-05,0.109341,0.999758,1.9e-05,-0.001336,0.021973
1,0.15,9,-0.19843,-0.515406,0.089454,0.508515,0.488692,0.509601,0.492848,5.9e-05,0.000203,0.109213,-0.999734,0.002854,0.019831,0.011426
1,0.15,9,-0.198693,-0.51555,0.089458,0.514577,0.476995,0.503127,0.50453,-7.5e-05,0.000187,0.109481,-0.99927,0.002303,0.037692,0.005731
1,0.15,9,-0.198619,-0.515208,0.089412,0.476627,0.513841,0.533986,0.47292,0.000263,0.000246,0.109396,-0.999492,-0.002859,-0.031023,0.006706
1,0.15,9,-0.198708,-0.515495,0.089272,0.517488,0.509835,0.488489,0.483376,-2.4e-05,0.000374,0.1095,-0.998885,-0.00849,0.019857,0.04198
1,0.15,9,-0.19848,-0.51542,0.089391,0.51658,0.492306,0.500798,0.489878,4.5e-05,0.000263,0.109265,-0.999415,0.002302,0.02514,0.02308
1,0.15,9,-0.198326,-0.515505,0.089273,-0.520809,-0.509702,-0.490084,-0.478309,-4.9e-05,0.000384,0.109118,-0.998802,-0.003348,0.018374,0.04524
1,0.15,9,-0.19855,-0.515532,0.089488,0.511002,0.471728,0.503912,0.512272,-6.1e-05,0.000161,0.109336,0.99912,0.000546,-0.041841,0.002971
1,0.15,9,-0.1986,-0.515299,0.089482,0.487241,0.49879,0.528477,0.484269,0.000174,0.000173,0.109378,-0.999951,0.001132,-0.009772,0.001175
1,0.15,9,-0.198334,-0.515353,0.089419,-0.499654,-0.500933,-0.514142,-0.484841,0.000108,0.000242,0.109116,-0.99988,-0.001116,0.003003,0.015183
1,0.15,9,-0.198256,-0.515672,0.089297,0.539762,0.471877,0.476886,0.508496,-0.000218,0.000356,0.109054,-0.997317,0.002315,0.068241,0.026412
1,0.15,9,-0.198483,-0.515384,0.089511,0.493831,0.492558,0.523967,0.488852,8.5e-05,0.000145,0.109263,-0.999995,0.002838,0.001214,0.001118
1,0.15,9,-0.198429,-0.515488,0.089381,0.520909,0.491158,0.49751,0.489797,-2.4e-05,0.000273,0.109217,-0.999212,0.003435,0.029546,0.026265
1,0.15,9,-0.198656,-0.515485,0.089482,0.505746,0.478052,0.514769,0.500699,-1e-05,0.000166,0.10944,0.999674,-0.005135,-0.024937,0.001915
1,0.15,9,-0.198272,-0.515406,0.089366,-0.510821,-0.498796,-0.506372,-0.483583,5.1e-05,0.000295,0.109058,-0.999624,0.002299,0.013095,0.023994
1,0.15,9,-0.198806,-0.515352,0.089638,0.476356,0.491504,0.540165,0.489623,0.000132,1e-05,0.109582,0.999751,-0.002261,0.014998,0.016382
1,0.15,9,-0.198535,-0.51545,0.089465,0.504627,0.48714,0.506341,0.501662,1.9e-05,0.000187,0.109319,-0.999671,-0.004519,0.024511,0.005986
1,0.15,9,-0.198363,-0.515425,0.089334,0.50989,0.500214,0.49901,0.4907,3.4e-05,0.000324,0.10915,-0.999501,-0.006194,0.019044,0.024421
1,0.15,9,-0.198475,-0.515382,0.089457,0.489723,0.496146,0.520253,0.493303,8.5e-05,0.0002,0.109257,-0.999986,-0.005106,0.001327,0.000631
1,0.15,9,-0.198278,-0.515498,0.089312,0.518171,0.499796,0.492774,0.48875,-4.2e-05,0.000346,0.109068,-0.99914,-0.003935,0.025686,0.0323
1,0.15,9,-0.198455,-0.515494,0.089504,0.494934,0.483031,0.524225,0.4969,-2.6e-05,0.000149,0.109239,0.999911,-0.003974,-0.010311,0.007412
1,0.15,9,-0.19835,-0.515349,0.089496,0.484979,0.48859,0.527755,0.497544,0.000114,0.000165,0.10913,0.999931,0.00228,-0.000956,0.011442
1,0.15,9,-0.198471,-0.515381,0.089509,0.49239,0.485047,0.5223,0.499484,8.8e-05,0.000147,0.109252,0.999916,0.00057,-0.010213,0.007922
1,0.15,9,-0.19846,-0.515396,0.089502,0.497417,0.48257,0.519622,0.499696,7.2e-05,0.000154,0.109241,0.999863,-0.001706,-0.01548,0.005536
1,0.15,9,-0.198712,-0.51539,0.089547,0.485893,0.485383,0.531821,0.495457,8.9e-05,0.000103,0.109491,0.999903,-0.002833,2.1e-05,0.013656
1,0.15,9,-0.198418,-0.515448,0.089651,0.493251,0.463594,0.51968,0.521264,2.3e-05,5e-06,0.109196,0.999049,0.002297,-0.033227,0.028141
1,0.15,9,-0.198593,-0.515358,0.089432,0.493932,0.499726,0.516554,0.489364,0.000112,0.000222,0.109375,-0.999954,-0.004537,0.001647,0.008331
1,0.15,9,-0.198397,-0.5155,0.089522,0.50409,0.468552,0.505726,0.520186,-3.4e-05,0.000133,0.109181,0.998986,0.005655,-0.042796,0.012808
1,0.15,10,-0.199889,-0.5116,0.093586,0.510378,0.488033,0.499733,0.501602,0.002607,-0.00394,0.112732,-0.999933,-0.004163,0.008692,0.006446
1,0.15,10,-0.200094,-0.511546,0.0936,0.505006,0.490249,0.514485,0.489827,0.002661,-0.003956,0.112937,-0.999944,0.005454,-0.008331,0.003656
1,0.15,10,-0.200099,-0.511777,0.09357,0.530606,0.472837,0.490257,0.504511,0.002429,-0.003932,0.11294,-0.999366,0.007154,0.03277,0.011936
1,0.15,10,-0.199996,-0.511699,0.093439,0.532499,0.486949,0.483553,0.495483,0.002504,-0.003798,0.112841,-0.999278,0.002208,0.025687,0.02789
1,0.15,10,-0.200011,-0.511683,0.093495,0.527338,0.49338,0.483164,0.495018,0.002522,-0.003853,0.112854,-0.999376,-0.003509,0.019822,0.029018
1,0.15,10,-0.199975,-0.511554,0.093714,0.495488,0.478454,0.525654,0.49926,0.002657,-0.004068,0.112816,0.999787,-0.007536,0.008343,0.017299
1,0.15,10,-0.20015,-0.511651,0.093586,0.511241,0.488979,0.498888,0.500643,0.002556,-0.003945,0.112993,-0.99992,-0.004153,0.008619,0.008253
1,0.15,10,-0.199868,-0.511666,0.093784,0.496479,0.460735,0.514105,0.52624,0.002547,-0.004139,0.112707,0.999225,0.002537,-0.019965,0.033825
1,0.15,10,-0.199881,-0.511661,0.093749,0.49615,0.463086,0.524078,0.514518,0.002551,-0.004104,0.112721,0.99944,-0.007058,-0.007882,0.031731
1,0.15,10,-0.199744,-0.511385,0.093583,-0.485599,-0.513456,-0.531042,-0.467494,0.002823,-0.003929,0.112589,-0.998749,0.003918,-0.04902,0.009012
1,0.15,10,-0.199991,-0.511522,0.093513,-0.509739,-0.495267,-0.508163,-0.486464,0.002683,-0.003866,0.112836,-0.99988,0.003787,-0.006868,0.013348
1,0.15,10,-0.199916,-0.511582,0.093731,0.500002,0.477834,0.51718,0.504179,0.00263,-0.004085,0.112757,0.9999,-0.003317,-0.000939,0.01372
1,0.15,10,-0.2,-0.51163,0.093666,0.510149,0.480859,0.506131,0.502348,0.002579,-0.004023,0.112842,0.999954,-0.002157,-0.009285,0.000815
1,0.15,10,-0.199994,-0.511555,0.093508,-0.515371,-0.501808,-0.500271,-0.481986,0.002649,-0.003862,0.112838,-0.999656,0.001575,-0.005458,0.025592
1,0.15,10,-0.200237,-0.511622,0.093621,0.51119,0.4769,0.509613,0.501543,0.002585,-0.003981,0.113079,0.999924,-0.006807,-0.009639,0.003603
1,0.15,10,-0.199884,-0.511761,0.09344,0.542613,0.47462,0.473525,0.506045,0.002443,-0.003798,0.112728,-0.998538,0.002978,0.047192,0.026205
1,0.15,10,-0.199747,-0.511567,0.093654,0.492571,0.490977,0.520888,0.494966,0.002643,-0.004004,0.112589,0.999845,0.000395,0.015757,0.007885
1,0.15,10,-0.199636,-0.511578,0.093814,0.481376,0.473958,0.536008,0.506297,0.002638,-0.004163,0.112475,0.999256,-0.00451,0.015089,0.035219
1,0.15,10,-0.199982,-0.5116,0.09375,0.495191,0.47589,0.522349,0.505437,0.002612,-0.004105,0.112822,0.999784,-0.003891,0.00254,0.020261
1,0.15,10,-0.200086,-0.511781,0.093467,0.536481,0.483296,0.477425,0.500679,0.002423,-0.003829,0.112929,-0.998979,0.000289,0.035161,0.028376
1,0.15,10,-0.199924,-0.511823,0.093373,0.551166,0.47928,0.465192,0.500103,0.002378,-0.003734,0.112769,-0.997918,0.003664,0.050538,0.0399
1,0.15,10,-0.199736,-0.511592,0.093802,0.486213,0.474796,0.529179,0.50807,0.002623,-0.004153,0.112575,0.999511,-0.002135,0.008733,0.029949
1,0.15,10,-0.200031,-0.511819,0.093563,0.534795,0.470029,0.478432,0.513974,0.002388,-0.003926,0.112873,-0.998808,-0.000104,0.046882,0.013576
1,0.15,10,-0.199715,-0.51187,0.093436,0.549228,0.466616,0.463427,0.51561,0.002335,-0.003794,0.112558,-0.997604,0.000333,0.064307,0.025515
1,0.15,10,-0.199869,-0.511428,0.093689,0.485317,0.497666,0.53139,0.48417,0.002783,-0.004038,0.112711,0.999408,-0.003431,0.033346,0.007759
1,0.15,10,-0.200251,-0.511727,0.093495,0.531946,0.479308,0.488623,0.498542,0.002476,-0.003858,0.113094,-0.999387,0.006765,0.028145,0.01971
1,0.15,10,-0.199452,-0.511554,0.093765,0.48418,0.477643,0.532397,0.503965,0.002662,-0.00411,0.112292,0.999464,-0.003403,0.014811,0.029008
1,0.15,10,-0.199844,-0.511634,0.093605,0.504232,0.486958,0.510511,0.497997,0.002574,-0.003959,0.112687,0.999999,-0.000596,0.0011,0.000595
1,0.15,10,-0.200082,-0.511529,0.093486,-0.507836,-0.507691,-0.502643,-0.481356,0.002674,-0.003841,0.112927,-0.999611,-0.003561,-0.013733,0.023994
1,0.15,10,-0.200076,-0.51156,0.093627,0.498835,0.486449,0.513468,0.500881,0.002648,-0.003983,0.112918,0.999971,0.00177,0.003683,0.006441
1,0.15,10,-0.199774,-0.511839,0.093561,0.540183,0.462608,0.470309,0.5225,0.002369,-0.00392,0.112615,-0.998026,-0.002127,0.06158,0.012134
1,0.15,10,-0.199746,-0.511719,0.093348,0.545606,0.49374,0.470464,0.48703,0.002483,-0.003703,0.112592,-0.998322,0.002943,0.031468,0.048525
1,0.15,10,-0.200007,-0.511729,0.093548,0.529514,0.481645,0.488847,0.49866,0.002477,-0.003908,0.11285,-0.99947,0.004452,0.025686,0.019519
1,0.15,10,-0.200108,-0.51163,0.093731,0.495615,0.472597,0.51292,0.517621,0.002581,-0.004089,0.112948,0.999665,0.005146,-0.010011,0.023286
1,0.15,10,-0.20015,-0.511584,0.093457,0.528952,0.485574,0.492565,0.49174,0.002618,-0.003815,0.112995,-0.999543,0.007574,0.018194,0.022922
1,0.15,10,-0.199935,-0.511735,0.093684,0.513915,0.468844,0.501645,0.514226,0.002476,-0.004042,0.112776,0.99964,-0.001769,-0.025242,0.008868
1,0.15,10,-0.200216,-0.511762,0.093704,0.513482,0.474824,0.49408,0.516492,0.002447,-0.004068,0.113056,0.99961,0.006386,-0.026963,0.003498
1,0.15,10,-0.199993,-0.511627,0.093448,0.52664,0.501086,0.485218,0.485929,0.002577,-0.003804,0.112838,-0.999291,-0.002085,0.010162,0.036182
1,0.15,10,-0.200244,-0.511553,0.093626,0.508844,0.488803,0.512394,0.489492,0.002654,-0.003984,0.113087,-0.999945,0.007182,-0.004763,0.00602
1,0.15,10,-0.200146,-0.5116,0.093531,0.517772,0.49153,0.502941,0.487197,0.002604,-0.003889,0.11299,-0.999821,0.006609,0.00208,0.017622
1,0.15,10,-0.200154,-0.511649,0.093529,0.526187,0.483684,0.492963,0.49615,0.002555,-0.003888,0.112998,-0.999628,0.005133,0.019675,0.018161
1,0.15,10,-0.199897,-0.511504,0.093619,0.496538,0.490752,0.521049,0.49104,0.002705,-0.00397,0.11274,0.999863,-0.003731,0.015618,0.004119
1,0.15,10,-0.19996,-0.511784,0.093448,0.53558,0.479876,0.481214,0.501304,0.002419,-0.003808,0.112804,-0.999101,0.003148,0.034799,0.024024
1,0.15,10,-0.200002,-0.511531,0.09369,0.495153,0.487942,0.524041,0.492055,0.002679,-0.004044,0.112844,0.999824,-0.00545,0.015939,0.00821
1,0.15,10,-0.199923,-0.51157,0.093606,0.50208,0.489426,0.519054,0.488837,0.002638,-0.00396,0.112766,0.999899,-0.007227,0.0122,-5.3e-05
1,0.15,10,-0.199997,-0.5115,0.093554,-0.505297,-0.495974,-0.505643,-0.49296,0.002707,-0.003907,0.112841,-0.999937,-0.003298,-0.005047,0.009442
1,0.15,10,-0.200011,-0.511683,0.093495,0.527338,0.49338,0.483164,0.495018,0.002522,-0.003853,0.112854,-0.999376,-0.003509,0.019822,0.029018
1,0.15,10,-0.199782,-0.511913,0.093619,0.536214,0.455285,0.470709,0.532563,0.002296,-0.00398,0.112622,-0.997677,-0.00529,0.067907,0.001152
1,0.15,10,-0.200195,-0.511815,0.093659,0.521053,0.472116,0.487374,0.517761,0.002393,-0.004024,0.113035,-0.99933,-0.005322,0.036172,0.001522
1,0.15,10,-0.200142,-0.511592,0.093534,0.514617,0.493972,0.50384,0.487141,0.002613,-0.003891,0.112985,-0.999847,0.004317,-0.001226,0.016884
1,0.15,10,-0.200094,-0.511546,0.0936,0.505006,0.490249,0.514485,0.489827,0.002661,-0.003956,0.112937,-0.999944,0.005454,-0.008331,0.003656
1,0.15,10,-0.200216,-0.511576,0.093394,-0.518617,-0.509207,-0.492305,-0.478938,0.002624,-0.003752,0.113062,-0.999321,-0.002998,-0.004956,0.036397
1,0.15,10,-0.199863,-0.511564,0.093516,-0.518788,-0.504204,-0.496232,-0.479991,0.002642,-0.003869,0.112708,-0.999496,0.001033,-0.003844,0.03149
1,0.15,10,-0.19988,-0.511617,0.093714,0.496117,0.476754,0.516243,0.509968,0.002594,-0.004068,0.112721,0.999821,0.001445,-0.002791,0.018673
1,0.15,10,-0.199982,-0.5116,0.09375,0.495191,0.47589,0.522349,0.505437,0.002612,-0.004105,0.112822,0.999784,-0.003891,0.00254,0.020261
1,0.15,10,-0.199897,-0.511498,0.093751,0.488052,0.483077,0.531831,0.495578,0.002715,-0.004101,0.112738,0.999595,-0.006536,0.019347,0.0198
1,0.15,10,-0.19992,-0.511784,0.093553,0.532643,0.476123,0.475596,0.513232,0.002423,-0.003912,0.112762,-0.998875,-0.005264,0.043819,0.017363
1,0.15,10,-0.200152,-0.511721,0.093646,0.512453,0.464465,0.507576,0.513838,0.002486,-0.004008,0.112993,0.999598,-0.006422,-0.023498,0.014521
1,0.15,10,-0.19983,-0.511487,0.093591,0.503237,0.494037,0.514002,0.488346,0.002721,-0.00394,0.112674,-0.999911,0.003194,-0.011598,0.005686
1,0.15,10,-0.199996,-0.511558,0.093509,-0.513413,-0.503622,-0.497613,-0.484926,0.002647,-0.003863,0.11284,-0.999663,-0.003117,-0.004586,0.02535
1,0.15,10,-0.20021,-0.511529,0.093621,0.504037,0.495315,0.514973,0.485194,0.002678,-0.003978,0.113053,-0.999861,0.005028,-0.013853,0.007854
1,0.15,10,-0.199956,-0.511633,0.093688,0.507468,0.475296,0.510862,0.505559,0.002577,-0.004043,0.112797,0.999902,-0.004382,-0.009868,0.00891
1,0.15,10,-0.200027,-0.511594,0.093656,0.49876,0.475285,0.512976,0.512052,0.002615,-0.004012,0.112869,0.999815,0.002107,-0.007533,0.017564
1,0.15,10,-0.199862,-0.511452,0.093707,0.487227,0.499546,0.531843,0.479799,0.00276,-0.004056,0.112704,0.999339,-0.005864,0.035668,0.003864
1,0.15,10,-0.19972,-0.51149,0.093717,0.481809,0.479348,0.528981,0.508198,0.002723,-0.004064,0.112561,0.999467,0.002471,0.013083,0.029795
1,0.15,10,-0.199709,-0.511514,0.093761,0.493649,0.472582,0.517786,0.514659,0.0027,-0.004109,0.112549,0.999668,0.002161,-0.005119,0.025148
1,0.15,10,-0.199951,-0.511565,0.09371,0.500291,0.485809,0.514931,0.498542,0.002645,-0.004064,0.112792,0.999974,-0.001183,0.0045,0.005572
1,0.15,10,-0.200411,-0.511648,0.09353,0.528461,0.482651,0.491777,0.495916,0.002555,-0.003894,0.113255,-0.999552,0.00629,0.021833,0.019464
1,0.15,10,-0.200046,-0.511605,0.093674,0.498194,0.47987,0.514966,0.506297,0.002604,-0.004031,0.112887,0.999907,0.000774,-0.001152,0.013575
1,0.15,10,-0.200072,-0.511495,0.093648,0.492407,0.496036,0.527423,0.48302,0.002713,-0.004002,0.112915,0.999599,-0.006314,0.02748,0.002542
1,0.15,10,-0.200116,-0.511708,0.093639,0.514829,0.475308,0.502929,0.506058,0.0025,-0.004,0.112957,0.999832,-0.003752,-0.017859,0.001623
1,0.15,10,-0.199652,-0.511533,0.093825,0.486726,0.486676,0.529806,0.495531,0.002683,-0.004173,0.112492,0.999623,-0.003088,0.020817,0.017618
1,0.15,10,-0.19989,-0.511547,0.09353,0.515509,0.493037,0.502921,0.488094,0.00266,-0.003882,0.112735,-0.999849,0.004279,0.000623,0.016818
1,0.15,10,-0.200008,-0.511531,0.093691,0.492863,0.490157,0.521732,0.494599,0.002679,-0.004044,0.11285,0.99984,-0.000769,0.015805,0.008383
1,0.15,10,-0.200118,-0.511697,0.093523,0.525677,0.474586,0.495447,0.502955,0.002508,-0.003883,0.112962,-0.999598,0.00725,0.026011,0.008627
1,0.15,10,-0.20017,-0.511626,0.093653,0.504294,0.471699,0.513797,0.509117,0.002582,-0.004012,0.113012,0.999817,-0.004303,-0.010296,0.015551
1,0.15,10,-0.200063,-0.511722,0.093514,0.536631,0.477136,0.474507,0.509128,0.002483,-0.003874,0.112906,-0.998781,-0.002286,0.043896,0.022469
1,0.15,10,-0.200116,-0.511708,0.093639,0.514829,0.475308,0.502929,0.506058,0.0025,-0.004,0.112957,0.999832,-0.003752,-0.017859,0.001623
1,0.15,10,-0.200021,-0.511579,0.093728,0.49497,0.484727,0.520661,0.498956,0.002632,-0.004083,0.112862,0.999885,-0.001783,0.009361,0.011776
1,0.15,10,-0.200315,-0.511698,0.093693,0.51705,0.465214,0.503623,0.512444,0.00251,-0.004057,0.113156,0.999574,-0.007023,-0.026783,0.009219
1,0.15,10,-0.199856,-0.511428,0.093689,0.487507,0.495322,0.533774,0.481744,0.002782,-0.004038,0.112699,0.999377,-0.008104,0.033447,0.007798
1,0.15,10,-0.199691,-0.511714,0.093696,0.501263,0.46472,0.515696,0.516554,0.002498,-0.00405,0.112531,0.999563,-0.003509,-0.014895,0.025296
1,0.15,10,-0.200002,-0.51174,0.093553,0.520678,0.478426,0.498949,0.501052,0.002466,-0.003913,0.112844,-0.99978,0.005592,0.018855,0.007346
1,0.15,10,-0.199925,-0.51153,0.093573,0.496778,0.486392,0.514898,0.501512,0.002677,-0.003925,0.112769,0.999948,0.002352,0.005117,0.008511
1,0.15,10,-0.200098,-0.511548,0.093601,0.500473,0.494436,0.509792,0.495149,0.002659,-0.003957,0.112941,-0.999957,-0.003918,-0.007766,0.003128
1,0.15,10,-0.199879,-0.511398,0.093636,0.495652,0.496692,0.522024,0.484889,0.002811,-0.003984,0.112723,-0.999738,0.003921,-0.022518,0.001096
1,0.15,10,-0.199945,-0.511565,0.093709,0.502609,0.483677,0.517211,0.495917,0.002646,-0.004063,0.112786,0.999958,-0.005861,0.004686,0.005288
1,0.15,10,-0.200159,-0.511654,0.093588,0.521386,0.488417,0.487348,0.502093,0.002552,-0.003948,0.113001,-0.999613,-0.00542,0.020598,0.017913
1,0.15,10,-0.199645,-0.511465,0.093625,0.494333,0.489391,0.51855,0.49723,0.002746,-0.003971,0.112489,0.999899,0.001054,0.011786,0.007818
1,0.15,10,-0.200262,-0.511557,0.093451,0.515902,0.502836,0.495078,0.485695,0.002645,-0.00381,0.113107,-0.999629,-0.003164,-0.001272,0.027037
1,0.15,10,-0.200058,-0.511655,0.093669,0.510607,0.468631,0.507922,0.511547,0.002554,-0.004028,0.112899,0.999728,-0.00476,-0.01919,0.012332
1,0.15,10,-0.199833,-0.511617,0.093647,0.506246,0.480264,0.512902,0.499993,0.002593,-0.004,0.112675,0.999969,-0.005132,-0.003029,0.005173
1,0.15,10,-0.200088,-0.511483,0.093463,-0.519771,-0.5042,-0.50102,-0.47392,0.00272,-0.003816,0.112934,-0.999402,0.006992,-0.008715,0.03271
1,0.15,10,-0.200087,-0.511594,0.093647,0.505152,0.483395,0.515285,0.495613,0.002614,-0.004003,0.112929,0.999972,-0.006437,0.002426,0.003074
1,0.15,10,-0.200053,-0.511525,0.09359,0.504047,0.494849,0.517806,0.482636,0.002681,-0.003944,0.112897,-0.999807,0.007983,-0.016291,0.007533
1,0.15,10,-0.199687,-0.51154,0.093706,0.488958,0.485855,0.52649,0.497668,0.002673,-0.004055,0.112528,0.999727,-0.001847,0.016556,0.016388
1,0.15,10,-0.19978,-0.511485,0.093743,0.487136,0.475669,0.523685,0.512047,0.002728,-0.004092,0.112621,0.999586,0.002621,0.003987,0.028377
1,0.15,10,-0.199804,-0.511739,0.093664,0.5199,0.468918,0.491375,0.518045,0.002472,-0.004021,0.112645,0.99937,0.002419,-0.035298,0.002774
1,0.15,10,-0.199772,-0.51158,0.093714,0.489156,0.472537,0.523884,0.512816,0.002633,-0.004065,0.112613,0.999566,0.000348,0.001123,0.029451
1,0.15,10,-0.200154,-0.51159,0.093479,0.521065,0.497275,0.490325,0.490703,0.002613,-0.003837,0.112998,-0.999603,-0.002762,0.008969,0.026564
1,0.15,10,-0.200037,-0.511626,0.093558,0.518395,0.491204,0.495857,0.494075,0.00258,-0.003914,0.11288,-0.999798,4.2e-05,0.009485,0.017745
1,0.15,10,-0.19996,-0.511547,0.093618,0.506244,0.481289,0.514695,0.497159,0.002662,-0.003972,0.112803,0.999967,-0.00695,-0.000231,0.004095
1,0.15,10,-0.200135,-0.511652,0.093462,0.528216,0.494764,0.491165,0.484721,0.002551,-0.003821,0.11298,-0.999435,0.005454,0.010526,0.031462
1,0.15,10,-0.200087,-0.511594,0.093647,0.505152,0.483395,0.515285,0.495613,0.002614,-0.004003,0.112929,0.999972,-0.006437,0.002426,0.003074
1,0.15,10,-0.199985,-0.511489,0.093649,0.496903,0.490638,0.525829,0.48566,0.00272,-0.004002,0.112828,0.999744,-0.00909,0.020408,0.003607
1,0.15,10,-0.200145,-0.511534,0.093594,0.515564,0.492948,0.505194,0.485772,0.002672,-0.00395,0.112988,-0.999834,0.006667,-0.001584,0.016866
1,0.15,10,-0.200133,-0.511679,0.09369,0.506504,0.465429,0.512373,0.514105,0.002531,-0.00405,0.112973,0.99964,-0.005294,-0.017695,0.019467
1,0.15,10,-0.200056,-0.511486,0.09354,-0.501075,-0.505359,-0.510508,-0.482615,0.002719,-0.003893,0.1129,-0.999697,-0.002397,-0.019371,0.014971
1,0.15,10,-0.199858,-0.511479,0.09373,0.491122,0.487626,0.523904,0.496533,0.002733,-0.00408,0.112699,0.999799,-0.001296,0.015584,0.012574
1,0.15,10,-0.20006,-0.511715,0.093617,0.521015,0.465463,0.49962,0.512119,0.002492,-0.003977,0.112901,0.999497,-0.006997,-0.030541,0.005002
1,0.15,10,-0.200187,-0.511484,0.093577,-0.503556,-0.501237,-0.514355,-0.480241,0.002722,-0.003932,0.113031,-0.999718,0.00402,-0.01915,0.013432
1,0.15,10,-0.199909,-0.511682,0.093378,0.538288,0.50232,0.474196,0.482762,0.00252,-0.003735,0.112755,-0.998579,-0.000917,0.019502,0.049585
1,0.15,10,-0.199673,-0.511759,0.093843,0.493176,0.449582,0.525762,0.527473,0.002458,-0.004198,0.11251,0.998679,-0.006667,-0.018559,0.047452
1,0.15,10,-0.199986,-0.511706,0.093631,0.517779,0.474557,0.495729,0.510836,0.002503,-0.003989,0.112827,-0.99967,-0.000456,0.025698,0.00056
1,0.15,10,-0.200061,-0.511481,0.093615,0.501495,0.488573,0.519035,0.490308,0.002726,-0.003968,0.112904,0.999913,-0.006613,0.011347,0.001407
1,0.15,10,-0.200082,-0.511529,0.093486,-0.507836,-0.507691,-0.502643,-0.481356,0.002674,-0.003841,0.112927,-0.999611,-0.003561,-0.013733,0.023994
1,0.15,10,-0.199985,-0.511554,0.093715,0.493136,0.48066,0.523412,0.501819,0.002657,-0.004069,0.112826,0.999808,-0.002856,0.008263,0.017547
1,0.15,10,-0.200269,-0.511671,0.093568,0.517665,0.478611,0.499659,0.503285,0.002534,-0.00393,0.113111,-0.999823,0.003248,0.017958,0.004466
1,0.15,10,-0.199925,-0.511729,0.093419,0.538705,0.497324,0.47251,0.489081,0.002474,-0.003777,0.112769,-0.998648,-0.002251,0.026133,0.044879
1,0.15,10,-0.199877,-0.511757,0.093371,0.540058,0.50201,0.468703,0.486456,0.002445,-0.00373,0.112722,-0.998366,-0.004519,0.025129,0.051119
1,0.15,10,-0.200312,-0.511523,0.093612,0.501252,0.491466,0.519356,0.487316,0.002683,-0.00397,0.113155,-0.999871,0.006719,-0.014532,0.0013
1,0.15,10,-0.200058,-0.511761,0.09357,0.525604,0.466939,0.491438,0.514001,0.002446,-0.003931,0.112899,-0.999302,0.003449,0.037189,0.001072
1,0.15,10,-0.199889,-0.5116,0.093586,0.510378,0.488033,0.499733,0.501602,0.002607,-0.00394,0.112732,-0.999933,-0.004163,0.008692,0.006446
1,0.15,10,-0.200147,-0.511534,0.093466,0.528133,0.494677,0.491265,0.484798,0.002668,-0.003822,0.112992,-0.99944,0.005468,0.010514,0.031288
1,0.15,10,-0.199893,-0.511603,0.093469,0.52312,0.496397,0.489384,0.490345,0.002602,-0.003823,0.112738,-0.999555,-0.001605,0.010754,0.027781
1,0.15,10,-0.20021,-0.51175,0.093495,0.536589,0.47396,0.485905,0.501329,0.002453,-0.003858,0.113053,-0.99913,0.008951,0.035906,0.019216
1,0.15,10,-0.200053,-0.511782,0.093431,0.549861,0.470991,0.46676,0.507893,0.00242,-0.003793,0.112897,-0.997905,0.004026,0.057008,0.030332
1,0.15,10,-0.199681,-0.511512,0.093729,0.488605,0.478322,0.523014,0.508851,0.002701,-0.004077,0.112522,0.999685,0.001951,0.00578,0.024353
1,0.15,10,-0.199556,-0.511479,0.093743,0.482338,0.488748,0.53628,0.490796,0.002735,-0.004088,0.112397,0.999354,-0.005544,0.029659,0.019513
1,0.15,10,-0.200124,-0.511518,0.093531,-0.508597,-0.501867,-0.501862,-0.487435,0.002686,-0.003886,0.112968,-0.999793,-0.003736,-0.007086,0.018719
1,0.15,10,-0.199911,-0.511457,0.093635,0.492203,0.500192,0.528207,0.47806,0.002752,-0.003985,0.112754,-0.999447,0.007034,-0.032467,0.001595
1,0.15,10,-0.200166,-0.511466,0.093648,0.499418,0.490239,0.521682,0.487949,0.002741,-0.004002,0.113009,0.999848,-0.007283,0.01572,0.001692
1,0.15,10,-0.199964,-0.511606,0.09365,0.511012,0.474788,0.510835,0.502485,0.002604,-0.004006,0.112805,0.999897,-0.007916,-0.010443,0.005837
2,0.2625,11,0.073418,-0.571733,0.046093,-0.002272,-0.70007,-0.714032,0.007491,0.025978,0.041827,0.252471,0.999874,-0.006621,0.005548,0.013333
2,0.2625,11,0.073418,-0.571733,0.046093,-0.002272,-0.70007,-0.714032,0.007491,0.025978,0.041827,0.252471,0.999874,-0.006621,0.005548,0.013333
2,0.2625,11,0.073418,-0.571733,0.046093,-0.002272,-0.70007,-0.714032,0.007491,0.025978,0.041827,0.252471,0.999874,-0.006621,0.005548,0.013333
2,0.2625,11,0.073418,-0.571733,0.046093,-0.002272,-0.70007,-0.714032,0.007491,0.025978,0.041827,0.252471,0.999874,-0.006621,0.005548,0.013333
2,0.2625,11,0.073418,-0.571733,0.046093,-0.002272,-0.70007,-0.714032,0.007491,0.025978,0.041827,0.252471,0.999874,-0.006621,0.005548,0.013333
2,0.2625,11,0.073418,-0.571733,0.046093,-0.002272,-0.70007,-0.714032,0.007491,0.025978,0.041827,0.252471,0.999874,-0.006621,0.005548,0.013333
2,0.2625,11,0.073418,-0.571733,0.046093,-0.002272,-0.70007,-0.714032,0.007491,0.025978,0.041827,0.252471,0.999874,-0.006621,0.005548,0.013333
2,0.2625,11,0.073379,-0.571215,0.046125,0.014999,-0.692413,-0.720918,0.024848,0.026019,0.041792,0.251953,0.999248,-0.006616,0.030036,0.023607
2,0.2625,11,0.073418,-0.571733,0.046093,-0.002272,-0.70007,-0.714032,0.007491,0.025978,0.041827,0.252471,0.999874,-0.006621,0.005548,0.013333
2,0.2625,11,0.073418,-0.571733,0.046093,-0.002272,-0.70007,-0.714032,0.007491,0.025978,0.041827,0.252471,0.999874,-0.006621,0.005548,0.013333
2,0.2625,11,0.073418,-0.571733,0.046093,-0.002272,-0.70007,-0.714032,0.007491,0.025978,0.041827,0.252471,0.999874,-0.006621,0.005548,0.013333
2,0.2625,11,0.073418,-0.571733,0.046093,-0.002272,-0.70007,-0.714032,0.007491,0.025978,0.041827,0.252471,0.999874,-0.006621,0.005548,0.013333
2,0.2625,11,0.073418,-0.571733,0.046093,-0.002272,-0.70007,-0.714032,0.007491,0.025978,0.041827,0.252471,0.999874,-0.006621,0.005548,0.013333
2,0.2625,11,0.073418,-0.571733,0.046093,-0.002272,-0.70007,-0.714032,0.007491,0.025978,0.041827,0.252471,0.999874,-0.006621,0.005548,0.013333
2,0.2625,11,0.073418,-0.571733,0.046093,-0.002272,-0.70007,-0.714032,0.007491,0.025978,0.041827,0.252471,0.999874,-0.006621,0.005548,0.013333
2,0.2625,11,0.073435,-0.571478,0.046177,0.001939,-0.711722,-0.70232,0.013966,0.025963,0.041742,0.252217,-0.999876,0.008165,-0.013105,0.003193
2,0.2625,11,0.073442,-0.571414,0.046233,0.005562,-0.686441,-0.727079,0.011128,0.025956,0.041685,0.252153,0.999382,-0.00366,0.013653,0.032197
2,0.2625,11,0.073418,-0.571733,0.046093,-0.002272,-0.70007,-0.714032,0.007491,0.025978,0.041827,0.252471,0.999874,-0.006621,0.005548,0.013333
2,0.2625,11,0.073418,-0.571733,0.046093,-0.002272,-0.70007,-0.714032,0.007491,0.025978,0.041827,0.252471,0.999874,-0.006621,0.005548,0.013333
2,0.2625,11,0.073418,-0.571733,0.046093,-0.002272,-0.70007,-0.714032,0.007491,0.025978,0.041827,0.252471,0.999874,-0.006621,0.005548,0.013333
2,0.2625,11,0.073418,-0.571733,0.046093,-0.002272,-0.70007,-0.714032,0.007491,0.025978,0.041827,0.252471,0.999874,-0.006621,0.005548,0.013333
2,0.2625,11,0.073418,-0.571733,0.046093,-0.002272,-0.70007,-0.714032,0.007491,0.025978,0.041827,0.252471,0.999874,-0.006621,0.005548,0.013333
2,0.2625,11,0.073418,-0.571733,0.046093,-0.002272,-0.70007,-0.714032,0.007491,0.025978,0.041827,0.252471,0.999874,-0.006621,0.005548,0.013333
2,0.2625,11,0.073418,-0.571733,0.046093,-0.002272,-0.70007,-0.714032,0.007491,0.025978,0.041827,0.252471,0.999874,-0.006621,0.005548,0.013333
2,0.2625,11,0.073418,-0.571733,0.046093,-0.002272,-0.70007,-0.714032,0.007491,0.025978,0.041827,0.252471,0.999874,-0.006621,0.005548,0.013333
2,0.2625,11,0.073418,-0.571733,0.046093,-0.002272,-0.70007,-0.714032,0.007491,0.025978,0.041827,0.252471,0.999874,-0.006621,0.005548,0.013333
2,0.2625,11,0.073442,-0.571414,0.046233,0.005562,-0.686441,-0.727079,0.011128,0.025956,0.041685,0.252153,0.999382,-0.00366,0.013653,0.032197
2,0.2625,11,0.073418,-0.571733,0.046093,-0.002272,-0.70007,-0.714032,0.007491,0.025978,0.041827,0.252471,0.999874,-0.006621,0.005548,0.013333
2,0.2625,11,0.073379,-0.571215,0.046125,0.014999,-0.692413,-0.720918,0.024848,0.026019,0.041792,0.251953,0.999248,-0.006616,0.030036,0.023607
2,0.2625,11,0.073418,-0.571733,0.046093,-0.002272,-0.70007,-0.714032,0.007491,0.025978,0.041827,0.252471,0.999874,-0.006621,0.005548,0.013333
2,0.2625,11,0.073379,-0.571215,0.046125,0.014999,-0.692413,-0.720918,0.024848,0.026019,0.041792,0.251953,0.999248,-0.006616,0.030036,0.023607
2,0.2625,11,0.073379,-0.571215,0.046125,0.014999,-0.692413,-0.720918,0.024848,0.026019,0.041792,0.251953,0.999248,-0.006616,0.030036,0.023607
2,0.2625,11,0.073418,-0.571733,0.046093,-0.002272,-0.70007,-0.714032,0.007491,0.025978,0.041827,0.252471,0.999874,-0.006621,0.005548,0.013333
2,0.2625,11,0.073418,-0.571733,0.046093,-0.002272,-0.70007,-0.714032,0.007491,0.025978,0.041827,0.252471,0.999874,-0.006621,0.005548,0.013333
2,0.2625,11,0.073418,-0.571733,0.046093,-0.002272,-0.70007,-0.714032,0.007491,0.025978,0.041827,0.252471,0.999874,-0.006621,0.005548,0.013333
2,0.2625,11,0.073418,-0.571733,0.046093,-0.002272,-0.70007,-0.714032,0.007491,0.025978,0.041827,0.252471,0.999874,-0.006621,0.005548,0.013333
2,0.2625,11,0.073418,-0.571733,0.046093,-0.002272,-0.70007,-0.714032,0.007491,0.025978,0.041827,0.252471,0.999874,-0.006621,0.005548,0.013333
2,0.2625,11,0.073442,-0.571414,0.046233,0.005562,-0.686441,-0.727079,0.011128,0.025956,0.041685,0.252153,0.999382,-0.00366,0.013653,0.032197
2,0.2625,11,0.073435,-0.571478,0.046177,0.001939,-0.711722,-0.70232,0.013966,0.025963,0.041742,0.252217,-0.999876,0.008165,-0.013105,0.003193
2,0.2625,11,0.073418,-0.571733,0.046093,-0.002272,-0.70007,-0.714032,0.007491,0.025978,0.041827,0.252471,0.999874,-0.006621,0.005548,0.013333
2,0.2625,11,0.073418,-0.571733,0.046093,-0.002272,-0.70007,-0.714032,0.007491,0.025978,0.041827,0.252471,0.999874,-0.006621,0.005548,0.013333
2,0.2625,11,0.073418,-0.571733,0.046093,-0.002272,-0.70007,-0.714032,0.007491,0.025978,0.041827,0.252471,0.999874,-0.006621,0.005548,0.013333
2,0.2625,11,0.073442,-0.571414,0.046233,0.005562,-0.686441,-0.727079,0.011128,0.025956,0.041685,0.252153,0.999382,-0.00366,0.013653,0.032197
2,0.2625,11,0.073418,-0.571733,0.046093,-0.002272,-0.70007,-0.714032,0.007491,0.025978,0.041827,0.252471,0.999874,-0.006621,0.005548,0.013333
2,0.2625,11,0.073418,-0.571733,0.046093,-0.002272,-0.70007,-0.714032,0.007491,0.025978,0.041827,0.252471,0.999874,-0.006621,0.005548,0.013333
2,0.2625,11,0.073418,-0.571733,0.046093,-0.002272,-0.70007,-0.714032,0.007491,0.025978,0.041827,0.252471,0.999874,-0.006621,0.005548,0.013333
2,0.2625,11,0.073443,-0.571344,0.046286,0.007236,-0.699542,-0.714386,0.015557,0.025955,0.041633,0.252083,0.999726,-0.005559,0.017971,0.013955
2,0.2625,11,0.073418,-0.571733,0.046093,-0.002272,-0.70007,-0.714032,0.007491,0.025978,0.041827,0.252471,0.999874,-0.006621,0.005548,0.013333
2,0.2625,11,0.073418,-0.571733,0.046093,-0.002272,-0.70007,-0.714032,0.007491,0.025978,0.041827,0.252471,0.999874,-0.006621,0.005548,0.013333
2,0.2625,11,0.073418,-0.571733,0.046093,-0.002272,-0.70007,-0.714032,0.007491,0.025978,0.041827,0.252471,0.999874,-0.006621,0.005548,0.013333
2,0.2625,11,0.073435,-0.571478,0.046177,0.001939,-0.711722,-0.70232,0.013966,0.025963,0.041742,0.252217,-0.999876,0.008165,-0.013105,0.003193
2,0.2625,11,0.073435,-0.571478,0.046177,0.001939,-0.711722,-0.70232,0.013966,0.025963,0.041742,0.252217,-0.999876,0.008165,-0.013105,0.003193
2,0.2625,11,0.073418,-0.571733,0.046093,-0.002272,-0.70007,-0.714032,0.007491,0.025978,0.041827,0.252471,0.999874,-0.006621,0.005548,0.013333
2,0.2625,11,0.073435,-0.571478,0.046177,0.001939,-0.711722,-0.70232,0.013966,0.025963,0.041742,0.252217,-0.999876,0.008165,-0.013105,0.003193
2,0.2625,11,0.073418,-0.571733,0.046093,-0.002272,-0.70007,-0.714032,0.007491,0.025978,0.041827,0.252471,0.999874,-0.006621,0.005548,0.013333
2,0.2625,11,0.073435,-0.571478,0.046177,0.001939,-0.711722,-0.70232,0.013966,0.025963,0.041742,0.252217,-0.999876,0.008165,-0.013105,0.003193
2,0.2625,11,0.073435,-0.571478,0.046177,0.001939,-0.711722,-0.70232,0.013966,0.025963,0.041742,0.252217,-0.999876,0.008165,-0.013105,0.003193
2,0.2625,11,0.073418,-0.571733,0.046093,-0.002272,-0.70007,-0.714032,0.007491,0.025978,0.041827,0.252471,0.999874,-0.006621,0.005548,0.013333
2,0.2625,11,0.073418,-0.571733,0.046093,-0.002272,-0.70007,-0.714032,0.007491,0.025978,0.041827,0.252471,0.999874,-0.006621,0.005548,0.013333
2,0.2625,11,0.073418,-0.571733,0.046093,-0.002272,-0.70007,-0.714032,0.007491,0.025978,0.041827,0.252471,0.999874,-0.006621,0.005548,0.013333
2,0.2625,11,0.073435,-0.571478,0.046177,0.001939,-0.711722,-0.70232,0.013966,0.025963,0.041742,0.252217,-0.999876,0.008165,-0.013105,0.003193
2,0.2625,11,0.073435,-0.571478,0.046177,0.001939,-0.711722,-0.70232,0.013966,0.025963,0.041742,0.252217,-0.999876,0.008165,-0.013105,0.003193
2,0.2625,11,0.073418,-0.571733,0.046093,-0.002272,-0.70007,-0.714032,0.007491,0.025978,0.041827,0.252471,0.999874,-0.006621,0.005548,0.013333
2,0.2625,11,0.073418,-0.571733,0.046093,-0.002272,-0.70007,-0.714032,0.007491,0.025978,0.041827,0.252471,0.999874,-0.006621,0.005548,0.013333
2,0.2625,11,0.073418,-0.571733,0.046093,-0.002272,-0.70007,-0.714032,0.007491,0.025978,0.041827,0.252471,0.999874,-0.006621,0.005548,0.013333
2,0.2625,11,0.073442,-0.571414,0.046233,0.005562,-0.686441,-0.727079,0.011128,0.025956,0.041685,0.252153,0.999382,-0.00366,0.013653,0.032197
2,0.2625,11,0.073418,-0.571733,0.046093,-0.002272,-0.70007,-0.714032,0.007491,0.025978,0.041827,0.252471,0.999874,-0.006621,0.005548,0.013333
2,0.2625,11,0.073435,-0.571478,0.046177,0.001939,-0.711722,-0.70232,0.013966,0.025963,0.041742,0.252217,-0.999876,0.008165,-0.013105,0.003193
2,0.2625,11,0.073418,-0.571733,0.046093,-0.002272,-0.70007,-0.714032,0.007491,0.025978,0.041827,0.252471,0.999874,-0.006621,0.005548,0.013333
2,0.2625,11,0.073418,-0.571733,0.046093,-0.002272,-0.70007,-0.714032,0.007491,0.025978,0.041827,0.252471,0.999874,-0.006621,0.005548,0.013333
2,0.2625,11,0.073443,-0.571344,0.046286,0.007236,-0.699542,-0.714386,0.015557,0.025955,0.041633,0.252083,0.999726,-0.005559,0.017971,0.013955
2,0.2625,11,0.073418,-0.571733,0.046093,-0.002272,-0.70007,-0.714032,0.007491,0.025978,0.041827,0.252471,0.999874,-0.006621,0.005548,0.013333
2,0.2625,11,0.073418,-0.571733,0.046093,-0.002272,-0.70007,-0.714032,0.007491,0.025978,0.041827,0.252471,0.999874,-0.006621,0.005548,0.013333
2,0.2625,11,0.073442,-0.571414,0.046233,0.005562,-0.686441,-0.727079,0.011128,0.025956,0.041685,0.252153,0.999382,-0.00366,0.013653,0.032197
2,0.2625,11,0.073418,-0.571733,0.046093,-0.002272,-0.70007,-0.714032,0.007491,0.025978,0.041827,0.252471,0.999874,-0.006621,0.005548,0.013333
2,0.2625,11,0.073418,-0.571733,0.046093,-0.002272,-0.70007,-0.714032,0.007491,0.025978,0.041827,0.252471,0.999874,-0.006621,0.005548,0.013333
2,0.2625,11,0.073435,-0.571478,0.046177,0.001939,-0.711722,-0.70232,0.013966,0.025963,0.041742,0.252217,-0.999876,0.008165,-0.013105,0.003193
2,0.2625,11,0.073418,-0.571733,0.046093,-0.002272,-0.70007,-0.714032,0.007491,0.025978,0.041827,0.252471,0.999874,-0.006621,0.005548,0.013333
2,0.2625,11,0.073418,-0.571733,0.046093,-0.002272,-0.70007,-0.714032,0.007491,0.025978,0.041827,0.252471,0.999874,-0.006621,0.005548,0.013333
2,0.225,12,0.075556,-0.568291,0.0415,-0.009862,0.677249,0.735678,-0.003756,-0.003453,0.003843,0.183201,0.999369,0.012157,0.004411,0.033073
2,0.225,12,0.075682,-0.567833,0.041554,0.010176,0.681067,0.732058,0.011636,-0.003583,0.003794,0.182744,0.999352,0.009048,-0.020708,0.028023
2,0.225,12,0.075538,-0.567533,0.041574,0.025908,-0.656329,-0.753655,0.023772,-0.003442,0.003781,0.182441,0.997676,0.00928,0.030109,0.060411
2,0.225,12,0.075563,-0.568314,0.041408,-0.027514,0.694748,0.718442,-0.020238,-0.003461,0.003934,0.183225,0.999483,0.012652,0.028363,0.008321
2,0.225,12,0.075622,-0.568281,0.041498,-0.020967,0.677252,0.735253,-0.017099,-0.003519,0.003844,0.183191,0.999177,0.01043,0.021684,0.032648
2,0.225,12,0.075622,-0.568281,0.041498,-0.020967,0.677252,0.735253,-0.017099,-0.003519,0.003844,0.183191,0.999177,0.01043,0.021684,0.032648
2,0.225,12,0.075579,-0.567689,0.041656,0.009725,-0.659875,-0.751235,0.010763,-0.00348,0.003696,0.182597,0.99834,0.007186,0.009414,0.056358
2,0.225,12,0.075563,-0.568314,0.041408,-0.027514,0.694748,0.718442,-0.020238,-0.003461,0.003934,0.183225,0.999483,0.012652,0.028363,0.008321
2,0.225,12,0.075682,-0.567833,0.041554,0.010176,0.681067,0.732058,0.011636,-0.003583,0.003794,0.182744,0.999352,0.009048,-0.020708,0.028023
2,0.225,12,0.075563,-0.568314,0.041408,-0.027514,0.694748,0.718442,-0.020238,-0.003461,0.003934,0.183225,0.999483,0.012652,0.028363,0.008321
2,0.225,12,0.075563,-0.568314,0.041408,-0.027514,0.694748,0.718442,-0.020238,-0.003461,0.003934,0.183225,0.999483,0.012652,0.028363,0.008321
2,0.225,12,0.075563,-0.568314,0.041408,-0.027514,0.694748,0.718442,-0.020238,-0.003461,0.003934,0.183225,0.999483,0.012652,0.028363,0.008321
2,0.225,12,0.075563,-0.568314,0.041408,-0.027514,0.694748,0.718442,-0.020238,-0.003461,0.003934,0.183225,0.999483,0.012652,0.028363,0.008321
2,0.225,12,0.075563,-0.568314,0.041408,-0.027514,0.694748,0.718442,-0.020238,-0.003461,0.003934,0.183225,0.999483,0.012652,0.028363,0.008321
2,0.225,12,0.075623,-0.567533,0.041277,-0.01165,0.741227,0.671124,-0.006261,-0.003531,0.004077,0.182447,-0.998242,-0.011115,-0.006746,0.057823
2,0.225,12,0.075538,-0.567533,0.041574,0.025908,-0.656329,-0.753655,0.023772,-0.003442,0.003781,0.182441,0.997676,0.00928,0.030109,0.060411
2,0.225,12,0.075479,-0.567371,0.041545,-0.029639,0.651155,0.757958,-0.02486,-0.003385,0.003814,0.182279,0.99712,0.011153,0.033587,0.067081
2,0.225,12,0.075595,-0.56857,0.041501,-0.01631,0.671443,0.740788,-0.011424,-0.003488,0.003837,0.18348,0.999003,0.011252,0.014447,0.040723
2,0.225,12,0.075519,-0.568559,0.041441,-0.029379,0.677135,0.734968,-0.021172,-0.003413,0.003898,0.183468,0.998917,0.013423,0.030537,0.032447
2,0.225,12,0.075475,-0.567337,0.041243,-0.028119,0.719953,0.692886,-0.028049,-0.003386,0.004117,0.18225,-0.999014,-0.007307,-0.033997,0.027585
2,0.225,12,0.075563,-0.568314,0.041408,-0.027514,0.694748,0.718442,-0.020238,-0.003461,0.003934,0.183225,0.999483,0.012652,0.028363,0.008321
2,0.225,12,0.075622,-0.568281,0.041498,-0.020967,0.677252,0.735253,-0.017099,-0.003519,0.003844,0.183191,0.999177,0.01043,0.021684,0.032648
2,0.225,12,0.075774,-0.567187,0.041506,0.03611,0.690566,0.721285,0.039543,-0.003682,0.003851,0.182099,0.998111,0.010667,-0.058869,0.013982
2,0.225,12,0.075563,-0.568314,0.041408,-0.027514,0.694748,0.718442,-0.020238,-0.003461,0.003934,0.183225,0.999483,0.012652,0.028363,0.008321
2,0.225,12,0.07541,-0.566644,0.041669,0.028574,-0.629066,-0.776354,0.027089,-0.003323,0.003703,0.18155,0.994764,0.008957,0.034626,0.095733
2,0.225,12,0.075745,-0.568115,0.041546,0.013853,0.679089,0.733795,0.013806,-0.003643,0.003796,0.183025,0.999188,0.008029,-0.024829,0.030689
2,0.225,12,0.075563,-0.568314,0.041408,-0.027514,0.694748,0.718442,-0.020238,-0.003461,0.003934,0.183225,0.999483,0.012652,0.028363,0.008321
2,0.225,12,0.075563,-0.568314,0.041408,-0.027514,0.694748,0.718442,-0.020238,-0.003461,0.003934,0.183225,0.999483,0.012652,0.028363,0.008321
2,0.225,12,0.075563,-0.568314,0.041408,-0.027514,0.694748,0.718442,-0.020238,-0.003461,0.003934,0.183225,0.999483,0.012652,0.028363,0.008321
2,0.225,12,0.075563,-0.568314,0.041408,-0.027514,0.694748,0.718442,-0.020238,-0.003461,0.003934,0.183225,0.999483,0.012652,0.028363,0.008321
2,0.225,12,0.075519,-0.568559,0.041441,-0.029379,0.677135,0.734968,-0.021172,-0.003413,0.003898,0.183468,0.998917,0.013423,0.030537,0.032447
2,0.225,12,0.075563,-0.568314,0.041408,-0.027514,0.694748,0.718442,-0.020238,-0.003461,0.003934,0.183225,0.999483,0.012652,0.028363,0.008321
2,0.225,12,0.075479,-0.567371,0.041545,-0.029639,0.651155,0.757958,-0.02486,-0.003385,0.003814,0.182279,0.99712,0.011153,0.033587,0.067081
2,0.225,12,0.075407,-0.567249,0.041327,-0.057886,0.704482,0.705359,-0.05313,-0.003318,0.004034,0.18216,-0.997247,-0.010398,-0.072968,0.008127
2,0.225,12,0.075579,-0.567689,0.041656,0.009725,-0.659875,-0.751235,0.010763,-0.00348,0.003696,0.182597,0.99834,0.007186,0.009414,0.056358
2,0.225,12,0.075682,-0.567833,0.041554,0.010176,0.681067,0.732058,0.011636,-0.003583,0.003794,0.182744,0.999352,0.009048,-0.020708,0.028023
2,0.225,12,0.075622,-0.568281,0.041498,-0.020967,0.677252,0.735253,-0.017099,-0.003519,0.003844,0.183191,0.999177,0.01043,0.021684,0.032648
2,0.225,12,0.075563,-0.568314,0.041408,-0.027514,0.694748,0.718442,-0.020238,-0.003461,0.003934,0.183225,0.999483,0.012652,0.028363,0.008321
2,0.225,12,0.075682,-0.567833,0.041554,0.010176,0.681067,0.732058,0.011636,-0.003583,0.003794,0.182744,0.999352,0.009048,-0.020708,0.028023
2,0.225,12,0.075556,-0.568291,0.0415,-0.009862,0.677249,0.735678,-0.003756,-0.003453,0.003843,0.183201,0.999369,0.012157,0.004411,0.033073
2,0.225,12,0.075385,-0.56712,0.041646,0.025717,-0.631801,-0.774365,0.022905,-0.003292,0.003719,0.182026,0.99523,0.009921,0.029627,0.092421
2,0.225,12,0.075563,-0.568314,0.041408,-0.027514,0.694748,0.718442,-0.020238,-0.003461,0.003934,0.183225,0.999483,0.012652,0.028363,0.008321
2,0.225,12,0.075682,-0.567833,0.041554,0.010176,0.681067,0.732058,0.011636,-0.003583,0.003794,0.182744,0.999352,0.009048,-0.020708,0.028023
2,0.225,12,0.075682,-0.567833,0.041554,0.010176,0.681067,0.732058,0.011636,-0.003583,0.003794,0.182744,0.999352,0.009048,-0.020708,0.028023
2,0.225,12,0.075563,-0.568314,0.041408,-0.027514,0.694748,0.718442,-0.020238,-0.003461,0.003934,0.183225,0.999483,0.012652,0.028363,0.008321
2,0.225,12,0.075519,-0.568559,0.041441,-0.029379,0.677135,0.734968,-0.021172,-0.003413,0.003898,0.183468,0.998917,0.013423,0.030537,0.032447
2,0.225,12,0.075563,-0.568314,0.041408,-0.027514,0.694748,0.718442,-0.020238,-0.003461,0.003934,0.183225,0.999483,0.012652,0.028363,0.008321
2,0.225,12,0.075563,-0.568314,0.041408,-0.027514,0.694748,0.718442,-0.020238,-0.003461,0.003934,0.183225,0.999483,0.012652,0.028363,0.008321
2,0.225,12,0.075563,-0.568314,0.041408,-0.027514,0.694748,0.718442,-0.020238,-0.003461,0.003934,0.183225,0.999483,0.012652,0.028363,0.008321
2,0.225,12,0.075774,-0.567187,0.041506,0.03611,0.690566,0.721285,0.039543,-0.003682,0.003851,0.182099,0.998111,0.010667,-0.058869,0.013982
2,0.225,12,0.075538,-0.567533,0.041574,0.025908,-0.656329,-0.753655,0.023772,-0.003442,0.003781,0.182441,0.997676,0.00928,0.030109,0.060411
2,0.225,12,0.07564,-0.568231,0.041323,-0.015704,0.711775,0.702209,-0.005735,-0.003539,0.00402,0.183144,-0.999734,-0.014581,-0.009589,0.015068
2,0.225,12,0.075479,-0.567371,0.041545,-0.029639,0.651155,0.757958,-0.02486,-0.003385,0.003814,0.182279,0.99712,0.011153,0.033587,0.067081
2,0.225,12,0.075563,-0.568314,0.041408,-0.027514,0.694748,0.718442,-0.020238,-0.003461,0.003934,0.183225,0.999483,0.012652,0.028363,0.008321
2,0.225,12,0.075622,-0.568281,0.041498,-0.020967,0.677252,0.735253,-0.017099,-0.003519,0.003844,0.183191,0.999177,0.01043,0.021684,0.032648
2,0.225,12,0.075563,-0.568314,0.041408,-0.027514,0.694748,0.718442,-0.020238,-0.003461,0.003934,0.183225,0.999483,0.012652,0.028363,0.008321
2,0.225,12,0.075563,-0.568314,0.041408,-0.027514,0.694748,0.718442,-0.020238,-0.003461,0.003934,0.183225,0.999483,0.012652,0.028363,0.008321
2,0.225,12,0.075682,-0.567833,0.041554,0.010176,0.681067,0.732058,0.011636,-0.003583,0.003794,0.182744,0.999352,0.009048,-0.020708,0.028023
2,0.225,12,0.075563,-0.568314,0.041408,-0.027514,0.694748,0.718442,-0.020238,-0.003461,0.003934,0.183225,0.999483,0.012652,0.028363,0.008321
2,0.225,12,0.07564,-0.568231,0.041323,-0.015704,0.711775,0.702209,-0.005735,-0.003539,0.00402,0.183144,-0.999734,-0.014581,-0.009589,0.015068
2,0.225,12,0.075563,-0.568314,0.041408,-0.027514,0.694748,0.718442,-0.020238,-0.003461,0.003934,0.183225,0.999483,0.012652,0.028363,0.008321
2,0.225,12,0.075682,-0.567833,0.041554,0.010176,0.681067,0.732058,0.011636,-0.003583,0.003794,0.182744,0.999352,0.009048,-0.020708,0.028023
2,0.225,12,0.075682,-0.567833,0.041554,0.010176,0.681067,0.732058,0.011636,-0.003583,0.003794,0.182744,0.999352,0.009048,-0.020708,0.028023
2,0.225,12,0.075512,-0.567594,0.041621,0.018001,-0.656395,-0.754029,0.016176,-0.003414,0.003734,0.182501,0.99793,0.009153,0.019146,0.060712
2,0.225,12,0.075563,-0.568314,0.041408,-0.027514,0.694748,0.718442,-0.020238,-0.003461,0.003934,0.183225,0.999483,0.012652,0.028363,0.008321
2,0.225,12,0.075682,-0.567833,0.041554,0.010176,0.681067,0.732058,0.011636,-0.003583,0.003794,0.182744,0.999352,0.009048,-0.020708,0.028023
2,0.225,12,0.075563,-0.568314,0.041408,-0.027514,0.694748,0.718442,-0.020238,-0.003461,0.003934,0.183225,0.999483,0.012652,0.028363,0.008321
2,0.225,12,0.075622,-0.568281,0.041498,-0.020967,0.677252,0.735253,-0.017099,-0.003519,0.003844,0.183191,0.999177,0.01043,0.021684,0.032648
2,0.225,12,0.075563,-0.568314,0.041408,-0.027514,0.694748,0.718442,-0.020238,-0.003461,0.003934,0.183225,0.999483,0.012652,0.028363,0.008321
2,0.225,12,0.075682,-0.567833,0.041554,0.010176,0.681067,0.732058,0.011636,-0.003583,0.003794,0.182744,0.999352,0.009048,-0.020708,0.028023
2,0.225,12,0.075454,-0.566778,0.041359,-0.072111,0.697014,0.710268,-0.067013,-0.00337,0.00401,0.181689,-0.995618,-0.010512,-0.092921,-0.000485
2,0.225,12,0.075622,-0.568281,0.041498,-0.020967,0.677252,0.735253,-0.017099,-0.003519,0.003844,0.183191,0.999177,0.01043,0.021684,0.032648
2,0.225,12,0.075563,-0.568314,0.041408,-0.027514,0.694748,0.718442,-0.020238,-0.003461,0.003934,0.183225,0.999483,0.012652,0.028363,0.008321
2,0.225,12,0.075682,-0.567833,0.041554,0.010176,0.681067,0.732058,0.011636,-0.003583,0.003794,0.182744,0.999352,0.009048,-0.020708,0.028023
2,0.225,12,0.075563,-0.568314,0.041408,-0.027514,0.694748,0.718442,-0.020238,-0.003461,0.003934,0.183225,0.999483,0.012652,0.028363,0.008321
2,0.225,12,0.075548,-0.567792,0.041621,0.024558,-0.652354,-0.757139,0.023905,-0.003448,0.00373,0.182699,0.997375,0.008265,0.029283,0.0657
2,0.225,12,0.075548,-0.567792,0.041621,0.024558,-0.652354,-0.757139,0.023905,-0.003448,0.00373,0.182699,0.997375,0.008265,0.029283,0.0657
2,0.225,12,0.075563,-0.568314,0.041408,-0.027514,0.694748,0.718442,-0.020238,-0.003461,0.003934,0.183225,0.999483,0.012652,0.028363,0.008321
2,0.225,12,0.075682,-0.567833,0.041554,0.010176,0.681067,0.732058,0.011636,-0.003583,0.003794,0.182744,0.999352,0.009048,-0.020708,0.028023
2,0.225,12,0.075563,-0.568314,0.041408,-0.027514,0.694748,0.718442,-0.020238,-0.003461,0.003934,0.183225,0.999483,0.012652,0.028363,0.008321
2,0.225,12,0.075563,-0.568314,0.041408,-0.027514,0.694748,0.718442,-0.020238,-0.003461,0.003934,0.183225,0.999483,0.012652,0.028363,0.008321
2,0.225,12,0.075682,-0.567833,0.041554,0.010176,0.681067,0.732058,0.011636,-0.003583,0.003794,0.182744,0.999352,0.009048,-0.020708,0.028023
2,0.225,12,0.075563,-0.568314,0.041408,-0.027514,0.694748,0.718442,-0.020238,-0.003461,0.003934,0.183225,0.999483,0.012652,0.028363,0.008321
2,0.225,12,0.075622,-0.568281,0.041498,-0.020967,0.677252,0.735253,-0.017099,-0.003519,0.003844,0.183191,0.999177,0.01043,0.021684,0.032648
2,0.225,12,0.075563,-0.568314,0.041408,-0.027514,0.694748,0.718442,-0.020238,-0.003461,0.003934,0.183225,0.999483,0.012652,0.028363,0.008321
2,0.225,12,0.075682,-0.567833,0.041554,0.010176,0.681067,0.732058,0.011636,-0.003583,0.003794,0.182744,0.999352,0.009048,-0.020708,0.028023
2,0.225,12,0.075577,-0.568024,0.041458,-0.017777,0.698627,0.715162,-0.012124,-0.003477,0.003889,0.182935,0.999804,0.011583,0.01569,0.00336
2,0.225,12,0.075508,-0.567403,0.041564,-0.017565,0.663714,0.747644,-0.014242,-0.003414,0.003794,0.182311,0.998494,0.010176,0.017401,0.051024
2,0.225,12,0.075577,-0.568024,0.041458,-0.017777,0.698627,0.715162,-0.012124,-0.003477,0.003889,0.182935,0.999804,0.011583,0.01569,0.00336
2,0.225,12,0.07564,-0.568231,0.041323,-0.015704,0.711775,0.702209,-0.005735,-0.003539,0.00402,0.183144,-0.999734,-0.014581,-0.009589,0.015068
2,0.225,12,0.075622,-0.568281,0.041498,-0.020967,0.677252,0.735253,-0.017099,-0.003519,0.003844,0.183191,0.999177,0.01043,0.021684,0.032648
2,0.225,12,0.075563,-0.568314,0.041408,-0.027514,0.694748,0.718442,-0.020238,-0.003461,0.003934,0.183225,0.999483,0.012652,0.028363,0.008321
2,0.225,12,0.075563,-0.568314,0.041408,-0.027514,0.694748,0.718442,-0.020238,-0.003461,0.003934,0.183225,0.999483,0.012652,0.028363,0.008321
2,0.225,12,0.075622,-0.568281,0.041498,-0.020967,0.677252,0.735253,-0.017099,-0.003519,0.003844,0.183191,0.999177,0.01043,0.021684,0.032648
2,0.1875,13,0.076372,-0.569135,0.047626,-0.004513,-0.693397,-0.720538,0.00235,0.000299,-0.006941,0.151212,-0.999659,0.008132,0.02213,0.011252
2,0.1875,13,0.076317,-0.568544,0.047761,0.005784,-0.662392,-0.748991,0.014688,0.000329,-0.007039,0.150612,0.99946,-0.009199,-0.0063,0.030907
2,0.1875,13,0.07632,-0.56731,0.047911,0.005028,-0.642034,-0.766628,0.006918,0.000274,-0.007114,0.149372,0.998253,-0.003504,-0.012234,0.05769
2,0.1875,13,0.076158,-0.568537,0.04773,0.04905,-0.685269,-0.724767,0.052082,0.000488,-0.00701,0.1506,-0.99867,0.007467,-0.050967,0.002219
2,0.1875,13,0.076158,-0.568537,0.04773,0.04905,-0.685269,-0.724767,0.052082,0.000488,-0.00701,0.1506,-0.99867,0.007467,-0.050967,0.002219
2,0.1875,13,0.076324,-0.56889,0.047619,0.010342,-0.683283,-0.729945,0.014042,0.000337,-0.006919,0.150966,0.999972,-0.006187,-0.003345,0.002582
2,0.1875,13,0.076162,-0.568761,0.04776,0.049895,-0.687471,-0.722484,0.053953,0.000492,-0.007053,0.150823,-0.998552,0.008315,-0.052877,0.005364
2,0.1875,13,0.076096,-0.568486,0.047702,0.043904,-0.708778,-0.70262,0.045061,0.000548,-0.006978,0.150548,-0.998476,0.006541,-0.04251,0.034569
2,0.1875,13,0.076158,-0.568537,0.04773,0.04905,-0.685269,-0.724767,0.052082,0.000488,-0.00701,0.1506,-0.99867,0.007467,-0.050967,0.002219
2,0.1875,13,0.076299,-0.568946,0.047671,0.018717,-0.69204,-0.721211,0.024168,0.000364,-0.006974,0.151018,-0.999873,0.008076,-0.009737,0.009704
2,0.1875,13,0.076158,-0.568537,0.04773,0.04905,-0.685269,-0.724767,0.052082,0.000488,-0.00701,0.1506,-0.99867,0.007467,-0.050967,0.002219
2,0.1875,13,0.076299,-0.568946,0.047671,0.018717,-0.69204,-0.721211,0.024168,0.000364,-0.006974,0.151018,-0.999873,0.008076,-0.009737,0.009704
2,0.1875,13,0.076152,-0.568365,0.047671,-0.037886,0.693826,0.718225,-0.03637,0.000487,-0.006939,0.150432,-0.999392,0.003896,-0.032085,0.013069
2,0.1875,13,0.076158,-0.568537,0.04773,0.04905,-0.685269,-0.724767,0.052082,0.000488,-0.00701,0.1506,-0.99867,0.007467,-0.050967,0.002219
2,0.1875,13,0.076307,-0.568487,0.047684,0.011079,-0.689929,-0.723647,0.014497,0.000337,-0.006959,0.150559,-0.999956,0.006201,0.002467,0.006573
2,0.1875,13,0.076142,-0.568484,0.047647,-0.043311,0.687753,0.7235,-0.04083,0.000502,-0.006923,0.150552,-0.999218,0.003262,-0.039072,0.005021
2,0.1875,13,0.076343,-0.568648,0.047703,0.013572,-0.682654,-0.730386,0.01833,0.000308,-0.006988,0.150721,0.999967,-0.007081,0.001945,0.003377
2,0.1875,13,0.076241,-0.568269,0.047776,0.016122,-0.67185,-0.740176,0.022309,0.000394,-0.007039,0.150333,0.999786,-0.007932,0.006488,0.017989
2,0.1875,13,0.076273,-0.568226,0.047743,0.018007,-0.670305,-0.741472,0.024219,0.00036,-0.007002,0.150294,0.999726,-0.00799,0.009165,0.020012
2,0.1875,13,0.076225,-0.568685,0.04757,-0.0303,0.700606,0.712284,-0.02974,0.000428,-0.006858,0.15076,-0.999503,0.00445,-0.02204,0.022099
2,0.1875,13,0.076342,-0.569419,0.04767,0.008942,-0.690336,-0.723237,0.016846,0.000341,-0.007002,0.151491,-0.999928,0.009387,0.002412,0.007085
2,0.1875,13,0.076158,-0.568537,0.04773,0.04905,-0.685269,-0.724767,0.052082,0.000488,-0.00701,0.1506,-0.99867,0.007467,-0.050967,0.002219
2,0.1875,13,0.076414,-0.567778,0.047856,-0.007558,-0.645765,-0.763478,-0.005606,0.000201,-0.007087,0.149847,0.998153,-0.003107,-0.029969,0.05275
2,0.1875,13,0.076207,-0.568385,0.047729,0.031516,-0.687335,-0.724927,0.032535,0.000433,-0.006999,0.150451,-0.999672,0.005277,-0.024781,0.00374
2,0.1875,13,0.076318,-0.568947,0.047606,-0.001337,-0.700984,-0.713164,0.004088,0.000345,-0.00691,0.151023,-0.999561,0.007438,0.018591,0.021836
2,0.1875,13,0.07635,-0.567914,0.047905,-0.004342,0.655368,0.755293,-0.002519,0.000269,-0.007145,0.149976,0.99907,-0.001132,-0.01571,0.040148
2,0.1875,13,0.076226,-0.568453,0.047747,0.038539,-0.680786,-0.730329,0.04079,0.000416,-0.00702,0.150518,0.999337,-0.006302,0.035535,0.004787
2,0.1875,13,0.076234,-0.568496,0.047599,0.024043,-0.705166,-0.70821,0.024512,0.000411,-0.006875,0.150571,-0.999492,0.005055,-0.013917,0.028226
2,0.1875,13,0.076158,-0.568537,0.04773,0.04905,-0.685269,-0.724767,0.052082,0.000488,-0.00701,0.1506,-0.99867,0.007467,-0.050967,0.002219
2,0.1875,13,0.076342,-0.569419,0.04767,0.008942,-0.690336,-0.723237,0.016846,0.000341,-0.007002,0.151491,-0.999928,0.009387,0.002412,0.007085
2,0.1875,13,0.076226,-0.568453,0.047747,0.038539,-0.680786,-0.730329,0.04079,0.000416,-0.00702,0.150518,0.999337,-0.006302,0.035535,0.004787
2,0.1875,13,0.076343,-0.568648,0.047703,0.013572,-0.682654,-0.730386,0.01833,0.000308,-0.006988,0.150721,0.999967,-0.007081,0.001945,0.003377
2,0.1875,13,0.076103,-0.568526,0.047649,-0.043115,0.699981,0.711597,-0.042398,0.000543,-0.006929,0.150592,-0.998942,0.004886,-0.040062,0.02205
2,0.1875,13,0.076269,-0.568762,0.047644,0.013974,-0.702073,-0.71174,0.018014,0.000387,-0.006937,0.150835,-0.999695,0.007126,-0.00211,0.023548
2,0.1875,13,0.076226,-0.568453,0.047747,0.038539,-0.680786,-0.730329,0.04079,0.000416,-0.00702,0.150518,0.999337,-0.006302,0.035535,0.004787
2,0.1875,13,0.076316,-0.568555,0.047762,-0.014415,0.66166,0.749644,-0.005639,0.00033,-0.007042,0.150623,0.999475,0.003323,-0.006216,0.031632
2,0.1875,13,0.076125,-0.568487,0.047797,0.044862,-0.675765,-0.734016,0.050499,0.000518,-0.007073,0.150545,0.998804,-0.008912,0.046787,0.01106
2,0.1875,13,0.076103,-0.568526,0.047649,-0.043115,0.699981,0.711597,-0.042398,0.000543,-0.006929,0.150592,-0.998942,0.004886,-0.040062,0.02205
2,0.1875,13,0.076299,-0.568946,0.047671,0.018717,-0.69204,-0.721211,0.024168,0.000364,-0.006974,0.151018,-0.999873,0.008076,-0.009737,0.009704
2,0.1875,13,0.076162,-0.568761,0.04776,0.049895,-0.687471,-0.722484,0.053953,0.000492,-0.007053,0.150823,-0.998552,0.008315,-0.052877,0.005364
2,0.1875,13,0.076266,-0.567941,0.047851,-0.021693,0.646588,0.762349,-0.016646,0.000355,-0.007093,0.150003,0.998656,0.0007,0.006585,0.051413
2,0.1875,13,0.076158,-0.568537,0.04773,0.04905,-0.685269,-0.724767,0.052082,0.000488,-0.00701,0.1506,-0.99867,0.007467,-0.050967,0.002219
2,0.1875,13,0.076446,-0.568759,0.047624,-0.008538,-0.682588,-0.730753,-0.000138,0.00021,-0.006915,0.15084,0.999595,-0.008773,-0.026813,0.003622
2,0.1875,13,0.076343,-0.568648,0.047703,0.013572,-0.682654,-0.730386,0.01833,0.000308,-0.006988,0.150721,0.999967,-0.007081,0.001945,0.003377
2,0.1875,13,0.076299,-0.568946,0.047671,0.018717,-0.69204,-0.721211,0.024168,0.000364,-0.006974,0.151018,-0.999873,0.008076,-0.009737,0.009704
2,0.1875,13,0.076207,-0.568385,0.047729,0.031516,-0.687335,-0.724927,0.032535,0.000433,-0.006999,0.150451,-0.999672,0.005277,-0.024781,0.00374
2,0.1875,13,0.076158,-0.568537,0.04773,0.04905,-0.685269,-0.724767,0.052082,0.000488,-0.00701,0.1506,-0.99867,0.007467,-0.050967,0.002219
2,0.1875,13,0.076226,-0.568453,0.047747,0.038539,-0.680786,-0.730329,0.04079,0.000416,-0.00702,0.150518,0.999337,-0.006302,0.035535,0.004787
2,0.1875,13,0.076321,-0.568641,0.047681,-0.00487,-0.689962,-0.723825,-0.002307,0.00033,-0.006966,0.150713,-0.999639,0.004889,0.025597,0.006574
2,0.1875,13,0.0762,-0.568673,0.047566,0.02448,-0.715353,-0.697862,0.025666,0.000453,-0.006854,0.150747,-0.998956,0.005892,-0.015082,0.042719
2,0.1875,13,0.076158,-0.568537,0.04773,0.04905,-0.685269,-0.724767,0.052082,0.000488,-0.00701,0.1506,-0.99867,0.007467,-0.050967,0.002219
2,0.1875,13,0.076328,-0.568842,0.047743,0.020509,-0.680995,-0.731526,0.026343,0.00033,-0.00704,0.150911,0.999874,-0.008122,0.012486,0.005421
2,0.1875,13,0.076266,-0.567941,0.047851,-0.021693,0.646588,0.762349,-0.016646,0.000355,-0.007093,0.150003,0.998656,0.0007,0.006585,0.051413
2,0.1875,13,0.076142,-0.568514,0.047708,0.041654,-0.693627,-0.717819,0.043397,0.000503,-0.006986,0.150578,-0.999107,0.006433,-0.039651,0.013126
2,0.1875,13,0.076158,-0.568537,0.04773,0.04905,-0.685269,-0.724767,0.052082,0.000488,-0.00701,0.1506,-0.99867,0.007467,-0.050967,0.002219
2,0.1875,13,0.076104,-0.568252,0.047744,0.037234,-0.682221,-0.729071,0.040536,0.00053,-0.007006,0.150313,0.999379,-0.00705,0.034416,0.002891
2,0.1875,13,0.076226,-0.568453,0.047747,0.038539,-0.680786,-0.730329,0.04079,0.000416,-0.00702,0.150518,0.999337,-0.006302,0.035535,0.004787
2,0.1875,13,0.076158,-0.568537,0.04773,0.04905,-0.685269,-0.724767,0.052082,0.000488,-0.00701,0.1506,-0.99867,0.007467,-0.050967,0.002219
2,0.1875,13,0.076372,-0.569135,0.047626,-0.004513,-0.693397,-0.720538,0.00235,0.000299,-0.006941,0.151212,-0.999659,0.008132,0.02213,0.011252
2,0.1875,13,0.076269,-0.568762,0.047644,0.013974,-0.702073,-0.71174,0.018014,0.000387,-0.006937,0.150835,-0.999695,0.007126,-0.00211,0.023548
2,0.1875,13,0.076177,-0.567759,0.047823,0.021538,-0.657434,-0.752926,0.020472,0.000437,-0.007054,0.14982,0.999266,-0.002489,0.009126,0.037125
2,0.1875,13,0.076245,-0.568896,0.047696,0.008387,-0.683545,-0.729674,0.016503,0.000416,-0.006996,0.150965,0.999949,-0.009326,-0.003081,0.002271
2,0.1875,13,0.076125,-0.568487,0.047797,0.044862,-0.675765,-0.734016,0.050499,0.000518,-0.007073,0.150545,0.998804,-0.008912,0.046787,0.01106
2,0.1875,13,0.076274,-0.569102,0.047708,0.02868,-0.691554,-0.7209,0.035121,0.000395,-0.007021,0.15117,-0.999612,0.009222,-0.024506,0.009494
2,0.1875,13,0.076372,-0.569135,0.047626,-0.004513,-0.693397,-0.720538,0.00235,0.000299,-0.006941,0.151212,-0.999659,0.008132,0.02213,0.011252
2,0.1875,13,0.076372,-0.569135,0.047626,-0.004513,-0.693397,-0.720538,0.00235,0.000299,-0.006941,0.151212,-0.999659,0.008132,0.02213,0.011252
2,0.1875,13,0.076299,-0.568946,0.047671,0.018717,-0.69204,-0.721211,0.024168,0.000364,-0.006974,0.151018,-0.999873,0.008076,-0.009737,0.009704
2,0.1875,13,0.076299,-0.568946,0.047671,0.018717,-0.69204,-0.721211,0.024168,0.000364,-0.006974,0.151018,-0.999873,0.008076,-0.009737,0.009704
2,0.1875,13,0.076401,-0.568412,0.047788,0.004718,-0.667602,-0.74446,0.007953,0.000239,-0.007058,0.150482,0.999633,-0.005168,-0.011674,0.023907
2,0.1875,13,0.076231,-0.568874,0.047507,0.015861,-0.721654,-0.691837,0.018069,0.000431,-0.006806,0.150953,-0.998648,0.006442,-0.003631,0.051462
2,0.1875,13,0.076127,-0.568603,0.047681,0.048271,-0.68847,-0.721996,0.048996,0.000521,-0.006965,0.150668,-0.998795,0.00584,-0.048295,0.006491
2,0.1875,13,0.076269,-0.568754,0.047553,0.014683,-0.706422,-0.707449,0.016369,0.000387,-0.006845,0.150832,-0.999542,0.005568,-0.001521,0.02969
2,0.1875,13,0.076231,-0.568874,0.047507,0.015861,-0.721654,-0.691837,0.018069,0.000431,-0.006806,0.150953,-0.998648,0.006442,-0.003631,0.051462
2,0.1875,13,0.076299,-0.568946,0.047671,0.018717,-0.69204,-0.721211,0.024168,0.000364,-0.006974,0.151018,-0.999873,0.008076,-0.009737,0.009704
2,0.1875,13,0.076318,-0.568947,0.047606,-0.001337,-0.700984,-0.713164,0.004088,0.000345,-0.00691,0.151023,-0.999561,0.007438,0.018591,0.021836
2,0.1875,13,0.07639,-0.568226,0.047764,-0.007347,-0.662931,-0.748635,-0.003793,0.000244,-0.007023,0.150298,0.999128,-0.004751,-0.028522,0.03011
2,0.1875,13,0.076106,-0.568131,0.047625,-0.038404,0.710413,0.701856,-0.03517,0.000525,-0.00688,0.1502,-0.998829,0.003143,-0.031723,0.036387
2,0.1875,13,0.076269,-0.568762,0.047644,0.013974,-0.702073,-0.71174,0.018014,0.000387,-0.006937,0.150835,-0.999695,0.007126,-0.00211,0.023548
2,0.1875,13,0.076104,-0.56846,0.047777,0.039175,-0.6832,-0.727879,0.043528,0.000538,-0.007052,0.150519,0.99925,-0.00793,0.037887,0.001389
2,0.1875,13,0.076226,-0.568453,0.047747,0.038539,-0.680786,-0.730329,0.04079,0.000416,-0.00702,0.150518,0.999337,-0.006302,0.035535,0.004787
2,0.1875,13,0.076226,-0.568453,0.047747,0.038539,-0.680786,-0.730329,0.04079,0.000416,-0.00702,0.150518,0.999337,-0.006302,0.035535,0.004787
2,0.1875,13,0.076127,-0.568603,0.047681,0.048271,-0.68847,-0.721996,0.048996,0.000521,-0.006965,0.150668,-0.998795,0.00584,-0.048295,0.006491
2,0.1875,13,0.076158,-0.568537,0.04773,0.04905,-0.685269,-0.724767,0.052082,0.000488,-0.00701,0.1506,-0.99867,0.007467,-0.050967,0.002219
2,0.1875,13,0.076343,-0.568648,0.047703,0.013572,-0.682654,-0.730386,0.01833,0.000308,-0.006988,0.150721,0.999967,-0.007081,0.001945,0.003377
2,0.1875,13,0.076272,-0.568121,0.047907,0.018842,-0.653414,-0.756498,0.020166,0.000355,-0.00716,0.15018,0.999063,-0.004001,0.006939,0.042527
2,0.1875,13,0.076158,-0.568537,0.04773,0.04905,-0.685269,-0.724767,0.052082,0.000488,-0.00701,0.1506,-0.99867,0.007467,-0.050967,0.002219
2,0.1875,13,0.076095,-0.568664,0.047625,-0.047921,0.693998,0.71689,-0.046242,0.000556,-0.006913,0.150731,-0.998825,0.004229,-0.046175,0.014058
2,0.1875,13,0.076299,-0.568946,0.047671,0.018717,-0.69204,-0.721211,0.024168,0.000364,-0.006974,0.151018,-0.999873,0.008076,-0.009737,0.009704
2,0.1875,13,0.07624,-0.568231,0.047696,0.019143,-0.686776,-0.726362,0.019259,0.000394,-0.006956,0.150301,-0.999967,0.004059,-0.006658,0.002431
2,0.1875,13,0.076135,-0.568682,0.047734,0.045577,-0.696761,-0.714226,0.048256,0.000517,-0.007023,0.150744,-0.998761,0.00738,-0.045861,0.017833
2,0.1875,13,0.076125,-0.568487,0.047797,0.044862,-0.675765,-0.734016,0.050499,0.000518,-0.007073,0.150545,0.998804,-0.008912,0.046787,0.01106
2,0.1875,13,0.076318,-0.568947,0.047606,-0.001337,-0.700984,-0.713164,0.004088,0.000345,-0.00691,0.151023,-0.999561,0.007438,0.018591,0.021836
2,0.1875,13,0.076397,-0.568772,0.047672,-0.003819,-0.679016,-0.734109,0.00244,0.000259,-0.006965,0.150848,0.999703,-0.007318,-0.021625,0.008511
2,0.1875,13,0.076301,-0.568253,0.047743,0.011554,-0.670075,-0.742117,0.011292,0.000333,-0.007004,0.150322,0.999776,-0.002986,-0.004398,0.020477
2,0.1875,13,0.076125,-0.568487,0.047797,0.044862,-0.675765,-0.734016,0.050499,0.000518,-0.007073,0.150545,0.998804,-0.008912,0.046787,0.01106
2,0.1875,13,0.076158,-0.568537,0.04773,0.04905,-0.685269,-0.724767,0.052082,0.000488,-0.00701,0.1506,-0.99867,0.007467,-0.050967,0.002219
2,0.1875,13,0.076335,-0.568447,0.047825,0.01531,-0.667893,-0.743923,0.016188,0.000306,-0.007097,0.150513,0.999718,-0.00392,0.001686,0.023342
2,0.1875,13,0.076162,-0.568761,0.04776,0.049895,-0.687471,-0.722484,0.053953,0.000492,-0.007053,0.150823,-0.998552,0.008315,-0.052877,0.005364
2,0.1875,13,0.076299,-0.568946,0.047671,0.018717,-0.69204,-0.721211,0.024168,0.000364,-0.006974,0.151018,-0.999873,0.008076,-0.009737,0.009704
2,0.15,14,0.075762,-0.567981,0.05247,0.011119,0.687343,0.72598,0.019713,-0.000815,-0.004781,0.112107,0.998434,0.009928,-0.05506,0.000561
2,0.15,14,0.075444,-0.56823,0.052533,0.026049,-0.662231,-0.748447,0.024482,-0.000481,-0.004856,0.11233,0.9994,0.004557,0.002429,0.034254
2,0.15,14,0.075698,-0.567932,0.052481,-0.00176,0.684438,0.729066,0.001813,-0.000754,-0.00479,0.112053,0.999412,0.005945,-0.033405,0.004858
2,0.15,14,0.075737,-0.5684,0.052284,-0.01068,-0.697054,-0.716907,-0.006792,-0.000762,-0.004618,0.112532,-0.998868,-0.000415,0.045903,0.012447
2,0.15,14,0.075531,-0.568521,0.052224,-0.019187,0.704897,0.708928,-0.013146,-0.000549,-0.004563,0.112642,-0.999639,-0.006118,0.010554,0.023941
2,0.15,14,0.075697,-0.568209,0.052573,-0.000782,0.674622,0.738149,0.004593,-0.000734,-0.004897,0.112324,0.999157,0.007735,-0.035977,0.018186
2,0.15,14,0.075481,-0.568245,0.052439,0.028817,-0.68684,-0.725452,0.033764,-0.000517,-0.004763,0.112352,0.999941,-0.001397,0.010702,0.000727
2,0.15,14,0.075395,-0.568236,0.05256,0.032118,-0.662558,-0.747767,0.028815,-0.000431,-0.004882,0.112331,0.999375,0.005564,0.009817,0.03349
2,0.15,14,0.07555,-0.568421,0.052378,-0.028598,0.679574,0.732796,-0.01927,-0.000574,-0.004711,0.112535,0.999899,0.009311,0.000598,0.010733
2,0.15,14,0.075606,-0.568298,0.052491,-0.016132,0.680987,0.731979,-0.014256,-0.000638,-0.004818,0.112411,0.999876,0.004323,-0.011908,0.009352
2,0.15,14,0.075629,-0.568352,0.052473,-0.013716,0.677805,0.735087,-0.00633,-0.000657,-0.004804,0.112467,0.999687,0.008559,-0.019098,0.013684
2,0.15,14,0.075612,-0.568417,0.052126,-0.021001,0.721914,0.691585,-0.010457,-0.000637,-0.00446,0.112549,-0.998734,-0.0085,0.011137,0.048314
2,0.15,14,0.075711,-0.568505,0.052305,-0.004659,0.706329,0.707847,0.005438,-0.000729,-0.004644,0.112634,-0.999048,-0.009546,0.033882,0.025764
2,0.15,14,0.075569,-0.568259,0.05248,-0.017291,0.676411,0.736154,-0.015715,-0.000604,-0.004805,0.11237,0.99982,0.004268,-0.01004,0.015545
2,0.15,14,0.075599,-0.568261,0.052332,-0.019139,0.699671,0.714082,-0.013487,-0.000634,-0.004657,0.112382,-0.99979,-0.006083,0.010336,0.016598
2,0.15,14,0.075794,-0.568176,0.052362,0.001278,0.699822,0.714257,0.00919,-0.000834,-0.004684,0.112308,-0.998996,-0.008491,0.040745,0.016568
2,0.15,14,0.075569,-0.568259,0.05248,-0.017291,0.676411,0.736154,-0.015715,-0.000604,-0.004805,0.11237,0.99982,0.004268,-0.01004,0.015545
2,0.15,14,0.075498,-0.567918,0.052599,-0.022279,0.6531,0.756708,-0.018899,-0.000555,-0.004905,0.112019,0.998888,0.006425,-0.004094,0.04653
2,0.15,14,0.075528,-0.568354,0.052413,-0.024888,0.685858,0.727096,-0.017653,-0.000556,-0.004743,0.112465,0.999963,0.007649,-0.003238,0.002315
2,0.15,14,0.075643,-0.568317,0.052303,-0.01024,0.699776,0.714285,-0.002218,-0.000674,-0.004632,0.112442,-0.999528,-0.008139,0.024546,0.016557
2,0.15,14,0.075808,-0.567393,0.052359,0.036439,0.694257,0.717716,0.039536,-0.000901,-0.00464,0.11153,-0.996133,-0.006532,0.087048,0.009931
2,0.15,14,0.075597,-0.568365,0.05235,0.009563,-0.695072,-0.718752,0.01336,-0.000625,-0.004681,0.112485,-0.999801,0.00019,0.017354,0.009811
2,0.15,14,0.075667,-0.568478,0.052274,-0.013376,0.706573,0.707476,-0.007295,-0.000687,-0.004612,0.112606,-0.999462,-0.006291,0.018803,0.026137
2,0.15,14,0.075538,-0.56823,0.052415,-0.025283,0.685621,0.727182,-0.022167,-0.000575,-0.004738,0.112343,0.999986,0.004655,0.000158,0.002635
2,0.15,14,0.075628,-0.568432,0.052327,0.002221,-0.693442,-0.720474,0.007043,-0.000652,-0.004662,0.112554,-0.999607,0.000578,0.027019,0.007398
2,0.15,14,0.075628,-0.568225,0.052521,-0.004249,0.673398,0.739263,0.002739,-0.000664,-0.004844,0.112338,0.999247,0.00883,-0.032181,0.019793
2,0.15,14,0.075438,-0.568274,0.052277,-0.036036,0.705633,0.706811,-0.034654,-0.000472,-0.004603,0.112387,-0.999527,-0.002034,-0.016484,0.025884
2,0.15,14,0.075411,-0.567977,0.052642,-0.031758,0.648834,0.759819,-0.026082,-0.000464,-0.004951,0.11207,0.998602,0.007906,0.00776,0.051681
2,0.15,14,0.075599,-0.568469,0.052498,-0.008562,0.678665,0.734395,-0.001989,-0.00062,-0.004835,0.11258,0.999554,0.008127,-0.025828,0.01262
2,0.15,14,0.075546,-0.56825,0.052222,-0.032281,0.712557,0.700344,-0.027174,-0.000581,-0.004547,0.112373,-0.999325,-0.00456,-0.008583,0.035423
2,0.15,14,0.07556,-0.568501,0.05234,-0.026303,0.689388,0.723648,-0.019614,-0.000579,-0.004678,0.112618,-0.999971,-0.007034,0.000876,0.002609
2,0.15,14,0.075426,-0.568043,0.052541,0.035058,-0.667768,-0.742809,0.033031,-0.000475,-0.004854,0.112142,0.999534,0.004287,0.014825,0.026321
2,0.15,14,0.075555,-0.568253,0.052268,0.012297,-0.701474,-0.712467,0.013162,-0.00059,-0.004593,0.112374,-0.999701,-0.001533,0.015532,0.01885
2,0.15,14,0.07571,-0.56805,0.052299,0.014679,0.701734,0.712108,0.016043,-0.000758,-0.004614,0.112181,-0.998282,-0.004149,0.055177,0.019244
2,0.15,14,0.075549,-0.568291,0.052331,0.020327,-0.707253,-0.706262,0.023959,-0.000582,-0.004658,0.112408,-0.999625,0.001061,0.002293,0.027274
2,0.15,14,0.075593,-0.568403,0.05236,-0.024685,0.69946,0.714055,-0.016501,-0.000618,-0.004693,0.112521,-0.999825,-0.007715,0.004235,0.016538
2,0.15,14,0.075463,-0.568522,0.052393,0.030942,-0.690387,-0.7219,0.035621,-0.00048,-0.004732,0.11263,-0.999898,0.001451,-0.013508,0.004301
2,0.15,14,0.075647,-0.567986,0.052541,-0.002157,0.67614,0.736763,0.00332,-0.000699,-0.004853,0.1121,0.999258,0.007689,-0.034111,0.016125
2,0.15,14,0.075719,-0.568087,0.05251,0.000871,0.676406,0.736518,0.003872,-0.000764,-0.004827,0.112207,0.999183,0.005995,-0.036689,0.015829
2,0.15,14,0.075633,-0.567996,0.052335,0.00963,0.700071,0.713882,0.013392,-0.000686,-0.004647,0.11212,-0.998605,-0.00578,0.04969,0.016888
2,0.15,14,0.075573,-0.568108,0.052308,-0.017935,0.706329,0.707614,-0.007744,-0.000618,-0.004625,0.112229,-0.999506,-0.00911,0.015184,0.025971
2,0.15,14,0.075546,-0.568259,0.052391,-0.025814,0.691725,0.721449,-0.018992,-0.000581,-0.004716,0.112373,-0.999957,-0.007043,0.00167,0.005817
2,0.15,14,0.075585,-0.568433,0.052429,-0.016832,0.68161,0.731387,-0.014077,-0.000608,-0.004764,0.112547,0.999886,0.004905,-0.011526,0.008472
2,0.15,14,0.075418,-0.568238,0.052318,-0.042447,0.695129,0.716686,-0.036805,-0.000454,-0.004641,0.112347,-0.999662,-0.005365,-0.022661,0.011591
2,0.15,14,0.075771,-0.568446,0.05243,-0.000619,0.688963,0.72478,0.004926,-0.000793,-0.004766,0.112572,-0.999311,-0.00721,0.036393,0.001411
2,0.15,14,0.075683,-0.568347,0.052244,0.001021,0.707993,0.706198,0.005446,-0.000712,-0.004575,0.112478,-0.99887,-0.005568,0.038014,0.027961
2,0.15,14,0.075369,-0.5682,0.052231,-0.047384,0.709703,0.70173,-0.040639,-0.000409,-0.004552,0.112311,-0.999042,-0.005278,-0.028838,0.032486
2,0.15,14,0.075539,-0.568382,0.052407,0.008262,-0.695291,-0.718517,0.015338,-0.000566,-0.004739,0.112495,-0.999803,0.00253,0.016938,0.010055
2,0.15,14,0.075599,-0.568184,0.052397,-0.009984,0.690725,0.723031,-0.005062,-0.000639,-0.004719,0.112302,-0.999714,-0.006322,0.022739,0.003909
2,0.15,14,0.075628,-0.56812,0.052361,-0.004276,0.700502,0.71361,0.006203,-0.000672,-0.00468,0.112242,-0.999193,-0.010112,0.034666,0.017582
2,0.15,14,0.075685,-0.568035,0.052329,0.014216,0.701579,0.712199,0.018894,-0.000734,-0.004644,0.112162,-0.998181,-0.006542,0.056801,0.019144
2,0.15,14,0.075493,-0.568141,0.05258,0.019318,-0.665561,-0.745866,0.018429,-0.000535,-0.004898,0.112242,0.999516,0.004179,-0.006643,0.030102
2,0.15,14,0.075643,-0.568317,0.052303,-0.01024,0.699776,0.714285,-0.002218,-0.000674,-0.004632,0.112442,-0.999528,-0.008139,0.024546,0.016557
2,0.15,14,0.075647,-0.568456,0.052334,-0.012956,0.699119,0.714884,-0.002456,-0.000669,-0.00467,0.112579,-0.999576,-0.009864,0.022409,0.015732
2,0.15,14,0.075583,-0.56841,0.052433,-0.019951,0.680657,0.732253,-0.010654,-0.000608,-0.004766,0.112524,0.999841,0.009576,-0.011613,0.009604
2,0.15,14,0.075666,-0.56841,0.052324,-0.006379,0.701611,0.712527,0.002558,-0.000691,-0.004658,0.112535,-0.999309,-0.008863,0.030638,0.019104
2,0.15,14,0.075574,-0.568533,0.052276,-0.023343,0.70598,0.707639,-0.017172,-0.00059,-0.004616,0.112654,-0.999642,-0.005998,0.004771,0.02563
2,0.15,14,0.075567,-0.568467,0.052171,-0.026055,0.717924,0.695456,-0.015714,-0.000588,-0.004508,0.112593,-0.999043,-0.008348,0.003841,0.042771
2,0.15,14,0.075652,-0.568062,0.052298,-0.008276,0.708914,0.705231,-0.004579,-0.0007,-0.004613,0.112189,-0.999262,-0.004645,0.02438,0.029308
2,0.15,14,0.075528,-0.568354,0.052413,-0.024888,0.685858,0.727096,-0.017653,-0.000556,-0.004743,0.112465,0.999963,0.007649,-0.003238,0.002315
2,0.15,14,0.075466,-0.568278,0.05248,-0.030672,0.675861,0.735942,-0.025687,-0.000499,-0.004806,0.112382,0.999836,0.006245,0.006541,0.015679
2,0.15,14,0.075442,-0.568108,0.052669,-0.025837,0.648994,0.760064,-0.021029,-0.000487,-0.004985,0.112201,0.998631,0.007502,-1.9e-05,0.051772
2,0.15,14,0.075751,-0.56829,0.052337,0.003455,0.69865,0.715379,0.010457,-0.000783,-0.004665,0.112421,-0.998924,-0.007967,0.04319,0.01492
2,0.15,14,0.075598,-0.568358,0.052352,-0.012472,0.69466,0.719165,-0.009699,-0.000626,-0.004682,0.112478,-0.999788,-0.004485,0.017761,0.009383
2,0.15,14,0.075448,-0.56853,0.052269,0.029042,-0.714905,-0.697957,0.030394,-0.000466,-0.004608,0.112643,-0.999219,0.000115,-0.008441,0.038614
2,0.15,14,0.075626,-0.568356,0.052427,-0.016803,0.697302,0.716558,-0.005589,-0.000654,-0.004758,0.112473,-0.999706,-0.01032,0.017456,0.013292
2,0.15,14,0.075643,-0.567927,0.052389,-0.008906,-0.700831,-0.713238,-0.006964,-0.0007,-0.004697,0.112048,-0.998839,-0.001583,0.044749,0.017759
2,0.15,14,0.075658,-0.568364,0.052364,-0.006954,-0.699081,-0.715008,-0.000805,-0.000686,-0.004695,0.112486,-0.999119,0.001458,0.039094,0.015187
2,0.15,14,0.075645,-0.568364,0.052185,-0.011491,0.721997,0.6918,-0.001079,-0.000673,-0.004517,0.112495,-0.998499,-0.008765,0.02449,0.048192
2,0.15,14,0.075738,-0.568012,0.052419,0.012235,0.693035,0.720534,0.019585,-0.000789,-0.004733,0.112138,-0.998376,-0.008804,0.055806,0.007281
2,0.15,14,0.075497,-0.568287,0.052275,-0.028272,0.69916,0.713879,-0.027456,-0.00053,-0.004601,0.112404,-0.999847,-0.002238,-0.005911,0.016291
2,0.15,14,0.075549,-0.56812,0.052523,-0.020859,0.665356,0.746048,-0.016701,-0.000593,-0.00484,0.112227,0.999497,0.006502,-0.006712,0.030299
2,0.15,14,0.075732,-0.568201,0.052537,0.00192,0.676626,0.736302,0.005761,-0.00077,-0.00486,0.11232,0.999107,0.006633,-0.03875,0.015506
2,0.15,14,0.075775,-0.568093,0.052492,0.012071,0.68868,0.724644,0.021585,-0.00082,-0.00481,0.112218,-0.998315,-0.010568,0.057042,0.001344
2,0.15,14,0.075691,-0.568316,0.05222,-0.006147,0.720916,0.692983,0.004139,-0.000722,-0.00455,0.112449,-0.998364,-0.008929,0.031953,0.046574
2,0.15,14,0.075637,-0.568614,0.052373,-0.018393,0.695553,0.718203,-0.007258,-0.000648,-0.004718,0.112734,-0.999773,-0.010283,0.015147,0.010896
2,0.15,14,0.075747,-0.567974,0.052563,0.010142,0.677834,0.735027,0.013159,-0.0008,-0.004874,0.112093,0.998644,0.006287,-0.049803,0.013798
2,0.15,14,0.075569,-0.568509,0.052394,-0.018838,0.698081,0.715722,-0.008352,-0.000587,-0.004733,0.112624,-0.99975,-0.009677,0.014081,0.014423
2,0.15,14,0.075735,-0.567811,0.052273,-0.027437,-0.708607,-0.704594,-0.025916,-0.0008,-0.004576,0.111945,-0.997027,-0.002195,0.071229,0.02929
2,0.15,14,0.075662,-0.567977,0.052381,0.009232,0.695745,0.718086,0.014321,-0.000715,-0.004692,0.1121,-0.998665,-0.00693,0.050023,0.01089
2,0.15,14,0.075592,-0.568509,0.052282,-0.020058,0.704732,0.709109,-0.010719,-0.00061,-0.004621,0.112631,-0.999614,-0.008485,0.011592,0.023772
2,0.15,14,0.075609,-0.56813,0.0525,0.000726,0.679299,0.73384,0.005578,-0.000652,-0.004818,0.112243,0.99919,0.0072,-0.037771,0.011848
2,0.15,14,0.075677,-0.56828,0.052363,-0.005443,0.691701,0.722157,-0.002964,-0.00071,-0.004691,0.112404,-0.999598,-0.004677,0.027481,0.005149
2,0.15,14,0.075445,-0.568133,0.052364,-0.03323,0.691294,0.721234,-0.028806,-0.000488,-0.004682,0.112243,-0.999917,-0.005028,-0.010474,0.005624
2,0.15,14,0.075447,-0.568296,0.052443,-0.029818,0.678025,0.734121,-0.021409,-0.00048,-0.004769,0.1124,0.999876,0.008666,0.002965,0.012785
2,0.15,14,0.075534,-0.568411,0.052301,-0.023319,0.699697,0.713821,-0.018425,-0.000558,-0.004635,0.112529,-0.999837,-0.005369,0.003904,0.016794
2,0.15,14,0.075619,-0.568085,0.052482,-0.003057,0.683963,0.729509,0.001328,-0.000665,-0.004799,0.112199,0.999448,0.006507,-0.032128,0.005485
2,0.15,14,0.075687,-0.568393,0.05239,-0.009681,0.692003,0.721827,0.001921,-0.000712,-0.004724,0.112516,-0.999536,-0.01112,0.027766,0.005811
2,0.15,15,0.076044,-0.568163,0.053389,0.000853,-0.705148,-0.709054,0.002725,5e-05,-0.001296,0.113125,-0.999783,0.005264,0.007586,0.018696
2,0.15,15,0.075871,-0.567851,0.053446,-0.038068,0.691952,0.720011,-0.036577,0.000217,-0.001341,0.112807,-0.999082,0.003788,-0.042651,0.001415
2,0.15,15,0.075966,-0.567975,0.053496,0.010659,-0.678772,-0.73408,0.016771,0.000123,-0.001395,0.11293,0.999767,-0.008253,0.009078,0.017758
2,0.15,15,0.075959,-0.568149,0.053417,0.013031,-0.690443,-0.723001,0.019695,0.000135,-0.001324,0.113107,0.999876,-0.008888,0.012872,0.001685
2,0.15,15,0.075895,-0.567915,0.053214,0.015539,-0.728712,-0.684404,0.018157,0.000196,-0.001112,0.112882,-0.998494,0.006589,-0.013834,0.052673
2,0.15,15,0.075939,-0.56791,0.053183,0.012405,-0.729665,-0.68356,0.013464,0.000152,-0.00108,0.112878,-0.998493,0.005382,-0.008329,0.053977
2,0.15,15,0.075813,-0.567863,0.053338,0.026674,-0.712277,-0.700599,0.033324,0.000276,-0.001234,0.112822,-0.998997,0.009605,-0.032277,0.029502
2,0.15,15,0.075975,-0.56829,0.053438,0.008141,-0.691524,-0.722097,0.017408,0.000121,-0.001351,0.113247,0.999913,-0.010633,0.007763,0.000278
2,0.15,15,0.075805,-0.567778,0.053556,0.037856,-0.678743,-0.732315,0.039876,0.00028,-0.001449,0.112728,0.998842,-0.006132,0.044717,0.016667
2,0.15,15,0.076004,-0.56842,0.0534,0.009343,-0.700315,-0.713556,0.017612,9.5e-05,-0.001319,0.11338,-0.999839,0.010074,-0.008818,0.011981
2,0.15,15,0.075948,-0.567886,0.053478,0.014589,-0.691657,-0.721768,0.02116,0.00014,-0.001374,0.112842,0.999848,-0.008886,0.015017,-3.7e-05
2,0.15,15,0.075966,-0.56828,0.05333,0.01401,-0.704322,-0.709555,0.016311,0.000131,-0.001243,0.113242,-0.999762,0.005963,-0.011311,0.017676
2,0.15,15,0.076022,-0.568019,0.053394,-0.004236,-0.689942,-0.723842,0.003768,7e-05,-0.001295,0.11298,0.999897,-0.009322,-0.01062,0.002546
2,0.15,15,0.075849,-0.567846,0.053368,0.033744,-0.705,-0.707434,0.03706,0.000239,-0.001263,0.112805,-0.998985,0.007311,-0.039931,0.019513
2,0.15,15,0.075833,-0.567904,0.053457,0.031301,-0.688652,-0.723649,0.033336,0.000255,-0.001355,0.112859,0.999345,-0.00608,0.035502,0.003482
2,0.15,15,0.076087,-0.56802,0.053492,0.001528,-0.687301,-0.72631,0.009405,3e-06,-0.001393,0.112978,0.999934,-0.009369,-0.002572,0.006191
2,0.15,15,0.075928,-0.568278,0.053373,0.013674,-0.70048,-0.713233,0.020972,0.000169,-0.001286,0.113237,-0.999777,0.009507,-0.014272,0.01231
2,0.15,15,0.075975,-0.56829,0.053438,0.008141,-0.691524,-0.722097,0.017408,0.000121,-0.001351,0.113247,0.999913,-0.010633,0.007763,0.000278
2,0.15,15,0.075922,-0.567814,0.053227,-0.016929,0.726431,0.686819,-0.017073,0.000167,-0.00112,0.11278,-0.99867,0.004812,-0.014074,0.049372
2,0.15,15,0.075874,-0.568002,0.053438,0.02031,-0.693412,-0.719847,0.024236,0.000217,-0.001339,0.112958,-0.999744,0.007175,-0.021287,0.002627
2,0.15,15,0.076033,-0.568297,0.053377,0.001854,-0.699838,-0.714236,0.009522,6.4e-05,-0.00129,0.113259,-0.99989,0.009405,0.00219,0.011214
2,0.15,15,0.07615,-0.568083,0.05327,0.009252,0.706833,0.707243,0.01041,-5.6e-05,-0.001173,0.113052,-0.999483,0.002793,0.023958,0.021251
2,0.15,15,0.075911,-0.56824,0.053493,0.017638,-0.684987,-0.72791,0.025095,0.000183,-0.001404,0.113194,0.999715,-0.009525,0.019909,0.009054
2,0.15,15,0.076027,-0.568012,0.053332,0.012174,-0.705874,-0.708085,0.014477,6.4e-05,-0.001233,0.112975,-0.999748,0.00593,-0.008724,0.019823
2,0.15,15,0.07595,-0.568084,0.053524,0.014927,-0.678112,-0.734485,0.021756,0.000142,-0.001428,0.113038,0.999667,-0.008893,0.015607,0.018544
2,0.15,15,0.076058,-0.568187,0.05347,-0.009889,0.691675,0.722139,-0.001898,3.6e-05,-0.001378,0.113145,0.999997,0.001775,-0.001704,3.7e-05
2,0.15,15,0.0758,-0.568042,0.053332,0.025218,-0.712436,-0.700731,0.027842,0.000292,-0.001235,0.113001,-0.999164,0.006655,-0.027432,0.029573
2,0.15,15,0.07591,-0.568256,0.053451,0.017357,-0.695819,-0.717527,0.026267,0.000186,-0.001363,0.113212,-0.999713,0.010718,-0.020572,0.005937
2,0.15,15,0.075975,-0.56829,0.053438,0.008141,-0.691524,-0.722097,0.017408,0.000121,-0.001351,0.113247,0.999913,-0.010633,0.007763,0.000278
2,0.15,15,0.076179,-0.567838,0.05341,-0.012458,-0.694897,-0.718931,-0.010028,-9.1e-05,-0.001302,0.112801,-0.999637,0.005117,0.026072,0.00453
2,0.15,15,0.07603,-0.568049,0.053702,0.019072,-0.662006,-0.748978,0.020371,5.9e-05,-0.001604,0.112997,0.999027,-0.004803,0.017569,0.040168
2,0.15,15,0.076208,-0.568087,0.053527,-0.010878,-0.685076,-0.728323,-0.009944,-0.000116,-0.00143,0.113046,0.999641,-0.003948,-0.024924,0.009052
2,0.15,15,0.076077,-0.56804,0.053506,-0.000972,-0.690936,-0.722912,0.002005,1.4e-05,-0.001408,0.112997,0.999938,-0.005806,-0.009477,0.001153
2,0.15,15,0.076032,-0.567955,0.05354,0.000878,-0.675084,-0.737703,0.007345,5.7e-05,-0.001439,0.11291,0.999695,-0.008161,-0.004524,0.022876
2,0.15,15,0.076068,-0.568139,0.053349,-0.007385,-0.700695,-0.713422,-0.000286,2.6e-05,-0.001255,0.113103,-0.999762,0.008725,0.015641,0.012453
2,0.15,15,0.076002,-0.568144,0.053376,0.010949,-0.708349,-0.705637,0.01409,9.2e-05,-0.001283,0.113105,-0.999678,0.006533,-0.007585,0.023303
2,0.15,15,0.075974,-0.567974,0.05351,0.015245,-0.682825,-0.730067,0.022786,0.000115,-0.001409,0.112929,0.999745,-0.009482,0.016572,0.012094
2,0.15,15,0.076047,-0.568133,0.053474,-0.002406,-0.683248,-0.730166,0.004853,4.6e-05,-0.00138,0.113091,0.999856,-0.008746,-0.00858,0.011757
2,0.15,15,0.076068,-0.567906,0.053229,-0.001435,-0.718294,-0.695713,0.005959,2.2e-05,-0.001126,0.112875,-0.999233,0.00937,0.006926,0.037375
2,0.15,15,0.075939,-0.56791,0.053183,0.012405,-0.729665,-0.68356,0.013464,0.000152,-0.00108,0.112878,-0.998493,0.005382,-0.008329,0.053977
2,0.15,15,0.075898,-0.568146,0.053598,0.030551,-0.680872,-0.73103,0.032793,0.000195,-0.001505,0.113095,0.999284,-0.006097,0.034545,0.014203
2,0.15,15,0.075928,-0.568278,0.053373,0.013674,-0.70048,-0.713233,0.020972,0.000169,-0.001286,0.113237,-0.999777,0.009507,-0.014272,0.01231
2,0.15,15,0.076,-0.568166,0.053364,0.004306,-0.704241,-0.709906,0.007714,9.4e-05,-0.001272,0.113127,-0.999826,0.006465,0.001646,0.017417
2,0.15,15,0.075976,-0.568533,0.053374,0.009236,-0.706113,-0.707804,0.01824,0.000126,-0.001298,0.113493,-0.999698,0.010683,-0.009208,0.02014
2,0.15,15,0.075975,-0.56829,0.053438,0.008141,-0.691524,-0.722097,0.017408,0.000121,-0.001351,0.113247,0.999913,-0.010633,0.007763,0.000278
2,0.15,15,0.076111,-0.568159,0.053349,-0.001016,-0.700632,-0.713521,0.000985,-1.6e-05,-0.001255,0.113123,-0.999858,0.005236,0.010163,0.012354
2,0.15,15,0.075993,-0.568244,0.053506,0.010748,-0.681827,-0.731158,0.020112,0.000102,-0.001417,0.113199,0.999786,-0.010648,0.011469,0.013563
2,0.15,15,0.075911,-0.56824,0.053493,0.017638,-0.684987,-0.72791,0.025095,0.000183,-0.001404,0.113194,0.999715,-0.009525,0.019909,0.009054
2,0.15,15,0.076082,-0.568006,0.053334,-0.002822,-0.705612,-0.708591,0.001582,1e-05,-0.001235,0.112971,-0.999728,0.006988,0.011028,0.019346
2,0.15,15,0.075862,-0.567946,0.053477,0.039388,-0.690752,-0.72089,0.040347,0.000227,-0.001376,0.1129,0.998916,-0.005581,0.046209,9.1e-05
2,0.15,15,0.075886,-0.568212,0.05344,0.024253,-0.698661,-0.714358,0.031261,0.000209,-0.00135,0.113168,-0.999481,0.009596,-0.029025,0.010162
2,0.15,15,0.076082,-0.568006,0.053334,-0.002822,-0.705612,-0.708591,0.001582,1e-05,-0.001235,0.112971,-0.999728,0.006988,0.011028,0.019346
2,0.15,15,0.076124,-0.568142,0.053356,-0.00589,-0.699019,-0.715078,-0.000445,-3e-05,-0.001262,0.113107,-0.999813,0.007552,0.014681,0.010105
2,0.15,15,0.076312,-0.568096,0.053431,-0.022897,-0.687255,-0.725757,-0.020799,-0.000219,-0.001333,0.113061,0.999129,-0.004456,-0.041095,0.005649
2,0.15,15,0.075985,-0.568245,0.053573,0.016704,-0.679409,-0.733355,0.017745,0.000109,-0.001484,0.113198,0.999748,-0.004784,0.014121,0.016779
2,0.15,15,0.075846,-0.567829,0.053475,-0.030472,0.692146,0.720617,-0.026757,0.000241,-0.00137,0.112783,-0.999536,0.00195,-0.030367,0.0012
2,0.15,15,0.076029,-0.568255,0.053511,0.002382,-0.680414,-0.73275,0.010379,6.6e-05,-0.001422,0.113211,0.999833,-0.009385,-0.001314,0.015625
2,0.15,15,0.075938,-0.568387,0.053457,0.019429,-0.693285,-0.719937,0.025884,0.00016,-0.001374,0.113343,-0.999719,0.008972,-0.021791,0.002454
2,0.15,15,0.075957,-0.568403,0.053462,0.012975,-0.69179,-0.721618,0.02293,0.000142,-0.001381,0.113359,-0.999823,0.011282,-0.015077,0.000212
2,0.15,15,0.075861,-0.567924,0.053562,0.038495,-0.683808,-0.727478,0.041244,0.000227,-0.00146,0.112874,0.998865,-0.006749,0.046149,0.009675
2,0.15,15,0.075862,-0.567946,0.053477,0.039388,-0.690752,-0.72089,0.040347,0.000227,-0.001376,0.1129,0.998916,-0.005581,0.046209,9.1e-05
2,0.15,15,0.076,-0.568164,0.053353,-0.009156,0.706961,0.707188,-0.002553,9.4e-05,-0.00126,0.113126,-0.999771,-0.000578,0.001699,0.021334
2,0.15,15,0.076151,-0.568237,0.053377,-0.012303,-0.700362,-0.713642,-0.007498,-5.5e-05,-0.001286,0.113201,-0.99961,0.006915,0.024182,0.01211
2,0.15,15,0.075916,-0.568012,0.053445,0.015498,-0.699168,-0.714428,0.022738,0.000175,-0.001347,0.112968,-0.999758,0.009503,-0.016805,0.010527
2,0.15,15,0.075744,-0.567823,0.053509,0.03868,-0.690494,-0.721168,0.040472,0.000342,-0.001404,0.112774,0.998932,-0.006157,0.045783,0.000474
2,0.15,15,0.076046,-0.568069,0.053285,0.000226,-0.717525,-0.69653,0.001886,4.7e-05,-0.001188,0.113035,-0.99929,0.005269,0.008549,0.036301
2,0.15,15,0.075839,-0.567774,0.053597,0.03557,-0.675898,-0.735084,0.039347,0.000246,-0.001489,0.112722,0.998849,-0.007292,0.042685,0.020642
2,0.15,15,0.07603,-0.567914,0.053585,0.008676,-0.671216,-0.741059,0.014988,5.7e-05,-0.001482,0.112867,0.999553,-0.008232,0.006376,0.028032
2,0.15,15,0.075924,-0.568267,0.053421,0.013736,-0.703399,-0.710302,0.022626,0.000172,-0.001334,0.113224,-0.999688,0.0107,-0.015477,0.016428
2,0.15,15,0.075968,-0.568253,0.053369,0.010804,-0.709571,-0.70432,0.01803,0.000128,-0.00128,0.113214,-0.999589,0.009497,-0.010214,0.025056
2,0.15,15,0.075948,-0.567886,0.053478,0.014589,-0.691657,-0.721768,0.02116,0.00014,-0.001374,0.112842,0.999848,-0.008886,0.015017,-3.7e-05
2,0.15,15,0.075982,-0.567897,0.053421,0.016044,-0.698906,-0.714819,0.017542,0.000107,-0.001317,0.112856,-0.999842,0.005368,-0.013602,0.01012
2,0.15,15,0.075977,-0.568259,0.053484,0.016722,-0.68722,-0.725908,0.022535,0.000118,-0.001396,0.113215,0.999794,-0.008341,0.017487,0.006035
2,0.15,15,0.076124,-0.568142,0.053356,-0.00589,-0.699019,-0.715078,-0.000445,-3e-05,-0.001262,0.113107,-0.999813,0.007552,0.014681,0.010105
2,0.15,15,0.075928,-0.568278,0.053373,0.013674,-0.70048,-0.713233,0.020972,0.000169,-0.001286,0.113237,-0.999777,0.009507,-0.014272,0.01231
2,0.15,15,0.075862,-0.567946,0.053477,0.039388,-0.690752,-0.72089,0.040347,0.000227,-0.001376,0.1129,0.998916,-0.005581,0.046209,9.1e-05
2,0.15,15,0.075889,-0.567907,0.053335,0.017104,-0.720021,-0.693481,0.019006,0.0002,-0.001233,0.112868,-0.999057,0.005994,-0.0155,0.040118
2,0.15,15,0.076183,-0.568153,0.053383,-0.022518,-0.699307,-0.714327,-0.014126,-8.9e-05,-0.001288,0.113118,-0.999245,0.009181,0.036145,0.010896
2,0.15,15,0.075912,-0.568034,0.053574,0.02369,-0.680578,-0.7316,0.031851,0.000179,-0.001476,0.112985,0.99942,-0.010157,0.028935,0.01483
2,0.15,15,0.075941,-0.568403,0.053523,0.010937,-0.683511,-0.729641,0.017818,0.000156,-0.001441,0.113356,0.999847,-0.008883,0.010026,0.011273
2,0.15,15,0.075995,-0.567902,0.053416,0.01092,-0.700075,-0.71381,0.015816,9.4e-05,-0.001313,0.112862,-0.999865,0.007683,-0.008713,0.011657
2,0.15,15,0.075874,-0.56796,0.053377,0.019575,-0.709164,-0.704332,0.024871,0.000216,-0.001277,0.112919,-0.999433,0.008365,-0.021281,0.024724
2,0.15,15,0.076033,-0.568297,0.053377,0.001854,-0.699838,-0.714236,0.009522,6.4e-05,-0.00129,0.113259,-0.99989,0.009405,0.00219,0.011214
2,0.15,15,0.075928,-0.568278,0.053373,0.013674,-0.70048,-0.713233,0.020972,0.000169,-0.001286,0.113237,-0.999777,0.009507,-0.014272,0.01231
2,0.15,15,0.076003,-0.567664,0.05375,0.008797,-0.66012,-0.751025,0.01121,7.8e-05,-0.001635,0.11261,0.999058,-0.005268,0.003801,0.0429
2,0.15,15,0.075839,-0.567774,0.053597,0.03557,-0.675898,-0.735084,0.039347,0.000246,-0.001489,0.112722,0.998849,-0.007292,0.042685,0.020642
2,0.15,15,0.075811,-0.567933,0.053451,0.02882,-0.697777,-0.715,0.032412,0.000278,-0.00135,0.112887,-0.999384,0.007256,-0.033116,0.009088
2,0.15,15,0.075811,-0.567853,0.053504,0.036582,-0.691924,-0.720019,0.038418,0.000276,-0.0014,0.112805,-0.999062,0.006145,-0.042852,0.001365
2,0.15,15,0.076176,-0.567827,0.053374,-0.011064,-0.704415,-0.709624,-0.010497,-8.9e-05,-0.001266,0.112792,-0.999512,0.00395,0.02534,0.017851
2,0.15,15,0.075911,-0.56824,0.053493,0.017638,-0.684987,-0.72791,0.025095,0.000183,-0.001404,0.113194,0.999715,-0.009525,0.019909,0.009054
2,0.15,15,0.076008,-0.568127,0.053478,0.006945,-0.682356,-0.730821,0.015577,8.5e-05,-0.001384,0.113084,0.999851,-0.01001,0.005587,0.01292
2,0.15,15,0.076103,-0.56825,0.053328,-0.007844,-0.705342,-0.708822,-0.00163,-6e-06,-0.001239,0.113216,-0.999644,0.008138,0.016877,0.019001
2,0.15,15,0.076132,-0.568252,0.053365,-0.009129,-0.703114,-0.711018,-0.001184,-3.6e-05,-0.001276,0.113216,-0.999677,0.009317,0.017508,0.015864
2,0.15,15,0.076095,-0.568145,0.053564,0.002159,-0.667481,-0.744604,0.005476,-2e-06,-0.00147,0.1131,0.999422,-0.00582,-0.004928,0.033115
2,0.15,15,0.076124,-0.568142,0.053356,-0.00589,-0.699019,-0.715078,-0.000445,-3e-05,-0.001262,0.113107,-0.999813,0.007552,0.014681,0.010105
2,0.15,15,0.075924,-0.568095,0.053591,0.031028,-0.675203,-0.736225,0.033346,0.000167,-0.001496,0.113045,0.99912,-0.006088,0.035246,0.021893
2,0.15,15,0.075818,-0.568007,0.053547,0.042206,-0.687031,-0.723965,0.045616,0.000272,-0.001449,0.112957,0.998614,-0.007386,0.051874,0.004945
2,0.15,15,0.076029,-0.568255,0.053511,0.002382,-0.680414,-0.73275,0.010379,6.6e-05,-0.001422,0.113211,0.999833,-0.009385,-0.001314,0.015625
2,0.15,15,0.07591,-0.567895,0.053556,0.024761,-0.678528,-0.733525,0.030456,0.000178,-0.001453,0.112847,0.999397,-0.008381,0.028734,0.017623
2,0.15,15,0.076061,-0.568411,0.053351,0.003037,-0.705792,-0.708345,0.009752,3.8e-05,-0.001269,0.113374,-0.999768,0.008836,0.001144,0.019591
2,0.15,15,0.075872,-0.567828,0.053541,0.035769,-0.682634,-0.728906,0.037788,0.000214,-0.001435,0.11278,0.999042,-0.006121,0.041781,0.011488
2,0.15,15,0.076005,-0.568155,0.053409,0.007038,-0.699924,-0.713981,0.016985,8.9e-05,-0.001316,0.113115,-0.99985,0.011209,-0.006718,0.011401
2,0.15,15,0.075813,-0.567827,0.053599,0.034192,-0.682634,-0.728888,0.039535,0.000273,-0.001493,0.112775,0.999022,-0.008474,0.041852,0.0115
2,0.15,15,0.076094,-0.568,0.053371,-0.013119,0.710869,0.703148,-0.008757,-3e-06,-0.001271,0.112964,-0.999622,0.001217,-0.005476,0.026906
2,0.15,15,0.075914,-0.568119,0.053328,0.017882,-0.705637,-0.707991,0.022481,0.00018,-0.001234,0.11308,-0.999608,0.00776,-0.018384,0.019662
2,0.15,15,0.076064,-0.568434,0.053464,0.002182,-0.69139,-0.72242,0.00919,3.5e-05,-0.001383,0.113392,0.999958,-0.008818,-0.002226,0.000543
2,0.15,15,0.076084,-0.56812,0.053206,-0.003556,-0.722596,-0.691258,0.002213,1.1e-05,-0.001111,0.113091,-0.998955,0.008194,0.011024,0.04359
2,0.15,15,0.076117,-0.568023,0.053622,0.002883,-0.668469,-0.743701,0.00698,-2.8e-05,-0.001522,0.112976,0.999468,-0.006419,-0.00336,0.031789
