marker_id,scan_distance,movement_id,px,py,pz,qx,qy,qz,qw,cam_px,cam_py,cam_pz,cam_qx,cam_qy,cam_qz,cam_qw
0,0.2625,1,-0.194404,-0.30118,0.09317,0.504955,0.474182,0.518086,0.501757,-0.021431,-0.018308,0.227772,0.999545,-0.022054,-0.006112,0.019627
0,0.2625,1,-0.194578,-0.301152,0.093091,0.523479,0.4799,0.500386,0.495257,-0.021404,-0.018229,0.227947,-0.999564,0.022823,0.018152,0.004577
0,0.2625,1,-0.194457,-0.301171,0.093213,0.506799,0.487154,0.514996,0.490526,-0.021423,-0.018351,0.227826,0.99977,-0.020551,0.003502,0.005045
0,0.2625,1,-0.194578,-0.301152,0.093091,0.523479,0.4799,0.500386,0.495257,-0.021404,-0.018229,0.227947,-0.999564,0.022823,0.018152,0.004577
0,0.2625,1,-0.195098,-0.301183,0.093214,0.510261,0.476961,0.516127,0.495737,-0.021436,-0.018353,0.228467,0.999597,-0.02534,-0.005359,0.01159
0,0.2625,1,-0.194539,-0.301185,0.093262,0.494565,0.467664,0.530193,0.505561,-0.021436,-0.0184,0.227907,0.999056,-0.024293,-1e-06,0.036026
0,0.2625,1,-0.194578,-0.301152,0.093091,0.523479,0.4799,0.500386,0.495257,-0.021404,-0.018229,0.227947,-0.999564,0.022823,0.018152,0.004577
0,0.2625,1,-0.194389,-0.301128,0.093116,0.527229,0.490012,0.494924,0.486793,-0.021379,-0.018254,0.227758,-0.999515,0.021131,0.01349,0.018476
0,0.2625,1,-0.194038,-0.301037,0.09306,0.517162,0.478523,0.506074,0.497442,-0.021288,-0.018197,0.227407,0.999653,-0.022115,-0.013918,0.003201
0,0.2625,1,-0.194578,-0.301152,0.093091,0.523479,0.4799,0.500386,0.495257,-0.021404,-0.018229,0.227947,-0.999564,0.022823,0.018152,0.004577
0,0.2625,1,-0.194578,-0.301152,0.093091,0.523479,0.4799,0.500386,0.495257,-0.021404,-0.018229,0.227947,-0.999564,0.022823,0.018152,0.004577
0,0.2625,1,-0.194539,-0.301185,0.093262,0.494565,0.467664,0.530193,0.505561,-0.021436,-0.0184,0.227907,0.999056,-0.024293,-1e-06,0.036026
0,0.2625,1,-0.194578,-0.301152,0.093091,0.523479,0.4799,0.500386,0.495257,-0.021404,-0.018229,0.227947,-0.999564,0.022823,0.018152,0.004577
0,0.2625,1,-0.194038,-0.301037,0.09306,0.517162,0.478523,0.506074,0.497442,-0.021288,-0.018197,0.227407,0.999653,-0.022115,-0.013918,0.003201
0,0.2625,1,-0.194539,-0.301185,0.093262,0.494565,0.467664,0.530193,0.505561,-0.021436,-0.0184,0.227907,0.999056,-0.024293,-1e-06,0.036026
0,0.2625,1,-0.194336,-0.301056,0.093165,0.506279,0.472534,0.51905,0.500979,-0.021307,-0.018303,0.227705,0.999482,-0.024411,-0.006728,0.01988
0,0.2625,1,-0.194404,-0.30118,0.09317,0.504955,0.474182,0.518086,0.501757,-0.021431,-0.018308,0.227772,0.999545,-0.022054,-0.006112,0.019627
0,0.2625,1,-0.194389,-0.301128,0.093116,0.527229,0.490012,0.494924,0.486793,-0.021379,-0.018254,0.227758,-0.999515,0.021131,0.01349,0.018476
0,0.2625,1,-0.194578,-0.301152,0.093091,0.523479,0.4799,0.500386,0.495257,-0.021404,-0.018229,0.227947,-0.999564,0.022823,0.018152,0.004577
0,0.2625,1,-0.194578,-0.301152,0.093091,0.523479,0.4799,0.500386,0.495257,-0.021404,-0.018229,0.227947,-0.999564,0.022823,0.018152,0.004577
0,0.2625,1,-0.195098,-0.301183,0.093214,0.510261,0.476961,0.516127,0.495737,-0.021436,-0.018353,0.228467,0.999597,-0.02534,-0.005359,0.01159
0,0.2625,1,-0.194389,-0.301128,0.093116,0.527229,0.490012,0.494924,0.486793,-0.021379,-0.018254,0.227758,-0.999515,0.021131,0.01349,0.018476
0,0.2625,1,-0.194539,-0.301185,0.093262,0.494565,0.467664,0.530193,0.505561,-0.021436,-0.0184,0.227907,0.999056,-0.024293,-1e-06,0.036026
0,0.2625,1,-0.195025,-0.301022,0.093189,-0.480875,-0.558498,-0.539457,-0.407217,-0.021275,-0.018328,0.228394,-0.992915,0.025828,-0.105931,0.047245
0,0.2625,1,-0.194734,-0.301183,0.093317,0.49409,0.482651,0.52975,0.492228,-0.021434,-0.018456,0.228103,0.999396,-0.023001,0.014154,0.021861
0,0.2625,1,-0.195098,-0.301183,0.093214,0.510261,0.476961,0.516127,0.495737,-0.021436,-0.018353,0.228467,0.999597,-0.02534,-0.005359,0.01159
0,0.2625,1,-0.194081,-0.301026,0.093098,0.51959,0.493503,0.502139,0.484084,-0.021277,-0.018235,0.22745,-0.999684,0.020539,0.002956,0.014164
0,0.2625,1,-0.195098,-0.301183,0.093214,0.510261,0.476961,0.516127,0.495737,-0.021436,-0.018353,0.228467,0.999597,-0.02534,-0.005359,0.01159
0,0.2625,1,-0.194578,-0.301152,0.093091,0.523479,0.4799,0.500386,0.495257,-0.021404,-0.018229,0.227947,-0.999564,0.022823,0.018152,0.004577
0,0.2625,1,-0.194734,-0.301183,0.093317,0.49409,0.482651,0.52975,0.492228,-0.021434,-0.018456,0.228103,0.999396,-0.023001,0.014154,0.021861
0,0.2625,1,-0.195098,-0.301183,0.093214,0.510261,0.476961,0.516127,0.495737,-0.021436,-0.018353,0.228467,0.999597,-0.02534,-0.005359,0.01159
0,0.2625,1,-0.195098,-0.301183,0.093214,0.510261,0.476961,0.516127,0.495737,-0.021436,-0.018353,0.228467,0.999597,-0.02534,-0.005359,0.01159
0,0.2625,1,-0.194389,-0.301128,0.093116,0.527229,0.490012,0.494924,0.486793,-0.021379,-0.018254,0.227758,-0.999515,0.021131,0.01349,0.018476
0,0.2625,1,-0.194578,-0.301152,0.093091,0.523479,0.4799,0.500386,0.495257,-0.021404,-0.018229,0.227947,-0.999564,0.022823,0.018152,0.004577
0,0.2625,1,-0.194336,-0.301056,0.093165,0.506279,0.472534,0.51905,0.500979,-0.021307,-0.018303,0.227705,0.999482,-0.024411,-0.006728,0.01988
0,0.2625,1,-0.195098,-0.301183,0.093214,0.510261,0.476961,0.516127,0.495737,-0.021436,-0.018353,0.228467,0.999597,-0.02534,-0.005359,0.01159
0,0.2625,1,-0.194389,-0.301128,0.093116,0.527229,0.490012,0.494924,0.486793,-0.021379,-0.018254,0.227758,-0.999515,0.021131,0.01349,0.018476
0,0.2625,1,-0.195098,-0.301183,0.093214,0.510261,0.476961,0.516127,0.495737,-0.021436,-0.018353,0.228467,0.999597,-0.02534,-0.005359,0.01159
0,0.2625,1,-0.195098,-0.301183,0.093214,0.510261,0.476961,0.516127,0.495737,-0.021436,-0.018353,0.228467,0.999597,-0.02534,-0.005359,0.01159
0,0.2625,1,-0.194578,-0.301152,0.093091,0.523479,0.4799,0.500386,0.495257,-0.021404,-0.018229,0.227947,-0.999564,0.022823,0.018152,0.004577
0,0.2625,1,-0.194539,-0.301185,0.093262,0.494565,0.467664,0.530193,0.505561,-0.021436,-0.0184,0.227907,0.999056,-0.024293,-1e-06,0.036026
0,0.2625,1,-0.195025,-0.301022,0.093189,-0.480875,-0.558498,-0.539457,-0.407217,-0.021275,-0.018328,0.228394,-0.992915,0.025828,-0.105931,0.047245
0,0.2625,1,-0.195098,-0.301183,0.093214,0.510261,0.476961,0.516127,0.495737,-0.021436,-0.018353,0.228467,0.999597,-0.02534,-0.005359,0.01159
0,0.2625,1,-0.195098,-0.301183,0.093214,0.510261,0.476961,0.516127,0.495737,-0.021436,-0.018353,0.228467,0.999597,-0.02534,-0.005359,0.01159
0,0.2625,1,-0.194578,-0.301152,0.093091,0.523479,0.4799,0.500386,0.495257,-0.021404,-0.018229,0.227947,-0.999564,0.022823,0.018152,0.004577
0,0.2625,1,-0.193903,-0.301055,0.093262,0.492664,0.47663,0.529926,0.499284,-0.021305,-0.018399,0.227272,0.999299,-0.021863,0.008429,0.029211
0,0.2625,1,-0.194095,-0.301197,0.093185,0.487343,0.461762,0.539891,0.50773,-0.021448,-0.018323,0.227463,0.998436,-0.027415,0.004439,0.048511
0,0.2625,1,-0.195098,-0.301183,0.093214,0.510261,0.476961,0.516127,0.495737,-0.021436,-0.018353,0.228467,0.999597,-0.02534,-0.005359,0.01159
0,0.2625,1,-0.194539,-0.301185,0.093262,0.494565,0.467664,0.530193,0.505561,-0.021436,-0.0184,0.227907,0.999056,-0.024293,-1e-06,0.036026
0,0.2625,1,-0.195025,-0.301022,0.093189,-0.480875,-0.558498,-0.539457,-0.407217,-0.021275,-0.018328,0.228394,-0.992915,0.025828,-0.105931,0.047245
0,0.2625,1,-0.194404,-0.30118,0.09317,0.504955,0.474182,0.518086,0.501757,-0.021431,-0.018308,0.227772,0.999545,-0.022054,-0.006112,0.019627
0,0.2625,1,-0.195098,-0.301183,0.093214,0.510261,0.476961,0.516127,0.495737,-0.021436,-0.018353,0.228467,0.999597,-0.02534,-0.005359,0.01159
0,0.2625,1,-0.195098,-0.301183,0.093214,0.510261,0.476961,0.516127,0.495737,-0.021436,-0.018353,0.228467,0.999597,-0.02534,-0.005359,0.01159
0,0.2625,1,-0.195025,-0.301022,0.093189,-0.480875,-0.558498,-0.539457,-0.407217,-0.021275,-0.018328,0.228394,-0.992915,0.025828,-0.105931,0.047245
0,0.2625,1,-0.195098,-0.301183,0.093214,0.510261,0.476961,0.516127,0.495737,-0.021436,-0.018353,0.228467,0.999597,-0.02534,-0.005359,0.01159
0,0.2625,1,-0.193607,-0.301048,0.093119,0.500272,0.469721,0.521694,0.506879,-0.021298,-0.018256,0.226976,0.999344,-0.021196,-0.006744,0.028566
0,0.2625,1,-0.195025,-0.301022,0.093189,-0.480875,-0.558498,-0.539457,-0.407217,-0.021275,-0.018328,0.228394,-0.992915,0.025828,-0.105931,0.047245
0,0.2625,1,-0.193143,-0.301056,0.093122,0.484474,0.455791,0.541291,0.514338,-0.021305,-0.018258,0.226511,0.998029,-0.026369,0.000297,0.056942
0,0.2625,1,-0.194539,-0.301185,0.093262,0.494565,0.467664,0.530193,0.505561,-0.021436,-0.0184,0.227907,0.999056,-0.024293,-1e-06,0.036026
0,0.2625,1,-0.194734,-0.301183,0.093317,0.49409,0.482651,0.52975,0.492228,-0.021434,-0.018456,0.228103,0.999396,-0.023001,0.014154,0.021861
0,0.2625,1,-0.194095,-0.301197,0.093185,0.487343,0.461762,0.539891,0.50773,-0.021448,-0.018323,0.227463,0.998436,-0.027415,0.004439,0.048511
0,0.2625,1,-0.194734,-0.301183,0.093317,0.49409,0.482651,0.52975,0.492228,-0.021434,-0.018456,0.228103,0.999396,-0.023001,0.014154,0.021861
0,0.2625,1,-0.194457,-0.301171,0.093213,0.506799,0.487154,0.514996,0.490526,-0.021423,-0.018351,0.227826,0.99977,-0.020551,0.003502,0.005045
0,0.2625,1,-0.195098,-0.301183,0.093214,0.510261,0.476961,0.516127,0.495737,-0.021436,-0.018353,0.228467,0.999597,-0.02534,-0.005359,0.01159
0,0.2625,1,-0.194144,-0.301205,0.093107,0.496506,0.470064,0.529376,0.502278,-0.021456,-0.018245,0.227512,0.999173,-0.025292,0.001454,0.031801
0,0.2625,1,-0.194539,-0.301185,0.093262,0.494565,0.467664,0.530193,0.505561,-0.021436,-0.0184,0.227907,0.999056,-0.024293,-1e-06,0.036026
0,0.2625,1,-0.195098,-0.301183,0.093214,0.510261,0.476961,0.516127,0.495737,-0.021436,-0.018353,0.228467,0.999597,-0.02534,-0.005359,0.01159
0,0.2625,1,-0.194959,-0.301221,0.093156,0.503886,0.474463,0.525339,0.494978,-0.021473,-0.018295,0.228328,0.99939,-0.028401,0.001576,0.020239
0,0.2625,1,-0.19421,-0.300887,0.093085,-0.493108,-0.57385,-0.522852,-0.39264,-0.021138,-0.018222,0.227579,-0.991091,0.023225,-0.106432,0.076625
0,0.2625,1,-0.194734,-0.301183,0.093317,0.49409,0.482651,0.52975,0.492228,-0.021434,-0.018456,0.228103,0.999396,-0.023001,0.014154,0.021861
0,0.2625,1,-0.194095,-0.301197,0.093185,0.487343,0.461762,0.539891,0.50773,-0.021448,-0.018323,0.227463,0.998436,-0.027415,0.004439,0.048511
0,0.2625,1,-0.195025,-0.301022,0.093189,-0.480875,-0.558498,-0.539457,-0.407217,-0.021275,-0.018328,0.228394,-0.992915,0.025828,-0.105931,0.047245
0,0.2625,1,-0.194734,-0.301183,0.093317,0.49409,0.482651,0.52975,0.492228,-0.021434,-0.018456,0.228103,0.999396,-0.023001,0.014154,0.021861
0,0.2625,1,-0.195025,-0.301022,0.093189,-0.480875,-0.558498,-0.539457,-0.407217,-0.021275,-0.018328,0.228394,-0.992915,0.025828,-0.105931,0.047245
0,0.2625,1,-0.195025,-0.301022,0.093189,-0.480875,-0.558498,-0.539457,-0.407217,-0.021275,-0.018328,0.228394,-0.992915,0.025828,-0.105931,0.047245
0,0.2625,1,-0.195098,-0.301183,0.093214,0.510261,0.476961,0.516127,0.495737,-0.021436,-0.018353,0.228467,0.999597,-0.02534,-0.005359,0.01159
0,0.2625,1,-0.193638,-0.301047,0.093202,0.491493,0.462063,0.531917,0.511856,-0.021297,-0.018339,0.227006,0.998737,-0.023278,-0.003539,0.044378
0,0.2625,1,-0.194734,-0.301183,0.093317,0.49409,0.482651,0.52975,0.492228,-0.021434,-0.018456,0.228103,0.999396,-0.023001,0.014154,0.021861
0,0.2625,1,-0.194734,-0.301183,0.093317,0.49409,0.482651,0.52975,0.492228,-0.021434,-0.018456,0.228103,0.999396,-0.023001,0.014154,0.021861
0,0.225,2,-0.19345,-0.299113,0.09594,0.52891,0.474291,0.492215,0.503018,-0.001611,-0.001856,0.18426,-0.998039,-0.003261,0.06159,0.010676
0,0.225,2,-0.194512,-0.299041,0.095914,-0.511615,-0.504579,-0.517536,-0.46455,-0.001478,-0.001842,0.185318,-0.999654,0.005665,0.006337,0.024896
0,0.225,2,-0.19451,-0.298943,0.096017,0.479421,0.505174,0.547519,0.463872,-0.001375,-0.00194,0.185307,0.999638,-0.004017,0.026168,0.004717
0,0.225,2,-0.19451,-0.298943,0.096017,0.479421,0.505174,0.547519,0.463872,-0.001375,-0.00194,0.185307,0.999638,-0.004017,0.026168,0.004717
0,0.225,2,-0.193287,-0.29904,0.095939,0.530046,0.475748,0.499651,0.493015,-0.001547,-0.001849,0.184094,-0.9985,0.005436,0.052851,0.013231
0,0.225,2,-0.19406,-0.29895,0.096011,0.477358,0.484504,0.546091,0.48905,-0.001409,-0.001927,0.184859,0.999588,0.000842,0.004178,0.028389
0,0.225,2,-0.194168,-0.298952,0.096083,0.471478,0.474642,0.559998,0.488698,-0.001401,-0.002002,0.184966,0.99899,-0.007921,0.009637,0.043167
0,0.225,2,-0.193507,-0.298947,0.095842,-0.526986,-0.508866,-0.499374,-0.462567,-0.001446,-0.001751,0.18431,-0.998794,0.003585,0.020428,0.044513
0,0.225,2,-0.193135,-0.299062,0.095884,0.539888,0.469858,0.484298,0.5032,-0.00158,-0.001793,0.183945,-0.997141,0.000516,0.073527,0.017406
0,0.225,2,-0.193198,-0.29907,0.096001,0.534797,0.461406,0.493663,0.50734,-0.001579,-0.001911,0.184006,-0.997367,0.004426,0.072291,0.003793
0,0.225,2,-0.19373,-0.298975,0.09603,0.500056,0.480233,0.524871,0.493792,-0.001452,-0.001943,0.184531,0.999674,8e-05,-0.022736,0.011618
0,0.225,2,-0.194512,-0.299041,0.095914,-0.511615,-0.504579,-0.517536,-0.46455,-0.001478,-0.001842,0.185318,-0.999654,0.005665,0.006337,0.024896
0,0.225,2,-0.194221,-0.299132,0.096002,0.518048,0.473544,0.514167,0.492966,-0.001582,-0.00193,0.18503,0.999157,-0.007505,-0.040345,0.000855
0,0.225,2,-0.19451,-0.298943,0.096017,0.479421,0.505174,0.547519,0.463872,-0.001375,-0.00194,0.185307,0.999638,-0.004017,0.026168,0.004717
0,0.225,2,-0.193886,-0.299045,0.095865,0.526785,0.492458,0.501622,0.477869,-0.001521,-0.001784,0.184693,-0.999023,0.00454,0.034647,0.027038
0,0.225,2,-0.194093,-0.299086,0.095939,0.520822,0.481981,0.497807,0.498625,-0.001547,-0.001863,0.184901,-0.998743,-0.006084,0.048686,0.010286
0,0.225,2,-0.193756,-0.298919,0.095869,-0.519298,-0.52771,-0.506355,-0.442105,-0.001403,-0.00178,0.184556,-0.998317,0.004642,-0.006261,0.057475
0,0.225,2,-0.194117,-0.298963,0.095876,-0.495158,-0.516768,-0.533828,-0.45033,-0.001425,-0.001794,0.184919,-0.999453,0.006775,-0.023324,0.022432
0,0.225,2,-0.193756,-0.298919,0.095869,-0.519298,-0.52771,-0.506355,-0.442105,-0.001403,-0.00178,0.184556,-0.998317,0.004642,-0.006261,0.057475
0,0.225,2,-0.193756,-0.298919,0.095869,-0.519298,-0.52771,-0.506355,-0.442105,-0.001403,-0.00178,0.184556,-0.998317,0.004642,-0.006261,0.057475
0,0.225,2,-0.194512,-0.299041,0.095914,-0.511615,-0.504579,-0.517536,-0.46455,-0.001478,-0.001842,0.185318,-0.999654,0.005665,0.006337,0.024896
0,0.225,2,-0.194512,-0.299041,0.095914,-0.511615,-0.504579,-0.517536,-0.46455,-0.001478,-0.001842,0.185318,-0.999654,0.005665,0.006337,0.024896
0,0.225,2,-0.193886,-0.299045,0.095865,0.526785,0.492458,0.501622,0.477869,-0.001521,-0.001784,0.184693,-0.999023,0.00454,0.034647,0.027038
0,0.225,2,-0.194512,-0.299041,0.095914,-0.511615,-0.504579,-0.517536,-0.46455,-0.001478,-0.001842,0.185318,-0.999654,0.005665,0.006337,0.024896
0,0.225,2,-0.19406,-0.29895,0.096011,0.477358,0.484504,0.546091,0.48905,-0.001409,-0.001927,0.184859,0.999588,0.000842,0.004178,0.028389
0,0.225,2,-0.193507,-0.298947,0.095842,-0.526986,-0.508866,-0.499374,-0.462567,-0.001446,-0.001751,0.18431,-0.998794,0.003585,0.020428,0.044513
0,0.225,2,-0.194221,-0.299132,0.096002,0.518048,0.473544,0.514167,0.492966,-0.001582,-0.00193,0.18503,0.999157,-0.007505,-0.040345,0.000855
0,0.225,2,-0.194512,-0.299041,0.095914,-0.511615,-0.504579,-0.517536,-0.46455,-0.001478,-0.001842,0.185318,-0.999654,0.005665,0.006337,0.024896
0,0.225,2,-0.194512,-0.299041,0.095914,-0.511615,-0.504579,-0.517536,-0.46455,-0.001478,-0.001842,0.185318,-0.999654,0.005665,0.006337,0.024896
0,0.225,2,-0.193507,-0.298947,0.095842,-0.526986,-0.508866,-0.499374,-0.462567,-0.001446,-0.001751,0.18431,-0.998794,0.003585,0.020428,0.044513
0,0.225,2,-0.194221,-0.298989,0.095987,-0.493921,-0.508774,-0.534036,-0.460432,-0.00144,-0.001908,0.185023,-0.999794,0.004847,-0.015246,0.012511
0,0.225,2,-0.193535,-0.299023,0.095911,0.526973,0.494908,0.500339,0.476473,-0.001517,-0.001824,0.184341,-0.998989,0.003552,0.033517,0.029755
0,0.225,2,-0.194512,-0.299041,0.095914,-0.511615,-0.504579,-0.517536,-0.46455,-0.001478,-0.001842,0.185318,-0.999654,0.005665,0.006337,0.024896
0,0.225,2,-0.194216,-0.298878,0.096121,0.464921,0.488449,0.563916,0.476723,-0.001323,-0.002036,0.185009,0.998988,-0.006064,0.02759,0.035005
0,0.225,2,-0.193756,-0.298919,0.095869,-0.519298,-0.52771,-0.506355,-0.442105,-0.001403,-0.00178,0.184556,-0.998317,0.004642,-0.006261,0.057475
0,0.225,2,-0.194512,-0.299041,0.095914,-0.511615,-0.504579,-0.517536,-0.46455,-0.001478,-0.001842,0.185318,-0.999654,0.005665,0.006337,0.024896
0,0.225,2,-0.194512,-0.299041,0.095914,-0.511615,-0.504579,-0.517536,-0.46455,-0.001478,-0.001842,0.185318,-0.999654,0.005665,0.006337,0.024896
0,0.225,2,-0.193404,-0.299113,0.095937,0.534871,0.469295,0.49555,0.498102,-0.001613,-0.001852,0.184215,-0.997923,0.006368,0.063042,0.011636
0,0.225,2,-0.194512,-0.299041,0.095914,-0.511615,-0.504579,-0.517536,-0.46455,-0.001478,-0.001842,0.185318,-0.999654,0.005665,0.006337,0.024896
0,0.225,2,-0.193756,-0.298919,0.095869,-0.519298,-0.52771,-0.506355,-0.442105,-0.001403,-0.00178,0.184556,-0.998317,0.004642,-0.006261,0.057475
0,0.225,2,-0.193756,-0.298919,0.095869,-0.519298,-0.52771,-0.506355,-0.442105,-0.001403,-0.00178,0.184556,-0.998317,0.004642,-0.006261,0.057475
0,0.225,2,-0.194221,-0.299132,0.096002,0.518048,0.473544,0.514167,0.492966,-0.001582,-0.00193,0.18503,0.999157,-0.007505,-0.040345,0.000855
0,0.225,2,-0.194512,-0.299041,0.095914,-0.511615,-0.504579,-0.517536,-0.46455,-0.001478,-0.001842,0.185318,-0.999654,0.005665,0.006337,0.024896
0,0.225,2,-0.194512,-0.299041,0.095914,-0.511615,-0.504579,-0.517536,-0.46455,-0.001478,-0.001842,0.185318,-0.999654,0.005665,0.006337,0.024896
0,0.225,2,-0.19451,-0.298943,0.096017,0.479421,0.505174,0.547519,0.463872,-0.001375,-0.00194,0.185307,0.999638,-0.004017,0.026168,0.004717
0,0.225,2,-0.194512,-0.299041,0.095914,-0.511615,-0.504579,-0.517536,-0.46455,-0.001478,-0.001842,0.185318,-0.999654,0.005665,0.006337,0.024896
0,0.225,2,-0.19451,-0.298943,0.096017,0.479421,0.505174,0.547519,0.463872,-0.001375,-0.00194,0.185307,0.999638,-0.004017,0.026168,0.004717
0,0.225,2,-0.194512,-0.299041,0.095914,-0.511615,-0.504579,-0.517536,-0.46455,-0.001478,-0.001842,0.185318,-0.999654,0.005665,0.006337,0.024896
0,0.225,2,-0.193992,-0.299107,0.096039,0.517411,0.481598,0.513694,0.48628,-0.001568,-0.001963,0.184799,-0.999409,0.006534,0.033074,0.00665
0,0.225,2,-0.193756,-0.298919,0.095869,-0.519298,-0.52771,-0.506355,-0.442105,-0.001403,-0.00178,0.184556,-0.998317,0.004642,-0.006261,0.057475
0,0.225,2,-0.194511,-0.298943,0.096017,0.475665,0.508887,0.543767,0.468075,-0.001376,-0.00194,0.185309,0.999644,0.003704,0.025989,0.004748
0,0.1875,3,-0.1931,-0.297983,0.097755,0.497622,0.501389,0.520704,0.479425,-0.002128,-0.002707,0.146186,0.999877,0.009771,0.004243,0.011489
0,0.1875,3,-0.192656,-0.297986,0.097728,-0.506465,-0.496987,-0.51323,-0.482796,-0.002149,-0.002691,0.145742,0.999905,0.008363,-0.007905,0.007585
0,0.1875,3,-0.192708,-0.297786,0.097567,-0.490365,-0.536864,-0.526359,-0.440756,-0.001956,-0.002517,0.145784,-0.998652,-0.008831,-0.046931,0.02035
0,0.1875,3,-0.192762,-0.297996,0.097467,-0.528299,-0.526131,-0.492172,-0.449281,-0.00217,-0.002428,0.145843,-0.998956,-0.004875,-0.000542,0.045409
0,0.1875,3,-0.192731,-0.297828,0.097632,-0.485084,-0.529516,-0.533784,-0.446521,-0.001994,-0.002584,0.145809,-0.998836,-0.007213,-0.047108,0.007405
0,0.1875,3,-0.19281,-0.297823,0.097773,0.476158,0.494162,0.540822,0.486404,-0.001979,-0.002723,0.145891,0.999005,0.010968,0.018718,0.03896
0,0.1875,3,-0.192724,-0.297874,0.097824,0.484663,0.494826,0.534653,0.484144,-0.002029,-0.002779,0.145808,0.99942,0.008785,0.012614,0.030372
0,0.1875,3,-0.192374,-0.298045,0.097703,0.527636,0.481607,0.493913,0.495687,-0.002219,-0.002675,0.145462,0.999081,0.005685,-0.042405,0.002488
0,0.1875,3,-0.192713,-0.297935,0.09786,0.489979,0.488927,0.53089,0.488904,-0.002088,-0.002819,0.145801,0.999474,0.007349,0.002786,0.031468
0,0.1875,3,-0.192395,-0.297918,0.097749,0.49946,0.490334,0.527237,0.481802,-0.00209,-0.002714,0.145479,0.999782,0.001368,0.000232,0.020827
0,0.1875,3,-0.192039,-0.297927,0.097832,0.480876,0.479897,0.542871,0.493709,-0.002107,-0.002806,0.145126,0.998772,0.004145,0.006952,0.048873
0,0.1875,3,-0.192597,-0.297806,0.09772,-0.487148,-0.520465,-0.534639,-0.453833,-0.001972,-0.002674,0.145676,0.999244,0.004944,0.038557,0.000465
0,0.1875,3,-0.192901,-0.298049,0.097814,0.489941,0.47639,0.527789,0.50443,-0.002198,-0.002774,0.145991,0.998884,0.010466,-0.012448,0.044343
0,0.1875,3,-0.19263,-0.298152,0.097681,0.535383,0.486436,0.479158,0.497145,-0.002319,-0.002654,0.145722,-0.998501,-0.011971,0.052398,0.010297
0,0.1875,3,-0.193362,-0.298048,0.097724,-0.509283,-0.508008,-0.507653,-0.47418,-0.002186,-0.002674,0.14645,-0.999917,-0.010743,0.00271,0.006631
0,0.1875,3,-0.192814,-0.298018,0.097771,-0.511295,-0.492644,-0.507483,-0.488201,-0.002173,-0.002732,0.145902,0.999766,0.009232,-0.018085,0.007441
0,0.1875,3,-0.193125,-0.298048,0.097668,-0.515944,-0.505421,-0.503015,-0.474686,-0.002197,-0.002623,0.146212,-0.999859,-0.008534,0.009994,0.010491
0,0.1875,3,-0.192417,-0.298147,0.097656,0.527196,0.483933,0.495955,0.491835,-0.002323,-0.002634,0.145508,0.999265,0.004138,-0.038113,0.000549
0,0.1875,3,-0.192637,-0.297852,0.097658,-0.493643,-0.52499,-0.526359,-0.451274,-0.00202,-0.002614,0.145717,-0.999333,-0.006576,-0.034382,0.010382
0,0.1875,3,-0.192198,-0.298286,0.097633,0.544537,0.469699,0.473396,0.508684,-0.00247,-0.002623,0.145294,-0.997246,-0.007535,0.073727,0.002941
0,0.1875,3,-0.192695,-0.298189,0.097738,0.531758,0.48106,0.487835,0.497828,-0.00235,-0.002712,0.145789,-0.998773,-0.007312,0.048968,0.001118
0,0.1875,3,-0.192541,-0.298095,0.097799,0.522581,0.47866,0.496987,0.500796,-0.002258,-0.002771,0.145633,0.999024,0.007908,-0.042165,0.010538
0,0.1875,3,-0.191963,-0.298202,0.097676,0.541425,0.468142,0.474415,0.512477,-0.002393,-0.002667,0.145057,0.997192,0.009781,-0.074227,0.001774
0,0.1875,3,-0.192713,-0.297971,0.0976,-0.517637,-0.511373,-0.503952,-0.465384,-0.002139,-0.00256,0.145796,-0.999807,-0.00547,0.002935,0.018645
0,0.1875,3,-0.192604,-0.297954,0.097977,0.476436,0.479293,0.547939,0.493001,-0.002105,-0.002939,0.145695,0.998494,0.003307,0.011906,0.05345
0,0.1875,3,-0.192811,-0.297988,0.0978,0.488447,0.484189,0.528684,0.497468,-0.002142,-0.002759,0.145899,0.999211,0.011169,-0.004063,0.037907
0,0.1875,3,-0.192709,-0.298046,0.097812,0.489465,0.491361,0.528421,0.489653,-0.002202,-0.002777,0.145799,0.999505,0.010398,0.002561,0.029598
0,0.1875,3,-0.192442,-0.298107,0.097709,0.523011,0.482634,0.500453,0.493022,-0.002278,-0.002683,0.145533,0.999366,0.004066,-0.034858,0.006047
0,0.1875,3,-0.192369,-0.298124,0.097499,0.54036,0.508068,0.477872,0.470655,-0.00231,-0.002477,0.145456,-0.998732,-0.007415,0.032192,0.03799
0,0.1875,3,-0.192731,-0.297828,0.097632,-0.485084,-0.529516,-0.533784,-0.446521,-0.001994,-0.002584,0.145809,-0.998836,-0.007213,-0.047108,0.007405
0,0.1875,3,-0.192747,-0.298219,0.097677,0.53626,0.487611,0.484487,0.48983,-0.002381,-0.002651,0.145841,-0.998851,-0.005839,0.04592,0.012382
0,0.1875,3,-0.192731,-0.297828,0.097632,-0.485084,-0.529516,-0.533784,-0.446521,-0.001994,-0.002584,0.145809,-0.998836,-0.007213,-0.047108,0.007405
0,0.1875,3,-0.192649,-0.297877,0.097776,-0.490302,-0.50935,-0.533642,-0.464104,-0.002038,-0.002732,0.145732,0.99961,0.003478,0.026045,0.009473
0,0.1875,3,-0.192825,-0.298022,0.097835,0.48719,0.485998,0.529949,0.495586,-0.002173,-0.002795,0.145915,0.999244,0.011151,-0.000974,0.037235
0,0.1875,3,-0.192817,-0.29785,0.097605,-0.486239,-0.540738,-0.530736,-0.435307,-0.002014,-0.002556,0.145896,-0.998186,-0.007992,-0.055849,0.021002
0,0.1875,3,-0.192893,-0.298002,0.097801,0.509163,0.483165,0.508944,0.498278,-0.002152,-0.002758,0.145981,0.999434,0.009991,-0.025741,0.019221
0,0.1875,3,-0.192919,-0.298094,0.097706,-0.506801,-0.508685,-0.510248,-0.473328,-0.002248,-0.002669,0.146009,-0.999931,-0.010668,-0.000644,0.00495
0,0.1875,3,-0.193267,-0.29815,0.09773,-0.513134,-0.497482,-0.503926,-0.485039,-0.00229,-0.002688,0.146359,0.999797,0.010819,-0.016992,0.000678
0,0.1875,3,-0.192542,-0.29779,0.097591,-0.495102,-0.535585,-0.522449,-0.441667,-0.001966,-0.002546,0.145618,-0.998834,-0.00812,-0.041427,0.02341
0,0.1875,3,-0.192374,-0.298045,0.097703,0.527636,0.481607,0.493913,0.495687,-0.002219,-0.002675,0.145462,0.999081,0.005685,-0.042405,0.002488
0,0.1875,3,-0.19291,-0.298029,0.097459,-0.527767,-0.532207,-0.491404,-0.443555,-0.002198,-0.002418,0.145992,-0.998633,-0.00564,-0.006151,0.051608
0,0.1875,3,-0.192858,-0.298149,0.097601,0.534829,0.510005,0.479296,0.473422,-0.002311,-0.002569,0.145948,-0.998918,-0.011932,0.029076,0.034266
0,0.1875,3,-0.1931,-0.297983,0.097755,0.497622,0.501389,0.520704,0.479425,-0.002128,-0.002707,0.146186,0.999877,0.009771,0.004243,0.011489
0,0.1875,3,-0.193046,-0.297964,0.097544,-0.509638,-0.532285,-0.509239,-0.444542,-0.002124,-0.002496,0.146127,-0.999116,-0.006868,-0.024174,0.033687
0,0.1875,3,-0.192731,-0.297828,0.097632,-0.485084,-0.529516,-0.533784,-0.446521,-0.001994,-0.002584,0.145809,-0.998836,-0.007213,-0.047108,0.007405
0,0.1875,3,-0.1931,-0.297983,0.097755,0.497622,0.501389,0.520704,0.479425,-0.002128,-0.002707,0.146186,0.999877,0.009771,0.004243,0.011489
0,0.1875,3,-0.192703,-0.297791,0.097698,-0.479537,-0.52202,-0.541297,-0.452258,-0.001955,-0.002649,0.145782,0.998843,0.005597,0.047412,0.005771
0,0.15,4,-0.190493,-0.297491,0.096197,0.521963,0.477808,0.499898,0.499355,-0.001799,0.001473,0.107345,0.999346,-0.002552,-0.034619,0.010085
0,0.15,4,-0.190773,-0.297356,0.09614,-0.515056,-0.496551,-0.511691,-0.475738,-0.001659,0.00154,0.107621,-0.999962,0.007291,0.00429,0.002288
0,0.15,4,-0.190873,-0.297042,0.096217,-0.485125,-0.521246,-0.537816,-0.451343,-0.001339,0.001477,0.107714,0.99882,-0.004722,0.048339,9.8e-05
0,0.15,4,-0.190866,-0.297269,0.09611,-0.50971,-0.51297,-0.515699,-0.459469,-0.001571,0.001576,0.107711,-0.999739,0.006508,-0.016491,0.014388
0,0.15,4,-0.190848,-0.297264,0.096123,-0.516674,-0.511287,-0.50977,-0.460183,-0.001565,0.001562,0.107692,-0.999743,0.007651,-0.008753,0.019468
0,0.15,4,-0.190621,-0.297319,0.096373,0.49229,0.486845,0.534236,0.485,-0.001617,0.001306,0.107472,0.999494,-0.006863,0.009526,0.029575
0,0.15,4,-0.190903,-0.297273,0.096216,-0.51121,-0.504173,-0.515809,-0.467349,-0.001569,0.00147,0.10775,-0.999919,0.007752,-0.007622,0.006546
0,0.15,4,-0.190547,-0.297341,0.096244,0.504635,0.489992,0.521379,0.483131,-0.001646,0.001432,0.107396,0.999873,-0.006255,-0.00088,0.014665
0,0.15,4,-0.190796,-0.297298,0.096197,-0.505606,-0.496841,-0.522343,-0.473993,-0.001598,0.001486,0.107643,0.999919,-0.008397,0.00697,0.006536
0,0.15,4,-0.190908,-0.297279,0.096226,-0.501447,-0.500721,-0.526869,-0.469296,-0.001575,0.00146,0.107755,0.999818,-0.008909,0.015608,0.006423
0,0.15,4,-0.191042,-0.297311,0.096254,-0.504492,-0.497841,-0.521301,-0.475275,-0.001602,0.001433,0.107891,0.999935,-0.006176,0.006846,0.006687
0,0.15,4,-0.190732,-0.297359,0.096347,0.496322,0.48225,0.526555,0.493801,-0.001655,0.001332,0.107584,0.999522,-0.003041,-0.003049,0.030619
0,0.15,4,-0.190596,-0.297049,0.096229,-0.485122,-0.525952,-0.536364,-0.4476,-0.001353,0.00146,0.107437,-0.998643,0.003549,-0.05173,0.004938
0,0.15,4,-0.190683,-0.297465,0.096134,0.524076,0.488264,0.500396,0.486361,-0.00177,0.00154,0.107533,-0.999697,0.005183,0.023932,0.002628
0,0.15,4,-0.190917,-0.297278,0.096178,-0.508683,-0.500632,-0.517481,-0.47204,-0.001576,0.001508,0.107763,-0.999961,0.006685,-0.005718,0.000304
0,0.15,4,-0.190902,-0.297117,0.096314,0.481757,0.51015,0.543977,0.460159,-0.00141,0.001379,0.107746,0.998918,-0.00711,0.043465,0.014952
0,0.15,4,-0.190779,-0.297292,0.096188,-0.515077,-0.499865,-0.511532,-0.472404,-0.001593,0.001494,0.107626,-0.999956,0.007246,0.001124,0.005768
0,0.15,4,-0.190856,-0.297387,0.09616,0.520858,0.493517,0.505274,0.479423,-0.001687,0.001521,0.107705,-0.99987,0.006784,0.013817,0.004857
0,0.15,4,-0.190732,-0.297233,0.096482,0.475295,0.485913,0.547463,0.488126,-0.001524,0.001203,0.107583,0.998653,-0.00355,0.022928,0.046401
0,0.15,4,-0.190376,-0.297465,0.096098,0.530945,0.493144,0.490788,0.48377,-0.00178,0.00157,0.107226,-0.999478,0.002874,0.028695,0.014543
0,0.15,4,-0.190602,-0.297386,0.096106,0.522085,0.491043,0.504058,0.481902,-0.001695,0.001569,0.10745,-0.999818,0.006806,0.017489,0.003527
0,0.15,4,-0.190777,-0.297408,0.096309,0.5023,0.488829,0.522684,0.485327,-0.001704,0.001369,0.107629,0.999822,-0.005176,-0.000679,0.018147
0,0.15,4,-0.190782,-0.29724,0.096253,0.494943,0.49805,0.531829,0.473431,-0.001538,0.001432,0.107629,0.99969,-0.007265,0.018105,0.015489
0,0.15,4,-0.19068,-0.297263,0.096167,-0.507813,-0.505087,-0.514922,-0.471029,-0.001567,0.001515,0.107526,-0.999959,0.003278,-0.007502,0.003962
0,0.15,4,-0.190539,-0.297391,0.096246,-0.509257,-0.493893,-0.510094,-0.486345,-0.001696,0.001428,0.10739,0.999941,0.000455,-0.008722,0.006436
0,0.15,4,-0.190728,-0.297448,0.096247,0.510787,0.482223,0.514199,0.492094,-0.001747,0.001429,0.10758,0.999721,-0.005264,-0.015885,0.016651
0,0.15,4,-0.191019,-0.29724,0.09621,-0.501161,-0.507225,-0.525223,-0.464437,-0.001534,0.00148,0.107865,0.999765,-0.007159,0.020465,-6.1e-05
0,0.15,4,-0.190732,-0.297359,0.096347,0.496322,0.48225,0.526555,0.493801,-0.001655,0.001332,0.107584,0.999522,-0.003041,-0.003049,0.030619
0,0.15,4,-0.190856,-0.297387,0.09616,0.520858,0.493517,0.505274,0.479423,-0.001687,0.001521,0.107705,-0.99987,0.006784,0.013817,0.004857
0,0.15,4,-0.190727,-0.297428,0.096189,0.517071,0.486828,0.506605,0.488864,-0.00173,0.001488,0.107578,0.999791,-0.004092,-0.019136,0.005842
0,0.15,4,-0.190509,-0.297247,0.096019,-0.521871,-0.521223,-0.499309,-0.454607,-0.001562,0.00166,0.107352,-0.999344,0.003054,-0.008328,0.035113
0,0.15,4,-0.190614,-0.29732,0.096354,0.493023,0.48368,0.527087,0.495137,-0.001619,0.001325,0.107464,0.999474,-0.000232,-0.001076,0.032411
0,0.15,4,-0.190627,-0.297269,0.09613,-0.516959,-0.508103,-0.508604,-0.464658,-0.001576,0.00155,0.107472,-0.999837,0.006565,-0.004249,0.016286
0,0.15,4,-0.190675,-0.297489,0.096205,0.530038,0.476761,0.494759,0.496963,-0.001791,0.001468,0.107527,0.999151,-0.005895,-0.040664,0.002965
0,0.15,4,-0.190557,-0.297468,0.096034,0.534118,0.483674,0.490961,0.489628,-0.00178,0.001637,0.107406,-0.999236,0.006362,0.037697,0.008153
0,0.15,4,-0.190606,-0.297479,0.096032,0.540209,0.487845,0.483764,0.485956,-0.00179,0.00164,0.107455,-0.998983,0.005729,0.040634,0.018674
0,0.15,4,-0.190633,-0.297263,0.096336,0.488812,0.493863,0.536392,0.479005,-0.001562,0.001345,0.107482,0.999478,-0.005652,0.018763,0.025684
0,0.15,4,-0.190856,-0.297387,0.09616,0.520858,0.493517,0.505274,0.479423,-0.001687,0.001521,0.107705,-0.99987,0.006784,0.013817,0.004857
0,0.15,4,-0.190686,-0.297349,0.096372,0.491777,0.478205,0.533203,0.495146,-0.001645,0.001307,0.107538,0.99923,-0.005312,4.4e-05,0.038878
0,0.15,4,-0.190802,-0.297299,0.096197,-0.504542,-0.497818,-0.521238,-0.475316,-0.001599,0.001486,0.107649,0.999936,-0.006161,0.006758,0.006664
0,0.15,4,-0.190753,-0.29745,0.09611,0.530345,0.490629,0.494291,0.483419,-0.001754,0.001566,0.107603,-0.999537,0.005707,0.027635,0.011392
0,0.15,4,-0.190457,-0.297516,0.096116,0.531089,0.486656,0.490218,0.490712,-0.001828,0.001552,0.107308,-0.999329,0.002419,0.035641,0.008051
0,0.15,4,-0.190917,-0.297278,0.096178,-0.508683,-0.500632,-0.517481,-0.47204,-0.001576,0.001508,0.107763,-0.999961,0.006685,-0.005718,0.000304
0,0.15,4,-0.190486,-0.297391,0.096245,0.509533,0.484598,0.50885,0.496602,-0.001697,0.001428,0.107336,0.999694,0.001436,-0.019084,0.015647
0,0.15,4,-0.190661,-0.297452,0.096082,0.535663,0.48546,0.487583,0.489547,-0.00176,0.001592,0.10751,-0.99915,0.004653,0.039309,0.01154
0,0.15,4,-0.190727,-0.297428,0.096189,0.517071,0.486828,0.506605,0.488864,-0.00173,0.001488,0.107578,0.999791,-0.004092,-0.019136,0.005842
0,0.15,4,-0.190874,-0.297159,0.096233,-0.499008,-0.511434,-0.527603,-0.459414,-0.001456,0.001457,0.107718,-0.999595,0.00765,-0.027308,0.002543
0,0.15,4,-0.190805,-0.297412,0.096164,0.525587,0.486939,0.502706,0.483669,-0.001713,0.001514,0.107654,-0.999694,0.009096,0.022817,0.002884
0,0.15,4,-0.19077,-0.297295,0.096086,-0.50936,-0.51176,-0.507055,-0.47069,-0.001601,0.001596,0.107615,-0.999902,-0.002929,-0.006076,0.012231
0,0.15,4,-0.190879,-0.297286,0.096342,0.488525,0.49258,0.533533,0.483788,-0.001578,0.001343,0.107728,0.999515,-0.002345,0.014446,0.027475
0,0.15,5,-0.190177,-0.297707,0.094971,-0.501646,-0.510569,-0.517592,-0.468796,-0.002373,0.000787,0.108697,-0.999805,-0.004675,-0.016966,0.009005
0,0.15,5,-0.190282,-0.297686,0.094956,-0.505365,-0.512874,-0.514218,-0.46599,-0.002351,0.000804,0.108802,-0.999752,-0.004174,-0.015828,0.015077
0,0.15,5,-0.190385,-0.297615,0.095136,0.489018,0.506066,0.538839,0.463046,-0.002269,0.000629,0.108905,0.999354,-0.004511,0.034974,0.006976
0,0.15,5,-0.190128,-0.297775,0.094964,-0.514581,-0.50934,-0.504483,-0.4704,-0.002443,0.000791,0.10865,-0.999781,-0.004753,-0.002245,0.020254
0,0.15,5,-0.19031,-0.297753,0.0951,0.505539,0.491225,0.524869,0.477117,-0.00241,0.000657,0.108833,0.999942,-0.006288,0.005261,0.006942
0,0.15,5,-0.189811,-0.297677,0.095119,0.490022,0.499995,0.534501,0.473489,-0.002345,0.000637,0.108332,0.999626,-0.000629,0.024163,0.012787
0,0.15,5,-0.18994,-0.29765,0.095026,-0.507643,-0.505941,-0.519338,-0.465413,-0.00232,0.000733,0.10846,-0.99984,0.003233,-0.014218,0.010349
0,0.15,5,-0.190069,-0.297801,0.095159,0.500631,0.494082,0.522116,0.482334,-0.002461,0.000593,0.108593,0.999944,0.001607,0.005177,0.00911
0,0.15,5,-0.189996,-0.297885,0.094952,0.531595,0.485246,0.497634,0.484049,-0.002556,0.000796,0.108521,-0.999506,0.005606,0.028329,0.012437
0,0.15,5,-0.190296,-0.297749,0.094995,-0.512874,-0.50102,-0.514862,-0.469953,-0.002411,0.000762,0.108818,-0.99993,0.003839,-0.004635,0.010228
0,0.15,5,-0.19007,-0.297739,0.095115,0.498566,0.493091,0.524203,0.483223,-0.002401,0.000641,0.108592,0.999905,0.001584,0.006387,0.012097
0,0.15,5,-0.189864,-0.297702,0.094848,-0.523396,-0.520806,-0.501438,-0.450974,-0.002382,0.000907,0.108384,-0.99906,0.002343,-0.011273,0.041781
0,0.15,5,-0.190123,-0.297872,0.094899,0.5279,0.507166,0.491217,0.472028,-0.002543,0.00085,0.108646,-0.999415,-0.004248,0.01322,0.031264
0,0.15,5,-0.190275,-0.297805,0.095155,0.50412,0.482672,0.525424,0.486642,-0.00246,0.000599,0.108799,0.999836,-0.005288,-0.002546,0.017152
0,0.15,5,-0.190033,-0.297678,0.095004,-0.510242,-0.510569,-0.515864,-0.461365,-0.002347,0.000754,0.108553,-0.999721,0.002589,-0.015336,0.017762
0,0.15,5,-0.190196,-0.297654,0.095079,0.497175,0.498156,0.530222,0.472782,-0.002315,0.000682,0.108716,0.999806,-0.003422,0.017767,0.007826
0,0.15,5,-0.190267,-0.297847,0.095096,0.512574,0.484321,0.517957,0.484172,-0.002505,0.000656,0.108791,0.999916,-0.006332,-0.008689,0.007292
0,0.15,5,-0.190193,-0.297722,0.095088,0.494425,0.496858,0.527638,0.479869,-0.002382,0.00067,0.108715,0.99983,0.002175,0.013738,0.012137
0,0.15,5,-0.190158,-0.29784,0.095117,0.511562,0.487717,0.516169,0.483742,-0.002499,0.000634,0.108683,0.999956,-0.003468,-0.007235,0.004922
0,0.15,5,-0.190119,-0.297707,0.094968,-0.502621,-0.519686,-0.516993,-0.458276,-0.002375,0.000789,0.10864,-0.999465,-0.003688,-0.025742,0.019821
0,0.15,5,-0.189952,-0.297871,0.095102,0.512918,0.481823,0.507677,0.497017,-0.002536,0.000646,0.108478,0.99971,0.003781,-0.021656,0.009854
0,0.15,5,-0.189983,-0.29774,0.095256,0.485637,0.485296,0.541389,0.485327,-0.002397,0.000499,0.108506,0.999341,-0.003128,0.017015,0.031903
0,0.15,5,-0.190196,-0.297714,0.095132,0.496135,0.499233,0.529072,0.474025,-0.002372,0.000626,0.108717,0.999813,-0.001166,0.017619,0.007831
0,0.15,5,-0.190069,-0.297744,0.095096,0.505974,0.492137,0.523309,0.477429,-0.002407,0.000659,0.108591,0.999961,-0.005131,0.004525,0.005649
0,0.15,5,-0.190088,-0.297816,0.094969,0.521745,0.500317,0.498615,0.478381,-0.002485,0.000783,0.108611,-0.999753,-0.003545,0.012715,0.017884
0,0.15,5,-0.190069,-0.297641,0.09511,0.491517,0.502622,0.528653,0.475719,-0.002304,0.00065,0.108589,0.999741,0.00392,0.020574,0.008951
0,0.15,5,-0.190007,-0.297619,0.095126,-0.488872,-0.509077,-0.538245,-0.460584,-0.002282,0.000635,0.108527,0.999285,-0.003892,0.03741,0.003947
0,0.15,5,-0.189936,-0.297904,0.09505,0.520682,0.481493,0.505235,0.491724,-0.002572,0.000696,0.108461,0.999697,-0.001792,-0.024438,0.0024
0,0.15,5,-0.189958,-0.297654,0.095084,0.496407,0.497154,0.527816,0.477314,-0.00232,0.000675,0.108478,0.999851,-5.9e-05,0.014215,0.009823
0,0.15,5,-0.190278,-0.297784,0.095005,-0.51396,-0.505306,-0.508093,-0.471542,-0.002446,0.000751,0.108801,-0.999876,-0.001868,-0.001901,0.015506
0,0.15,5,-0.190107,-0.297831,0.095183,0.505409,0.48122,0.515892,0.496835,-0.002488,0.000568,0.108633,0.999742,0.003164,-0.013805,0.017743
0,0.15,5,-0.190312,-0.297812,0.095154,0.504426,0.492268,0.523793,0.478401,-0.002467,0.0006,0.108836,0.999954,-0.004028,0.005151,0.007058
0,0.15,5,-0.190438,-0.297734,0.095139,0.498543,0.494741,0.5301,0.475059,-0.002386,0.00062,0.10896,0.999838,-0.004603,0.014234,0.010028
0,0.15,5,-0.189993,-0.297797,0.094997,-0.518465,-0.50358,-0.501333,-0.475674,-0.002466,0.000755,0.108515,-0.999806,-0.00413,0.006736,0.018024
0,0.15,5,-0.189999,-0.297628,0.095165,0.481752,0.493023,0.541722,0.48102,-0.00229,0.000595,0.108519,0.999301,0.000346,0.025027,0.027756
0,0.15,5,-0.190154,-0.29778,0.095228,0.490774,0.489789,0.535766,0.481873,-0.002434,0.000527,0.108678,0.999624,-0.002474,0.015371,0.02258
0,0.15,5,-0.190297,-0.297696,0.095164,0.492769,0.491948,0.534274,0.479288,-0.002351,0.000595,0.108819,0.999699,-0.002983,0.0159,0.018456
0,0.15,5,-0.190303,-0.297747,0.095054,-0.507564,-0.505356,-0.512456,-0.473691,-0.002406,0.000703,0.108825,-0.999929,-0.004079,-0.006377,0.009209
0,0.15,5,-0.190154,-0.297719,0.095207,0.491975,0.487718,0.529227,0.48991,-0.002374,0.000551,0.108677,0.999688,0.003158,0.006452,0.023919
0,0.15,5,-0.190154,-0.297719,0.095207,0.491975,0.487718,0.529227,0.48991,-0.002374,0.000551,0.108677,0.999688,0.003158,0.006452,0.023919
0,0.15,5,-0.19012,-0.297802,0.094928,-0.51685,-0.508806,-0.504355,-0.468624,-0.002472,0.000824,0.108642,-0.999753,-0.002502,-0.001633,0.022032
0,0.15,5,-0.190068,-0.297583,0.095121,0.490324,0.500943,0.530966,0.476144,-0.002245,0.000642,0.108587,0.999699,0.002767,0.02135,0.011751
0,0.15,5,-0.189966,-0.297719,0.094919,-0.524183,-0.50589,-0.503978,-0.464018,-0.002393,0.000836,0.108486,-0.999634,0.004809,0.001456,0.026574
0,0.15,5,-0.190047,-0.297661,0.095154,0.490851,0.497179,0.537001,0.472767,-0.002322,0.000605,0.108567,0.999595,-0.004042,0.024015,0.014713
0,0.15,5,-0.190157,-0.297809,0.09507,-0.51181,-0.494748,-0.509124,-0.483805,-0.002471,0.000683,0.108681,-0.999963,-0.003394,0.007605,0.002282
0,0.15,5,-0.189842,-0.297904,0.095028,0.525359,0.474772,0.500381,0.498205,-0.002575,0.000718,0.108367,0.999349,-0.001858,-0.035753,0.004514
0,0.15,5,-0.190249,-0.297634,0.095213,0.483109,0.494817,0.542482,0.476943,-0.002288,0.00055,0.10877,0.999318,-0.001882,0.027594,0.024483
0,0.15,5,-0.190228,-0.297862,0.095057,0.51607,0.494552,0.501953,0.486964,-0.002523,0.000694,0.108753,-0.999847,-0.006251,0.015108,0.006171
0,0.15,5,-0.19031,-0.297753,0.0951,0.505539,0.491225,0.524869,0.477117,-0.00241,0.000657,0.108833,0.999942,-0.006288,0.005261,0.006942
0,0.15,5,-0.190114,-0.297883,0.095058,0.520462,0.488808,0.508095,0.481689,-0.002547,0.000691,0.108639,-0.999874,0.004511,0.01439,0.004953
1,0.2625,6,-0.206349,-0.519174,0.101683,0.527901,0.505399,0.477034,0.488191,-0.020883,-0.02675,0.23917,-0.999292,0.003825,0.016411,0.033636
1,0.2625,6,-0.206349,-0.519174,0.101683,0.527901,0.505399,0.477034,0.488191,-0.020883,-0.02675,0.23917,-0.999292,0.003825,0.016411,0.033636
1,0.2625,6,-0.205765,-0.519064,0.101594,0.515195,0.489607,0.491395,0.503378,-0.020773,-0.026662,0.238585,-0.999809,0.004969,0.018314,0.004609
1,0.2625,6,-0.206519,-0.519194,0.101665,0.521975,0.493375,0.485124,0.498777,-0.020904,-0.026732,0.23934,-0.999653,0.005636,0.020674,0.015316
1,0.2625,6,-0.206519,-0.519194,0.101665,0.521975,0.493375,0.485124,0.498777,-0.020904,-0.026732,0.23934,-0.999653,0.005636,0.020674,0.015316
1,0.2625,6,-0.20434,-0.519005,0.101468,0.50257,0.476,0.503569,0.516978,-0.020713,-0.026536,0.237161,0.99957,-0.00476,-0.01947,0.021396
1,0.2625,6,-0.205406,-0.519148,0.101614,0.511421,0.494112,0.494422,0.499849,-0.020857,-0.026682,0.238226,-0.999918,0.004104,0.010897,0.005239
1,0.2625,6,-0.204564,-0.519014,0.101532,0.506372,0.489674,0.498627,0.505151,-0.020721,-0.0266,0.237385,0.999924,-0.003255,-0.011123,0.004259
1,0.2625,6,-0.2053,-0.519149,0.101563,0.507686,0.48118,0.499506,0.511092,-0.020857,-0.02663,0.23812,0.999749,-0.005634,-0.018544,0.011272
1,0.2625,6,-0.205406,-0.519148,0.101614,0.511421,0.494112,0.494422,0.499849,-0.020857,-0.026682,0.238226,-0.999918,0.004104,0.010897,0.005239
1,0.2625,6,-0.205406,-0.519148,0.101614,0.511421,0.494112,0.494422,0.499849,-0.020857,-0.026682,0.238226,-0.999918,0.004104,0.010897,0.005239
1,0.2625,6,-0.205406,-0.519148,0.101614,0.511421,0.494112,0.494422,0.499849,-0.020857,-0.026682,0.238226,-0.999918,0.004104,0.010897,0.005239
1,0.2625,6,-0.2053,-0.519149,0.101563,0.507686,0.48118,0.499506,0.511092,-0.020857,-0.02663,0.23812,0.999749,-0.005634,-0.018544,0.011272
1,0.2625,6,-0.205406,-0.519148,0.101614,0.511421,0.494112,0.494422,0.499849,-0.020857,-0.026682,0.238226,-0.999918,0.004104,0.010897,0.005239
1,0.2625,6,-0.2053,-0.519149,0.101563,0.507686,0.48118,0.499506,0.511092,-0.020857,-0.02663,0.23812,0.999749,-0.005634,-0.018544,0.011272
1,0.2625,6,-0.205406,-0.519148,0.101614,0.511421,0.494112,0.494422,0.499849,-0.020857,-0.026682,0.238226,-0.999918,0.004104,0.010897,0.005239
1,0.2625,6,-0.205406,-0.519148,0.101614,0.511421,0.494112,0.494422,0.499849,-0.020857,-0.026682,0.238226,-0.999918,0.004104,0.010897,0.005239
1,0.2625,6,-0.205406,-0.519148,0.101614,0.511421,0.494112,0.494422,0.499849,-0.020857,-0.026682,0.238226,-0.999918,0.004104,0.010897,0.005239
1,0.2625,6,-0.2053,-0.519149,0.101563,0.507686,0.48118,0.499506,0.511092,-0.020857,-0.02663,0.23812,0.999749,-0.005634,-0.018544,0.011272
1,0.2625,6,-0.205406,-0.519148,0.101614,0.511421,0.494112,0.494422,0.499849,-0.020857,-0.026682,0.238226,-0.999918,0.004104,0.010897,0.005239
1,0.2625,6,-0.2053,-0.519149,0.101563,0.507686,0.48118,0.499506,0.511092,-0.020857,-0.02663,0.23812,0.999749,-0.005634,-0.018544,0.011272
1,0.2625,6,-0.2053,-0.519149,0.101563,0.507686,0.48118,0.499506,0.511092,-0.020857,-0.02663,0.23812,0.999749,-0.005634,-0.018544,0.011272
1,0.2625,6,-0.2053,-0.519149,0.101563,0.507686,0.48118,0.499506,0.511092,-0.020857,-0.02663,0.23812,0.999749,-0.005634,-0.018544,0.011272
1,0.2625,6,-0.2053,-0.519149,0.101563,0.507686,0.48118,0.499506,0.511092,-0.020857,-0.02663,0.23812,0.999749,-0.005634,-0.018544,0.011272
1,0.2625,6,-0.2053,-0.519149,0.101563,0.507686,0.48118,0.499506,0.511092,-0.020857,-0.02663,0.23812,0.999749,-0.005634,-0.018544,0.011272
1,0.2625,6,-0.205406,-0.519148,0.101614,0.511421,0.494112,0.494422,0.499849,-0.020857,-0.026682,0.238226,-0.999918,0.004104,0.010897,0.005239
1,0.2625,6,-0.2053,-0.519149,0.101563,0.507686,0.48118,0.499506,0.511092,-0.020857,-0.02663,0.23812,0.999749,-0.005634,-0.018544,0.011272
1,0.2625,6,-0.205406,-0.519148,0.101614,0.511421,0.494112,0.494422,0.499849,-0.020857,-0.026682,0.238226,-0.999918,0.004104,0.010897,0.005239
1,0.2625,6,-0.205406,-0.519148,0.101614,0.511421,0.494112,0.494422,0.499849,-0.020857,-0.026682,0.238226,-0.999918,0.004104,0.010897,0.005239
1,0.2625,6,-0.205406,-0.519148,0.101614,0.511421,0.494112,0.494422,0.499849,-0.020857,-0.026682,0.238226,-0.999918,0.004104,0.010897,0.005239
1,0.2625,6,-0.2053,-0.519149,0.101563,0.507686,0.48118,0.499506,0.511092,-0.020857,-0.02663,0.23812,0.999749,-0.005634,-0.018544,0.011272
1,0.2625,6,-0.205406,-0.519148,0.101614,0.511421,0.494112,0.494422,0.499849,-0.020857,-0.026682,0.238226,-0.999918,0.004104,0.010897,0.005239
1,0.2625,6,-0.205406,-0.519148,0.101614,0.511421,0.494112,0.494422,0.499849,-0.020857,-0.026682,0.238226,-0.999918,0.004104,0.010897,0.005239
1,0.2625,6,-0.2053,-0.519149,0.101563,0.507686,0.48118,0.499506,0.511092,-0.020857,-0.02663,0.23812,0.999749,-0.005634,-0.018544,0.011272
1,0.2625,6,-0.2053,-0.519149,0.101563,0.507686,0.48118,0.499506,0.511092,-0.020857,-0.02663,0.23812,0.999749,-0.005634,-0.018544,0.011272
1,0.2625,6,-0.205406,-0.519148,0.101614,0.511421,0.494112,0.494422,0.499849,-0.020857,-0.026682,0.238226,-0.999918,0.004104,0.010897,0.005239
1,0.2625,6,-0.2053,-0.519149,0.101563,0.507686,0.48118,0.499506,0.511092,-0.020857,-0.02663,0.23812,0.999749,-0.005634,-0.018544,0.011272
1,0.2625,6,-0.204564,-0.519014,0.101532,0.506372,0.489674,0.498627,0.505151,-0.020721,-0.0266,0.237385,0.999924,-0.003255,-0.011123,0.004259
1,0.2625,6,-0.2053,-0.519149,0.101563,0.507686,0.48118,0.499506,0.511092,-0.020857,-0.02663,0.23812,0.999749,-0.005634,-0.018544,0.011272
1,0.2625,6,-0.205406,-0.519148,0.101614,0.511421,0.494112,0.494422,0.499849,-0.020857,-0.026682,0.238226,-0.999918,0.004104,0.010897,0.005239
1,0.2625,6,-0.2053,-0.519149,0.101563,0.507686,0.48118,0.499506,0.511092,-0.020857,-0.02663,0.23812,0.999749,-0.005634,-0.018544,0.011272
1,0.2625,6,-0.2053,-0.519149,0.101563,0.507686,0.48118,0.499506,0.511092,-0.020857,-0.02663,0.23812,0.999749,-0.005634,-0.018544,0.011272
1,0.2625,6,-0.2053,-0.519149,0.101563,0.507686,0.48118,0.499506,0.511092,-0.020857,-0.02663,0.23812,0.999749,-0.005634,-0.018544,0.011272
1,0.2625,6,-0.2053,-0.519149,0.101563,0.507686,0.48118,0.499506,0.511092,-0.020857,-0.02663,0.23812,0.999749,-0.005634,-0.018544,0.011272
1,0.2625,6,-0.205406,-0.519148,0.101614,0.511421,0.494112,0.494422,0.499849,-0.020857,-0.026682,0.238226,-0.999918,0.004104,0.010897,0.005239
1,0.2625,6,-0.205406,-0.519148,0.101614,0.511421,0.494112,0.494422,0.499849,-0.020857,-0.026682,0.238226,-0.999918,0.004104,0.010897,0.005239
1,0.2625,6,-0.2053,-0.519149,0.101563,0.507686,0.48118,0.499506,0.511092,-0.020857,-0.02663,0.23812,0.999749,-0.005634,-0.018544,0.011272
1,0.225,7,-0.202736,-0.526827,0.095907,0.506298,0.488149,0.487889,0.517047,-0.009214,0.004875,0.182127,0.999887,0.012194,-0.008405,0.002766
1,0.225,7,-0.202876,-0.526854,0.09597,0.506074,0.476458,0.485001,0.530708,-0.009244,0.004811,0.182265,0.999543,0.014596,-0.022336,0.014243
1,0.225,7,-0.202041,-0.526551,0.095903,-0.4625,-0.546135,-0.525487,-0.460102,-0.008917,0.004887,0.18144,-0.995746,-0.015784,-0.089603,0.014595
1,0.225,7,-0.202473,-0.526564,0.095847,-0.461958,-0.543394,-0.52537,-0.464008,-0.008944,0.00494,0.181872,-0.99605,-0.016652,-0.086523,0.011025
1,0.225,7,-0.202668,-0.526684,0.095944,0.509963,0.493547,0.482227,0.513622,-0.009069,0.004841,0.182063,-0.99984,-0.014317,0.008712,0.006276
1,0.225,7,-0.202741,-0.526829,0.096097,0.506292,0.488172,0.48789,0.51703,-0.009214,0.004685,0.182131,0.999887,0.012199,-0.008381,0.00275
1,0.225,7,-0.202247,-0.526523,0.095945,-0.467604,-0.540776,-0.523037,-0.464049,-0.008894,0.004844,0.181647,-0.99651,-0.013765,-0.081184,0.013695
1,0.225,7,-0.202648,-0.526533,0.095892,-0.465947,-0.538404,-0.523905,-0.46748,-0.008917,0.004895,0.182048,-0.996676,-0.014631,-0.079577,0.009507
1,0.225,7,-0.202144,-0.526692,0.096005,0.515164,0.516833,0.477187,0.489676,-0.009059,0.004783,0.181539,-0.999234,-0.014291,-0.009583,0.035138
1,0.225,7,-0.202611,-0.526492,0.096141,0.453481,0.490026,0.540461,0.511988,-0.008872,0.004646,0.182011,0.997463,0.009813,0.04805,0.051592
1,0.225,7,-0.202027,-0.526566,0.095957,-0.481934,-0.524938,-0.512606,-0.478972,-0.00893,0.004832,0.181426,-0.998449,-0.011398,-0.053463,0.01055
1,0.225,7,-0.203372,-0.526591,0.095913,-0.480164,-0.527127,-0.510441,-0.480656,-0.008997,0.004868,0.18277,-0.998389,-0.015309,-0.053526,0.010941
1,0.225,7,-0.202611,-0.526492,0.096141,0.453481,0.490026,0.540461,0.511988,-0.008872,0.004646,0.182011,0.997463,0.009813,0.04805,0.051592
1,0.225,7,-0.202917,-0.52656,0.096008,0.479461,0.509253,0.513966,0.496606,-0.008951,0.004776,0.182316,0.999131,0.012689,0.038858,0.008145
1,0.225,7,-0.202611,-0.526492,0.096141,0.453481,0.490026,0.540461,0.511988,-0.008872,0.004646,0.182011,0.997463,0.009813,0.04805,0.051592
1,0.225,7,-0.201936,-0.526552,0.096337,0.433872,0.458325,0.554459,0.542465,-0.008908,0.004454,0.181333,0.994379,0.011293,0.034042,0.099616
1,0.225,7,-0.202302,-0.526531,0.096145,0.454608,0.491954,0.540359,0.509239,-0.008902,0.004643,0.181701,0.997538,0.00893,0.049753,0.048613
1,0.225,7,-0.203422,-0.526669,0.095996,0.50633,0.508254,0.48558,0.499519,-0.009075,0.004785,0.182817,-0.999698,-0.014877,-0.009114,0.017299
1,0.225,7,-0.202504,-0.526471,0.095943,-0.463721,-0.541564,-0.52745,-0.462025,-0.00885,0.004845,0.181906,-0.996087,-0.012822,-0.086749,0.011003
1,0.225,7,-0.202984,-0.526701,0.096084,0.51095,0.487686,0.482157,0.518283,-0.009093,0.004698,0.182377,-0.999807,-0.013201,0.014474,0.001521
1,0.225,7,-0.202302,-0.526531,0.096145,0.454608,0.491954,0.540359,0.509239,-0.008902,0.004643,0.181701,0.997538,0.00893,0.049753,0.048613
1,0.225,7,-0.202439,-0.526552,0.095927,-0.480226,-0.536408,-0.513279,-0.467112,-0.008929,0.004861,0.181838,-0.997511,-0.01184,-0.066236,0.021102
1,0.225,7,-0.202597,-0.526668,0.095951,-0.504125,-0.523611,-0.488961,-0.482293,-0.00905,0.004834,0.181993,-0.999035,-0.013506,-0.028096,0.030947
1,0.225,7,-0.203083,-0.526595,0.095969,-0.483589,-0.524364,-0.508272,-0.482538,-0.008991,0.004814,0.18248,-0.998661,-0.014262,-0.048403,0.011398
1,0.225,7,-0.202984,-0.526701,0.096084,0.51095,0.487686,0.482157,0.518283,-0.009093,0.004698,0.182377,-0.999807,-0.013201,0.014474,0.001521
1,0.225,7,-0.202701,-0.526537,0.096234,0.465988,0.477355,0.528807,0.524738,-0.008918,0.004552,0.182099,0.998311,0.009486,0.023273,0.05238
1,0.225,7,-0.203422,-0.526669,0.095996,0.50633,0.508254,0.48558,0.499519,-0.009075,0.004785,0.182817,-0.999698,-0.014877,-0.009114,0.017299
1,0.225,7,-0.203422,-0.526669,0.095996,0.50633,0.508254,0.48558,0.499519,-0.009075,0.004785,0.182817,-0.999698,-0.014877,-0.009114,0.017299
1,0.225,7,-0.202081,-0.526674,0.096063,0.523001,0.504448,0.471475,0.499713,-0.009039,0.004725,0.181476,-0.999424,-0.012035,0.008378,0.030615
1,0.225,7,-0.202504,-0.526471,0.095943,-0.463721,-0.541564,-0.52745,-0.462025,-0.00885,0.004845,0.181906,-0.996087,-0.012822,-0.086749,0.011003
1,0.225,7,-0.20218,-0.526599,0.096099,0.517183,0.514934,0.478992,0.487782,-0.008966,0.004689,0.181577,-0.999277,-0.010485,-0.009462,0.035299
1,0.225,7,-0.202374,-0.526683,0.096019,-0.506282,-0.513624,-0.488321,-0.491336,-0.009057,0.004767,0.181769,-0.999518,-0.012183,-0.017239,0.022778
1,0.225,7,-0.202984,-0.526701,0.096084,0.51095,0.487686,0.482157,0.518283,-0.009093,0.004698,0.182377,-0.999807,-0.013201,0.014474,0.001521
1,0.225,7,-0.202547,-0.526662,0.096239,0.49074,0.480479,0.50807,0.519787,-0.009039,0.004546,0.181941,0.999636,0.007032,0.004397,0.02568
1,0.225,7,-0.202355,-0.526795,0.09618,0.51973,0.460042,0.474248,0.5416,-0.009166,0.004604,0.181746,0.998658,0.010423,-0.048213,0.015805
1,0.225,7,-0.203386,-0.526533,0.096096,0.463955,0.519289,0.524498,0.489885,-0.008937,0.004686,0.182785,0.997961,0.016699,0.060282,0.012706
1,0.225,7,-0.202191,-0.526824,0.096151,0.525561,0.474696,0.469772,0.527032,-0.00919,0.004634,0.181581,-0.999185,-0.010067,0.03888,0.004032
1,0.225,7,-0.203178,-0.526637,0.096063,-0.493898,-0.513433,-0.496925,-0.495496,-0.009035,0.004719,0.182574,-0.999494,-0.015843,-0.025653,0.010107
1,0.225,7,-0.202701,-0.526537,0.096234,0.465988,0.477355,0.528807,0.524738,-0.008918,0.004552,0.182099,0.998311,0.009486,0.023273,0.05238
1,0.225,7,-0.202984,-0.526701,0.096084,0.51095,0.487686,0.482157,0.518283,-0.009093,0.004698,0.182377,-0.999807,-0.013201,0.014474,0.001521
1,0.225,7,-0.202701,-0.526537,0.096234,0.465988,0.477355,0.528807,0.524738,-0.008918,0.004552,0.182099,0.998311,0.009486,0.023273,0.05238
1,0.225,7,-0.203295,-0.526605,0.096132,0.492966,0.500345,0.502018,0.504597,-0.009006,0.00465,0.182691,0.999769,0.011577,0.017657,0.00399
1,0.225,7,-0.202323,-0.526491,0.096285,0.455979,0.491671,0.537289,0.511531,-0.008861,0.004504,0.181722,0.99773,0.010809,0.046247,0.047731
1,0.225,7,-0.202886,-0.526666,0.096162,0.506228,0.476612,0.484829,0.53058,-0.009054,0.004621,0.18228,0.999546,0.014622,-0.02236,0.013939
1,0.225,7,-0.202449,-0.526726,0.096053,0.521235,0.505065,0.472313,0.500143,-0.009102,0.004732,0.181842,-0.999459,-0.013001,0.006971,0.029401
1,0.225,7,-0.202673,-0.526687,0.096133,0.510084,0.49366,0.482097,0.513514,-0.009069,0.004651,0.182067,-0.999838,-0.014327,0.008729,0.006511
1,0.225,7,-0.202774,-0.526538,0.096143,0.461735,0.505469,0.528994,0.501465,-0.008923,0.004642,0.182173,0.99818,0.014223,0.051043,0.02879
1,0.225,7,-0.202701,-0.526537,0.096234,0.465988,0.477355,0.528807,0.524738,-0.008918,0.004552,0.182099,0.998311,0.009486,0.023273,0.05238
1,0.1875,8,-0.201566,-0.524928,0.09592,0.47979,0.494997,0.514645,0.509824,0.001581,0.000609,0.149273,0.999833,7.8e-05,0.01619,0.008469
1,0.1875,8,-0.201174,-0.525015,0.095692,0.521938,0.513559,0.477872,0.485259,0.001501,0.000851,0.148887,-0.998599,0.004934,0.001506,0.052661
1,0.1875,8,-0.201484,-0.525224,0.095751,0.529454,0.472013,0.470774,0.524646,0.001288,0.000783,0.149192,-0.998565,0.005639,0.049457,0.01973
1,0.1875,8,-0.201301,-0.524931,0.095712,0.525281,0.516101,0.476676,0.480105,0.001583,0.000825,0.149015,-0.998244,0.0073,-6.1e-05,0.058781
1,0.1875,8,-0.201467,-0.52496,0.095909,-0.49441,-0.506327,-0.508254,-0.490786,0.001551,0.000624,0.149174,-0.999603,0.007807,-0.020862,0.017247
1,0.1875,8,-0.202241,-0.524962,0.095858,0.496552,0.496724,0.508635,0.497988,0.00154,0.000649,0.149949,-0.999834,0.010163,-0.011504,0.009788
1,0.1875,8,-0.201744,-0.524955,0.095967,0.488921,0.497905,0.515866,0.496919,0.001552,0.000556,0.149449,-0.999743,0.010087,-0.020032,0.003438
1,0.1875,8,-0.201302,-0.524924,0.096065,0.467182,0.498222,0.533764,0.49861,0.001587,0.000473,0.149004,0.999058,-0.007601,0.039104,0.017189
1,0.1875,8,-0.201081,-0.524806,0.095849,-0.491002,-0.525659,-0.5107,-0.47094,0.00171,0.000695,0.148791,-0.998453,0.007847,-0.043453,0.033785
1,0.1875,8,-0.201175,-0.524937,0.095768,0.523478,0.51209,0.479437,0.483606,0.001579,0.000774,0.148886,-0.998574,0.008048,0.001453,0.052759
1,0.1875,8,-0.201375,-0.524913,0.095782,-0.491991,-0.515622,-0.504313,-0.487593,0.0016,0.000753,0.149086,-0.999355,0.001623,-0.026479,0.024184
1,0.1875,8,-0.201304,-0.524958,0.096001,0.471502,0.506459,0.52824,0.492085,0.001554,0.000537,0.149008,0.999102,-0.006108,0.041648,0.004906
1,0.1875,8,-0.201418,-0.525167,0.095857,0.519738,0.469359,0.482912,0.52571,0.001344,0.000679,0.149124,-0.999125,0.007875,0.040483,0.006921
1,0.1875,8,-0.201909,-0.52521,0.095982,0.498096,0.459118,0.503668,0.536124,0.001294,0.000538,0.149609,0.999223,-0.007719,-0.029758,0.024661
1,0.1875,8,-0.20159,-0.525073,0.095919,0.500888,0.474339,0.503291,0.520396,0.001436,0.000611,0.149295,0.999803,-0.009306,-0.015807,0.007647
1,0.1875,8,-0.201283,-0.525108,0.095825,0.52951,0.477011,0.468479,0.522118,0.001406,0.000715,0.148991,-0.998595,0.003297,0.046807,0.024642
1,0.1875,8,-0.201373,-0.524906,0.095735,-0.5231,-0.524556,-0.479207,-0.47071,0.001608,0.0008,0.149086,-0.997769,0.008088,-0.011359,0.065293
1,0.1875,8,-0.201562,-0.525158,0.096033,0.483475,0.454661,0.518032,0.53961,0.001351,0.000498,0.149262,0.998845,-0.00836,-0.019337,0.04318
1,0.1875,8,-0.201659,-0.524951,0.095953,0.470907,0.486215,0.529559,0.511281,0.001556,0.000573,0.149364,0.999393,-0.006812,0.022773,0.025485
1,0.1875,8,-0.201301,-0.524931,0.095712,0.525281,0.516101,0.476676,0.480105,0.001583,0.000825,0.149015,-0.998244,0.0073,-6.1e-05,0.058781
1,0.1875,8,-0.201722,-0.524951,0.095871,0.486956,0.509069,0.507045,0.496617,0.001557,0.000653,0.14943,-0.999667,-0.000754,-0.022559,0.012519
1,0.1875,8,-0.202012,-0.524956,0.095849,0.486586,0.496303,0.514323,0.502383,0.001548,0.000666,0.14972,0.999837,-0.006189,0.01694,0.0005
1,0.1875,8,-0.201167,-0.524917,0.096015,0.457919,0.495939,0.540635,0.502065,0.001596,0.000527,0.14887,0.998604,-0.005969,0.044275,0.028169
1,0.1875,8,-0.201456,-0.525013,0.095852,-0.498448,-0.511514,-0.49669,-0.493155,0.001499,0.000682,0.149164,-0.999543,0.000105,-0.01464,0.02644
1,0.1875,8,-0.201373,-0.524906,0.095735,-0.5231,-0.524556,-0.479207,-0.47071,0.001608,0.0008,0.149086,-0.997769,0.008088,-0.011359,0.065293
1,0.1875,8,-0.201418,-0.525167,0.095857,0.519738,0.469359,0.482912,0.52571,0.001344,0.000679,0.149124,-0.999125,0.007875,0.040483,0.006921
1,0.1875,8,-0.201623,-0.524976,0.095831,-0.507588,-0.509049,-0.496169,-0.486867,0.001534,0.000696,0.149332,-0.999342,0.0087,-0.01161,0.033248
1,0.1875,8,-0.20123,-0.52492,0.095774,-0.516717,-0.514827,-0.484612,-0.482813,0.001595,0.000765,0.148942,-0.998782,0.006438,-0.006289,0.048511
1,0.1875,8,-0.201469,-0.525073,0.095771,0.516952,0.49436,0.48477,0.503356,0.001439,0.000762,0.149178,-0.99948,0.006387,0.014351,0.028152
1,0.1875,8,-0.201531,-0.525004,0.09582,0.507708,0.497427,0.495482,0.499296,0.001506,0.000711,0.14924,-0.999733,0.007881,0.000861,0.021685
1,0.1875,8,-0.202034,-0.524988,0.0959,0.503302,0.492039,0.502876,0.501697,0.001516,0.000614,0.14974,-0.999869,0.010962,-0.001048,0.011901
1,0.1875,8,-0.20179,-0.524938,0.095812,-0.512438,-0.510451,-0.492109,-0.484432,0.001569,0.00071,0.1495,-0.999127,0.009529,-0.009089,0.039636
1,0.1875,8,-0.200744,-0.52485,0.096045,0.462789,0.520694,0.533511,0.479656,0.001668,0.00051,0.148447,-0.998066,0.003775,-0.062036,0.001307
1,0.1875,8,-0.201642,-0.524919,0.095885,-0.499413,-0.50972,-0.504112,-0.48646,0.00159,0.000642,0.14935,-0.999429,0.008641,-0.020174,0.025687
1,0.1875,8,-0.201988,-0.525077,0.095849,0.511655,0.490396,0.480621,0.516454,0.001427,0.000667,0.149694,-0.999568,-0.002977,0.022198,0.019026
1,0.1875,8,-0.201654,-0.524973,0.09579,0.516695,0.500563,0.487324,0.494952,0.001537,0.000737,0.149365,-0.999367,0.008742,0.005651,0.034022
1,0.1875,8,-0.201485,-0.525145,0.095826,0.531146,0.470765,0.472181,0.52279,0.001366,0.000707,0.149192,-0.998539,0.008739,0.049345,0.020195
1,0.1875,8,-0.201965,-0.525074,0.095847,0.517382,0.485796,0.487392,0.508691,0.001431,0.00067,0.149672,-0.999546,0.00948,0.020294,0.020154
1,0.1875,8,-0.201774,-0.52504,0.09587,0.514027,0.481252,0.491418,0.512524,0.001467,0.000653,0.149481,-0.999655,0.010211,0.020842,0.012283
1,0.1875,8,-0.201133,-0.524942,0.095744,-0.520705,-0.5267,-0.480728,-0.469418,0.001574,0.000799,0.148845,-0.997743,0.007288,-0.015047,0.065031
1,0.1875,8,-0.201485,-0.525145,0.095826,0.531146,0.470765,0.472181,0.52279,0.001366,0.000707,0.149192,-0.998539,0.008739,0.049345,0.020195
1,0.1875,8,-0.201895,-0.524855,0.09591,0.485868,0.506318,0.516392,0.49083,0.001651,0.000607,0.149603,-0.999506,0.007775,-0.029136,0.008838
1,0.1875,8,-0.201182,-0.525093,0.095769,0.520586,0.51503,0.476106,0.486886,0.001423,0.000774,0.148892,-0.998603,0.001821,0.00174,0.052771
1,0.1875,8,-0.201164,-0.524828,0.095925,0.486168,0.511357,0.513723,0.488103,0.001686,0.000616,0.148872,-0.999385,0.005442,-0.031598,0.014178
1,0.1875,8,-0.20151,-0.525113,0.096086,0.478849,0.453364,0.522245,0.540764,0.001396,0.000447,0.149209,0.998641,-0.008312,-0.016171,0.048845
1,0.1875,8,-0.201965,-0.525074,0.095847,0.517382,0.485796,0.487392,0.508691,0.001431,0.00067,0.149672,-0.999546,0.00948,0.020294,0.020154
1,0.1875,8,-0.201516,-0.524831,0.09587,-0.499778,-0.51792,-0.501966,-0.479593,0.00168,0.000659,0.149225,-0.99903,0.007131,-0.026518,0.03443
1,0.1875,8,-0.201623,-0.524976,0.095831,-0.507588,-0.509049,-0.496169,-0.486867,0.001534,0.000696,0.149332,-0.999342,0.0087,-0.01161,0.033248
1,0.1875,8,-0.201115,-0.524758,0.096059,0.454907,0.514861,0.542262,0.483662,0.001756,0.000483,0.148819,0.997777,-0.005259,0.065344,0.011943
1,0.1875,8,-0.201516,-0.524831,0.09587,-0.499778,-0.51792,-0.501966,-0.479593,0.00168,0.000659,0.149225,-0.99903,0.007131,-0.026518,0.03443
1,0.15,9,-0.199019,-0.522388,0.096462,-0.488194,-0.523887,-0.510171,-0.476376,0.002228,5.4e-05,0.108483,-0.999315,-0.002618,-0.032037,0.018335
1,0.15,9,-0.199248,-0.52243,0.096852,0.470442,0.493067,0.535116,0.49922,0.002189,-0.000338,0.108707,0.999188,-0.004807,0.026605,0.029877
1,0.15,9,-0.199284,-0.522588,0.096465,0.52162,0.49846,0.484706,0.49448,0.00203,4.7e-05,0.108748,-0.999468,0.004762,0.019231,0.025899
1,0.15,9,-0.199052,-0.522414,0.096606,0.479116,0.512285,0.522503,0.484771,0.002203,-9e-05,0.108514,0.99946,-0.000561,0.032765,0.002375
1,0.15,9,-0.199232,-0.522442,0.096647,0.499502,0.496834,0.508542,0.495014,0.002176,-0.000134,0.108693,-0.999975,0.006223,-0.002704,0.001883
1,0.15,9,-0.199246,-0.522672,0.096458,0.525135,0.487403,0.476368,0.509653,0.001946,5.5e-05,0.108711,-0.999094,0.000169,0.038232,0.018685
1,0.15,9,-0.199127,-0.522386,0.096619,0.479027,0.507609,0.51722,0.495328,0.002231,-0.000104,0.108588,0.999704,0.005136,0.022591,0.007397
1,0.15,9,-0.198915,-0.522469,0.0967,0.479191,0.489692,0.516924,0.513193,0.002147,-0.000183,0.108376,0.999661,0.005323,0.004505,0.025093
1,0.15,9,-0.198978,-0.522349,0.096386,-0.511235,-0.517571,-0.491543,-0.478691,0.002266,0.000131,0.108443,-0.99937,0.001494,-0.006832,0.034796
1,0.15,9,-0.199425,-0.522614,0.096473,0.520895,0.486002,0.487048,0.505227,0.002004,3.8e-05,0.10889,-0.99947,0.006335,0.029283,0.01274
1,0.15,9,-0.198819,-0.522315,0.0965,-0.488587,-0.520599,-0.511023,-0.47866,0.0023,1.8e-05,0.108282,-0.999447,-0.001516,-0.02948,0.015313
1,0.15,9,-0.199269,-0.522362,0.096771,0.472243,0.499814,0.53237,0.493716,0.002257,-0.000258,0.108729,0.999299,-0.003757,0.030446,0.021467
1,0.15,9,-0.198778,-0.522418,0.096693,0.478727,0.493283,0.52242,0.504549,0.002198,-0.000174,0.108239,0.999667,0.000223,0.013569,0.021951
1,0.15,9,-0.199329,-0.52246,0.096624,0.491727,0.492698,0.515523,0.499688,0.002158,-0.000112,0.108791,0.999919,-0.005541,0.005703,0.009894
1,0.15,9,-0.199559,-0.522471,0.096498,0.510574,0.507232,0.48571,0.4961,0.002148,1.2e-05,0.109022,-0.999663,-0.00541,0.009569,0.023497
1,0.15,9,-0.199132,-0.522242,0.096494,-0.487854,-0.513058,-0.513056,-0.485329,0.002375,2.1e-05,0.108594,-0.999694,-0.000485,-0.023767,0.006812
1,0.15,9,-0.199329,-0.52246,0.096624,0.491727,0.492698,0.515523,0.499688,0.002158,-0.000112,0.108791,0.999919,-0.005541,0.005703,0.009894
1,0.15,9,-0.199169,-0.522434,0.096642,0.482809,0.50551,0.512528,0.498669,0.002184,-0.000128,0.108631,0.999841,0.006247,0.015638,0.00589
1,0.15,9,-0.199487,-0.522437,0.096649,0.492992,0.492063,0.503654,0.511045,0.002182,-0.000138,0.108948,0.99992,0.005189,-0.006803,0.009317
1,0.15,9,-0.199265,-0.522434,0.096486,-0.511262,-0.5111,-0.496153,-0.480853,0.002184,2.7e-05,0.108728,-0.999574,0.005938,-0.004796,0.028173
1,0.15,9,-0.199072,-0.522281,0.09668,0.468054,0.506754,0.534554,0.488238,0.002336,-0.000164,0.108533,0.999034,-0.002084,0.039846,0.018424
1,0.15,9,-0.199167,-0.522503,0.096407,0.517433,0.503508,0.480482,0.497874,0.002114,0.000107,0.108632,-0.999466,-0.003658,0.018377,0.026769
1,0.15,9,-0.198936,-0.522337,0.096689,0.476741,0.505466,0.527565,0.488771,0.00228,-0.000172,0.108397,0.999445,-0.003279,0.031076,0.011513
1,0.15,9,-0.199346,-0.522419,0.096626,0.494785,0.488946,0.513625,0.502303,0.002199,-0.000114,0.108808,0.999922,-0.006657,3.6e-05,0.010613
1,0.15,9,-0.199367,-0.522528,0.096623,0.498274,0.496295,0.497982,0.507375,0.002091,-0.000111,0.108829,-0.999949,-0.005649,0.008344,0.000109
1,0.15,9,-0.199203,-0.522431,0.096504,-0.500103,-0.507083,-0.502344,-0.490321,0.002187,1e-05,0.108667,-0.999895,0.000698,-0.006785,0.012776
1,0.15,9,-0.19924,-0.522504,0.096545,0.502869,0.499572,0.49403,0.503474,0.002114,-3.2e-05,0.108704,-0.999915,-0.004998,0.009047,0.007968
1,0.15,9,-0.199302,-0.52238,0.09652,-0.490196,-0.510667,-0.505888,-0.492955,0.002238,-7e-06,0.108765,-0.999865,-0.005571,-0.014032,0.006555
1,0.15,9,-0.198938,-0.522275,0.096663,0.479136,0.512063,0.523032,0.484415,0.002342,-0.000146,0.108399,0.999449,-0.001125,0.033084,0.002564
1,0.15,9,-0.198943,-0.522449,0.096479,-0.508091,-0.508573,-0.495502,-0.487519,0.002166,3.8e-05,0.108407,-0.999748,0.001923,-0.001492,0.022322
1,0.15,9,-0.199203,-0.522372,0.096689,0.484076,0.497933,0.512395,0.505158,0.002246,-0.000174,0.108664,0.99988,0.005195,0.007911,0.01224
1,0.15,9,-0.199442,-0.522385,0.096643,0.485427,0.5018,0.512222,0.500186,0.002235,-0.000132,0.108903,0.9999,0.00402,0.011551,0.007055
1,0.15,9,-0.199263,-0.522659,0.096597,0.519221,0.473607,0.485423,0.520068,0.001959,-8.5e-05,0.108727,0.999076,-0.003352,-0.042834,0.000922
1,0.15,9,-0.199476,-0.522561,0.096531,0.510739,0.485819,0.496173,0.506891,0.002058,-2e-05,0.10894,-0.999774,0.005099,0.02054,0.002198
1,0.15,9,-0.199052,-0.522374,0.096747,0.48101,0.49083,0.519106,0.508177,0.002243,-0.000231,0.108512,0.999723,0.001358,0.007736,0.022201
1,0.15,9,-0.199331,-0.522361,0.096567,0.493354,0.501453,0.511761,0.493201,0.002257,-5.4e-05,0.108793,-0.999938,0.003395,-0.010622,0.000437
1,0.15,9,-0.199196,-0.522439,0.096706,0.486873,0.489139,0.517364,0.505996,0.002179,-0.000191,0.108657,0.999823,-0.002629,0.004149,0.018171
1,0.15,9,-0.198867,-0.522379,0.096607,0.482421,0.509206,0.519431,0.488027,0.002237,-8.9e-05,0.108329,0.999648,-0.000554,0.026409,0.002365
1,0.15,9,-0.199286,-0.522473,0.09647,-0.504936,-0.513632,-0.490172,-0.49087,0.002144,4.3e-05,0.10875,-0.999683,-0.00652,-0.0013,0.024286
1,0.15,9,-0.199206,-0.522262,0.096677,0.473806,0.502241,0.526,0.496575,0.002356,-0.000162,0.108667,0.999497,0.001303,0.026284,0.01771
1,0.15,9,-0.199123,-0.522354,0.096522,-0.504721,-0.515647,-0.500881,-0.477999,0.002263,-7e-06,0.108586,-0.999546,0.004232,-0.014143,0.026261
1,0.15,9,-0.199148,-0.522511,0.096423,0.517812,0.507523,0.483448,0.490478,0.002105,9.1e-05,0.108613,-0.999449,-0.000244,0.011405,0.031185
1,0.15,9,-0.199476,-0.522561,0.096531,0.510739,0.485819,0.496173,0.506891,0.002058,-2e-05,0.10894,-0.999774,0.005099,0.02054,0.002198
1,0.15,9,-0.19933,-0.52247,0.096679,0.487971,0.486917,0.50784,0.516618,0.002149,-0.000167,0.108791,0.999769,0.005851,-0.007535,0.019281
1,0.15,9,-0.198975,-0.522324,0.096695,0.46774,0.50236,0.534353,0.493275,0.002292,-0.000178,0.108436,0.99911,-0.001467,0.035199,0.023203
1,0.15,9,-0.198768,-0.522322,0.096792,0.461342,0.475129,0.533582,0.526028,0.002294,-0.000272,0.108227,0.998382,0.005115,0.008121,0.056046
1,0.15,9,-0.199198,-0.522569,0.09658,0.5132,0.476472,0.494531,0.51482,0.002049,-6.7e-05,0.108661,0.999484,-0.006141,-0.031222,0.004414
1,0.15,9,-0.198988,-0.522503,0.096528,0.508324,0.500723,0.494232,0.496607,0.002113,-1.2e-05,0.108451,-0.999864,0.000714,0.007708,0.014591
1,0.15,9,-0.199201,-0.522338,0.096533,-0.499714,-0.507281,-0.504943,-0.487837,0.00228,-1.8e-05,0.108664,-0.99987,0.00296,-0.009608,0.012621
1,0.15,9,-0.199003,-0.522457,0.096543,0.497785,0.496326,0.504657,0.50119,0.002159,-2.7e-05,0.108466,0.999998,-0.000557,-0.001687,0.000369
1,0.15,9,-0.199242,-0.522502,0.096533,0.509626,0.486998,0.497303,0.505771,0.002116,-2e-05,0.108706,-0.999818,0.00509,0.018269,0.00223
1,0.15,10,-0.198684,-0.522877,0.096084,-0.495492,-0.506934,-0.504152,-0.493291,-0.00101,0.001059,0.110888,-0.999926,-0.002954,-0.00648,0.009836
1,0.15,10,-0.198897,-0.522787,0.096146,0.476852,0.511315,0.522066,0.488484,-0.000918,0.000994,0.111099,0.999556,0.003,0.029391,0.003787
1,0.15,10,-0.198684,-0.522877,0.096084,-0.495492,-0.506934,-0.504152,-0.493291,-0.00101,0.001059,0.110888,-0.999926,-0.002954,-0.00648,0.009836
1,0.15,10,-0.198346,-0.52254,0.09626,0.460312,0.521653,0.543408,0.469786,-0.000676,0.00089,0.110545,0.997984,-0.003811,0.062822,0.008161
1,0.15,10,-0.198781,-0.522762,0.096221,0.478537,0.504614,0.526783,0.488739,-0.000894,0.000921,0.110982,0.99958,-0.003387,0.027396,0.008815
1,0.15,10,-0.198892,-0.522884,0.096025,0.508798,0.502605,0.496664,0.49177,-0.001016,0.001115,0.111097,-0.999805,0.002835,0.005388,0.018769
1,0.15,10,-0.19888,-0.522893,0.096045,-0.502079,-0.512256,-0.493974,-0.491426,-0.001025,0.001096,0.111085,-0.99974,-0.006457,-0.001684,0.021815
1,0.15,10,-0.198559,-0.522712,0.096313,0.484973,0.508665,0.517006,0.488636,-0.000823,0.000977,0.11076,-0.999771,-9.8e-05,-0.021362,0.001365
1,0.15,10,-0.198602,-0.522889,0.096016,0.511379,0.505323,0.490538,0.492456,-0.001024,0.001128,0.110807,-0.99967,-0.000638,0.008714,0.024145
1,0.15,10,-0.198896,-0.522922,0.09618,0.503736,0.493222,0.492733,0.510094,-0.001053,0.000959,0.111099,-0.999798,-0.006296,0.01857,0.004356
1,0.15,10,-0.198681,-0.522862,0.096282,0.479095,0.4933,0.522624,0.503971,-0.000995,0.000861,0.110882,0.999735,0.000538,0.011822,0.019755
1,0.15,10,-0.198931,-0.522823,0.09607,-0.500418,-0.504924,-0.5061,-0.488361,-0.000954,0.00107,0.111135,-0.99989,0.003966,-0.006393,0.012753
1,0.15,10,-0.198532,-0.522788,0.096103,-0.4952,-0.511596,-0.509284,-0.4834,-0.000923,0.001042,0.110735,-0.999759,0.002175,-0.016419,0.014403
1,0.15,10,-0.198696,-0.523021,0.096267,0.497005,0.469956,0.510131,0.521435,-0.001153,0.000875,0.110899,0.99939,-0.004826,-0.023807,0.025083
1,0.15,10,-0.198663,-0.522853,0.09621,-0.500048,-0.508836,-0.498276,-0.492705,-0.000964,0.001078,0.110867,-0.999856,-0.004114,-0.0025,0.01629
1,0.15,10,-0.198668,-0.522903,0.096042,-0.512155,-0.51461,-0.48651,-0.485985,-0.001037,0.001101,0.110873,-0.999395,-0.003583,0.003243,0.034453
1,0.15,10,-0.19854,-0.522961,0.096169,0.501239,0.492443,0.498151,0.508041,-0.001095,0.000976,0.110744,-0.999896,-0.003401,0.013987,0.001035
1,0.15,10,-0.198596,-0.522663,0.096043,-0.486737,-0.520396,-0.51429,-0.477264,-0.000798,0.001102,0.110799,-0.999415,-0.000776,-0.030644,0.015188
1,0.15,10,-0.198577,-0.522849,0.096216,0.492443,0.504541,0.505547,0.497354,-0.000983,0.000929,0.110779,-0.999964,-0.004649,-0.005501,0.004392
1,0.15,10,-0.199009,-0.522689,0.096293,0.46776,0.498109,0.529356,0.502862,-0.000819,0.000847,0.111209,0.999372,0.004629,0.023863,0.025779
1,0.15,10,-0.198735,-0.522896,0.096318,0.491253,0.478035,0.505576,0.523972,-0.001028,0.000824,0.110936,0.999516,0.005601,-0.020368,0.022851
1,0.15,10,-0.198528,-0.523046,0.096101,0.512901,0.48429,0.485734,0.516197,-0.001181,0.001043,0.110734,-0.999396,-0.003909,0.034187,0.004863
1,0.15,10,-0.19872,-0.52268,0.096122,0.478349,0.519905,0.519657,0.480456,-0.000813,0.001022,0.110922,-0.999334,-0.003642,-0.035725,0.006495
1,0.15,10,-0.198479,-0.522976,0.096298,0.493904,0.473928,0.510981,0.519951,-0.00111,0.000847,0.110681,0.999519,-0.002495,-0.01909,0.024306
1,0.15,10,-0.198694,-0.522862,0.095968,-0.509706,-0.513488,-0.492456,-0.483753,-0.000996,0.001175,0.1109,-0.999524,-0.000141,-0.001494,0.030808
1,0.15,10,-0.198615,-0.523034,0.096349,0.494451,0.463801,0.510076,0.529367,-0.001167,0.000794,0.110817,0.999002,-0.002553,-0.029561,0.033384
1,0.15,10,-0.198946,-0.522895,0.09628,0.495902,0.485648,0.510891,0.507166,-0.001025,0.00086,0.111148,0.9999,-0.004124,-0.00793,0.010982
1,0.15,10,-0.198784,-0.522806,0.09609,-0.496022,-0.513355,-0.502806,-0.487457,-0.000939,0.001052,0.110987,-0.999783,-0.003584,-0.011655,0.016919
1,0.15,10,-0.198827,-0.522679,0.096286,0.465028,0.504424,0.53563,0.492347,-0.00081,0.000856,0.111026,0.999086,0.000644,0.036743,0.021852
1,0.15,10,-0.198513,-0.522943,0.096386,0.477086,0.46901,0.526473,0.524638,-0.001076,0.000759,0.110713,0.998945,-0.001935,-0.007672,0.045234
1,0.15,10,-0.198811,-0.522924,0.096273,0.492903,0.492425,0.50297,0.511454,-0.001055,0.000868,0.111013,0.999909,0.006861,-0.009077,0.007229
1,0.15,10,-0.198753,-0.522717,0.096175,0.476049,0.513481,0.523288,0.485678,-0.00085,0.000968,0.110955,0.999454,0.002437,0.032882,0.002307
1,0.15,10,-0.198596,-0.522856,0.096433,0.466534,0.472195,0.533664,0.524005,-0.000989,0.000712,0.110794,0.998634,0.000975,0.003151,0.052155
1,0.15,10,-0.198913,-0.522708,0.09619,0.479133,0.503926,0.526789,0.48886,-0.000839,0.000951,0.111114,0.999596,-0.003966,0.026693,0.008929
1,0.15,10,-0.198628,-0.522923,0.096246,0.495363,0.480245,0.503322,0.520238,-0.001057,0.000898,0.11083,0.999641,0.003884,-0.020608,0.016705
1,0.15,10,-0.198946,-0.522877,0.096122,0.495459,0.501307,0.500918,0.502286,-0.001008,0.001017,0.111149,-0.999968,-0.006364,0.002392,0.004118
1,0.15,10,-0.198696,-0.52287,0.096178,0.497328,0.50184,0.501348,0.499472,-0.001003,0.000964,0.110899,-0.99997,-0.004056,0.00146,0.006503
1,0.15,10,-0.198748,-0.523025,0.096024,0.529977,0.482183,0.475625,0.510299,-0.001158,0.001117,0.110954,-0.99873,0.003565,0.045978,0.020279
1,0.15,10,-0.198449,-0.523101,0.096309,0.52551,0.468961,0.47867,0.524204,-0.001213,0.000981,0.110654,-0.998438,0.002518,0.05573,0.002943
1,0.15,10,-0.19867,-0.52294,0.096244,0.499945,0.486384,0.502313,0.511045,-0.001073,0.000899,0.110872,0.999856,0.000487,-0.015793,0.006243
1,0.15,10,-0.198689,-0.522923,0.096248,0.494909,0.48962,0.505015,0.510194,-0.001056,0.000894,0.110891,0.999915,0.002812,-0.009858,0.008041
1,0.15,10,-0.198747,-0.522963,0.09622,0.50075,0.482973,0.497424,0.518224,-0.001096,0.000921,0.11095,0.999667,0.004484,-0.023898,0.008697
1,0.15,10,-0.198892,-0.522918,0.096306,0.491942,0.480418,0.506681,0.520063,-0.001048,0.000834,0.111093,0.999649,0.003903,-0.017035,0.019911
1,0.15,10,-0.199095,-0.522792,0.09616,0.490929,0.50154,0.51161,0.495683,-0.000921,0.000977,0.111297,0.999963,3.6e-05,0.008604,7.5e-05
1,0.15,10,-0.198865,-0.522897,0.096077,0.513959,0.499615,0.494931,0.491197,-0.001029,0.001064,0.11107,-0.999709,0.006308,0.010075,0.020978
1,0.15,10,-0.198799,-0.522845,0.096148,0.50702,0.491968,0.500388,0.500511,-0.000977,0.000993,0.111002,-0.999894,0.004647,0.012306,0.006302
1,0.15,10,-0.199047,-0.522845,0.096064,-0.495697,-0.510995,-0.503225,-0.489829,-0.000975,0.001074,0.111252,-0.999846,-0.003571,-0.009668,0.014175
1,0.15,10,-0.198833,-0.522907,0.096212,0.493175,0.49285,0.508424,0.505354,-0.001039,0.000928,0.111035,0.999972,0.001114,-0.003269,0.006567
1,0.15,10,-0.19851,-0.522964,0.096051,0.517353,0.50774,0.480887,0.493249,-0.001099,0.001094,0.110716,-0.999331,-0.004092,0.015712,0.032764
1,0.15,10,-0.198578,-0.522838,0.09617,0.489004,0.50393,0.510061,0.496756,-0.000972,0.000974,0.110781,-0.999949,-0.003496,-0.009474,0.000414
1,0.15,10,-0.199099,-0.522831,0.096079,-0.50329,-0.517504,-0.491368,-0.487284,-0.000961,0.001058,0.111303,-0.999556,-0.007656,-0.004463,0.028431
1,0.15,10,-0.199085,-0.522798,0.096156,0.489371,0.504557,0.50627,0.499629,-0.000927,0.000982,0.111288,-0.999955,-0.006977,-0.006294,0.001378
1,0.15,10,-0.198967,-0.522845,0.096329,0.486073,0.498326,0.513432,0.501789,-0.000952,0.000954,0.111169,0.999936,0.002889,0.007323,0.008067
1,0.15,10,-0.198914,-0.522963,0.096076,0.513476,0.509943,0.481891,0.494046,-0.001094,0.001063,0.111119,-0.999415,-0.007013,0.012542,0.03105
1,0.15,10,-0.19893,-0.522834,0.096128,-0.496945,-0.508203,-0.499262,-0.495492,-0.000965,0.001012,0.111133,-0.999897,-0.006422,-0.00286,0.012548
1,0.15,10,-0.198767,-0.52292,0.096269,0.493785,0.4828,0.503184,0.519507,-0.001052,0.000873,0.110969,0.999694,0.005633,-0.018236,0.015766
1,0.15,10,-0.19904,-0.522915,0.096146,0.507902,0.489746,0.49953,0.502648,-0.001045,0.000992,0.111244,-0.999859,0.004673,0.015351,0.004984
1,0.15,10,-0.198487,-0.522938,0.096333,0.489716,0.476014,0.511664,0.521334,-0.001072,0.000813,0.110688,0.999519,0.000982,-0.016271,0.026366
2,0.2625,11,0.081117,-0.579103,0.055006,0.008213,-0.703915,-0.710163,0.010294,0.017938,0.031752,0.259524,0.999856,-0.001501,0.015123,0.007504
2,0.2625,11,0.080932,-0.57996,0.05497,-0.004676,0.706495,0.707701,0.001669,0.018119,0.031793,0.260381,0.999974,0.004431,0.004145,0.003951
2,0.2625,11,0.08097,-0.58004,0.054956,0.012069,-0.709256,-0.704624,0.017733,0.018081,0.031808,0.260461,-0.999725,0.003995,-0.023118,0.000195
2,0.2625,11,0.080953,-0.580297,0.055047,-0.016885,0.677337,0.735399,-0.010815,0.018096,0.031718,0.260719,0.998782,0.004208,0.021602,0.044151
2,0.2625,11,0.081121,-0.578246,0.055188,-0.047507,0.693647,0.717674,-0.039251,0.017937,0.031564,0.258668,0.997771,0.005932,0.063356,0.020088
2,0.2625,11,0.081121,-0.578246,0.055188,-0.047507,0.693647,0.717674,-0.039251,0.017937,0.031564,0.258668,0.997771,0.005932,0.063356,0.020088
2,0.2625,11,0.080953,-0.580297,0.055047,-0.016885,0.677337,0.735399,-0.010815,0.018096,0.031718,0.260719,0.998782,0.004208,0.021602,0.044151
2,0.2625,11,0.080979,-0.580016,0.054914,0.009448,-0.696038,-0.717831,0.012658,0.018072,0.03185,0.260437,0.99967,-0.002314,0.017669,0.018494
2,0.2625,11,0.081013,-0.580074,0.05505,-0.031805,0.690216,0.722532,-0.023187,0.018037,0.031713,0.260495,0.998808,0.006106,0.040895,0.025951
2,0.2625,11,0.080953,-0.580297,0.055047,-0.016885,0.677337,0.735399,-0.010815,0.018096,0.031718,0.260719,0.998782,0.004208,0.021602,0.044151
2,0.2625,11,0.081119,-0.578927,0.05507,0.012725,-0.717456,-0.696278,0.017072,0.017936,0.031687,0.259349,-0.999658,0.003039,-0.023112,0.011893
2,0.2625,11,0.080979,-0.580016,0.054914,0.009448,-0.696038,-0.717831,0.012658,0.018072,0.03185,0.260437,0.99967,-0.002314,0.017669,0.018494
2,0.2625,11,0.08097,-0.58004,0.054956,0.012069,-0.709256,-0.704624,0.017733,0.018081,0.031808,0.260461,-0.999725,0.003995,-0.023118,0.000195
2,0.2625,11,0.08097,-0.58004,0.054956,0.012069,-0.709256,-0.704624,0.017733,0.018081,0.031808,0.260461,-0.999725,0.003995,-0.023118,0.000195
2,0.2625,11,0.081053,-0.578503,0.055175,-0.03571,0.684626,0.727405,-0.029895,0.018004,0.031579,0.258925,0.998263,0.004132,0.048404,0.033344
2,0.2625,11,0.081013,-0.580074,0.05505,-0.031805,0.690216,0.722532,-0.023187,0.018037,0.031713,0.260495,0.998808,0.006106,0.040895,0.025951
2,0.2625,11,0.081013,-0.580074,0.05505,-0.031805,0.690216,0.722532,-0.023187,0.018037,0.031713,0.260495,0.998808,0.006106,0.040895,0.025951
2,0.2625,11,0.081013,-0.580074,0.05505,-0.031805,0.690216,0.722532,-0.023187,0.018037,0.031713,0.260495,0.998808,0.006106,0.040895,0.025951
2,0.2625,11,0.081013,-0.580074,0.05505,-0.031805,0.690216,0.722532,-0.023187,0.018037,0.031713,0.260495,0.998808,0.006106,0.040895,0.025951
2,0.2625,11,0.080953,-0.580297,0.055047,-0.016885,0.677337,0.735399,-0.010815,0.018096,0.031718,0.260719,0.998782,0.004208,0.021602,0.044151
2,0.2625,11,0.081121,-0.578246,0.055188,-0.047507,0.693647,0.717674,-0.039251,0.017937,0.031564,0.258668,0.997771,0.005932,0.063356,0.020088
2,0.2625,11,0.081121,-0.578246,0.055188,-0.047507,0.693647,0.717674,-0.039251,0.017937,0.031564,0.258668,0.997771,0.005932,0.063356,0.020088
2,0.2625,11,0.081013,-0.580074,0.05505,-0.031805,0.690216,0.722532,-0.023187,0.018037,0.031713,0.260495,0.998808,0.006106,0.040895,0.025951
2,0.2625,11,0.081013,-0.580074,0.05505,-0.031805,0.690216,0.722532,-0.023187,0.018037,0.031713,0.260495,0.998808,0.006106,0.040895,0.025951
2,0.2625,11,0.081013,-0.580074,0.05505,-0.031805,0.690216,0.722532,-0.023187,0.018037,0.031713,0.260495,0.998808,0.006106,0.040895,0.025951
2,0.2625,11,0.080953,-0.580297,0.055047,-0.016885,0.677337,0.735399,-0.010815,0.018096,0.031718,0.260719,0.998782,0.004208,0.021602,0.044151
2,0.2625,11,0.081121,-0.578246,0.055188,-0.047507,0.693647,0.717674,-0.039251,0.017937,0.031564,0.258668,0.997771,0.005932,0.063356,0.020088
2,0.2625,11,0.081013,-0.580074,0.05505,-0.031805,0.690216,0.722532,-0.023187,0.018037,0.031713,0.260495,0.998808,0.006106,0.040895,0.025951
2,0.2625,11,0.081013,-0.580074,0.05505,-0.031805,0.690216,0.722532,-0.023187,0.018037,0.031713,0.260495,0.998808,0.006106,0.040895,0.025951
2,0.2625,11,0.081013,-0.580074,0.05505,-0.031805,0.690216,0.722532,-0.023187,0.018037,0.031713,0.260495,0.998808,0.006106,0.040895,0.025951
2,0.2625,11,0.08097,-0.58004,0.054956,0.012069,-0.709256,-0.704624,0.017733,0.018081,0.031808,0.260461,-0.999725,0.003995,-0.023118,0.000195
2,0.2625,11,0.081013,-0.580074,0.05505,-0.031805,0.690216,0.722532,-0.023187,0.018037,0.031713,0.260495,0.998808,0.006106,0.040895,0.025951
2,0.2625,11,0.081051,-0.581112,0.054993,-0.004582,0.693756,0.720182,0.004459,0.017996,0.031778,0.261533,0.999741,0.006294,0.002099,0.021787
2,0.2625,11,0.081013,-0.580074,0.05505,-0.031805,0.690216,0.722532,-0.023187,0.018037,0.031713,0.260495,0.998808,0.006106,0.040895,0.025951
2,0.2625,11,0.08097,-0.58004,0.054956,0.012069,-0.709256,-0.704624,0.017733,0.018081,0.031808,0.260461,-0.999725,0.003995,-0.023118,0.000195
2,0.2625,11,0.081072,-0.579971,0.055009,-0.004994,-0.721961,-0.691915,-0.000171,0.017979,0.031754,0.260392,-0.999828,0.003439,0.001608,0.018165
2,0.2625,11,0.081051,-0.581112,0.054993,-0.004582,0.693756,0.720182,0.004459,0.017996,0.031778,0.261533,0.999741,0.006294,0.002099,0.021787
2,0.2625,11,0.081119,-0.578927,0.05507,0.012725,-0.717456,-0.696278,0.017072,0.017936,0.031687,0.259349,-0.999658,0.003039,-0.023112,0.011893
2,0.2625,11,0.081121,-0.578246,0.055188,-0.047507,0.693647,0.717674,-0.039251,0.017937,0.031564,0.258668,0.997771,0.005932,0.063356,0.020088
2,0.2625,11,0.081013,-0.580074,0.05505,-0.031805,0.690216,0.722532,-0.023187,0.018037,0.031713,0.260495,0.998808,0.006106,0.040895,0.025951
2,0.225,12,0.081151,-0.576564,0.05189,-0.020083,0.693362,0.720254,-0.008947,-8.1e-05,0.00309,0.183563,0.999964,0.004723,-0.006762,0.001762
2,0.225,12,0.080989,-0.576425,0.051929,0.036614,-0.679264,-0.731823,0.041172,7.2e-05,0.003055,0.183414,0.999394,-0.006455,0.027494,0.020351
2,0.225,12,0.081062,-0.576476,0.051826,0.029471,-0.701938,-0.710971,0.03058,3e-06,0.003157,0.183473,-0.99982,0.00465,-0.015069,0.010541
2,0.225,12,0.081198,-0.577244,0.051955,0.007635,-0.69218,-0.721567,0.013045,-9.2e-05,0.003002,0.184242,0.999887,-0.006822,-0.012872,0.003825
2,0.225,12,0.081172,-0.575769,0.051786,-0.012693,0.733967,0.679062,-0.002409,-0.000145,0.003222,0.182774,-0.998289,-0.002709,0.016413,0.056056
2,0.225,12,0.08116,-0.576098,0.051979,-0.004357,0.686257,0.727334,0.004295,-0.000116,0.003017,0.183095,0.999552,0.003593,-0.027298,0.011768
2,0.225,12,0.08123,-0.576357,0.05198,-0.005423,-0.680355,-0.732861,-0.001413,-0.000173,0.003008,0.183357,0.999262,-0.00505,-0.032345,0.020078
2,0.225,12,0.08119,-0.576312,0.051905,-0.010182,-0.69277,-0.721076,-0.003951,-0.000134,0.003084,0.183313,0.999268,-0.007002,-0.037485,0.002994
2,0.225,12,0.081151,-0.576564,0.05189,-0.020083,0.693362,0.720254,-0.008947,-8.1e-05,0.00309,0.183563,0.999964,0.004723,-0.006762,0.001762
2,0.225,12,0.081187,-0.57544,0.051887,-0.027561,-0.698809,-0.714346,-0.024807,-0.000179,0.003132,0.182443,-0.997894,0.004327,0.064422,0.006179
2,0.225,12,0.08119,-0.576312,0.051905,-0.010182,-0.69277,-0.721076,-0.003951,-0.000134,0.003084,0.183313,0.999268,-0.007002,-0.037485,0.002994
2,0.225,12,0.08116,-0.576098,0.051979,-0.004357,0.686257,0.727334,0.004295,-0.000116,0.003017,0.183095,0.999552,0.003593,-0.027298,0.011768
2,0.225,12,0.08119,-0.576312,0.051905,-0.010182,-0.69277,-0.721076,-0.003951,-0.000134,0.003084,0.183313,0.999268,-0.007002,-0.037485,0.002994
2,0.225,12,0.081257,-0.575455,0.05189,-0.037691,-0.69687,-0.715445,-0.033012,-0.000248,0.003129,0.182462,-0.996978,0.005406,0.077394,0.004028
2,0.225,12,0.081063,-0.576484,0.051825,-0.034336,0.701835,0.711084,-0.024658,2e-06,0.003157,0.183481,-0.999835,-0.00299,-0.014452,0.0106
2,0.225,12,0.08119,-0.576312,0.051905,-0.010182,-0.69277,-0.721076,-0.003951,-0.000134,0.003084,0.183313,0.999268,-0.007002,-0.037485,0.002994
2,0.225,12,0.08119,-0.576312,0.051905,-0.010182,-0.69277,-0.721076,-0.003951,-0.000134,0.003084,0.183313,0.999268,-0.007002,-0.037485,0.002994
2,0.225,12,0.081151,-0.576564,0.05189,-0.020083,0.693362,0.720254,-0.008947,-8.1e-05,0.00309,0.183563,0.999964,0.004723,-0.006762,0.001762
2,0.225,12,0.08116,-0.576101,0.051976,-0.000775,-0.687597,-0.726091,0.001289,-0.000116,0.00302,0.183098,0.999573,-0.004037,-0.027104,0.01015
2,0.225,12,0.081033,-0.575854,0.052093,-0.030198,0.640963,0.766606,-0.023856,-4e-06,0.002911,0.18284,0.997358,0.002957,0.010751,0.071778
2,0.225,12,0.08123,-0.575594,0.052072,0.018955,0.677603,0.734812,0.02338,-0.000214,0.002943,0.182593,0.998086,0.001433,-0.057327,0.023166
2,0.225,12,0.080906,-0.57553,0.052024,0.071372,-0.675874,-0.729785,0.074259,0.000106,0.00299,0.182513,0.996891,-0.006056,0.075565,0.021499
2,0.225,12,0.08119,-0.576312,0.051905,-0.010182,-0.69277,-0.721076,-0.003951,-0.000134,0.003084,0.183313,0.999268,-0.007002,-0.037485,0.002994
2,0.225,12,0.081093,-0.57615,0.051895,0.007958,-0.700701,-0.713318,0.011535,-4.6e-05,0.0031,0.183146,-0.999857,0.005837,0.013655,0.008069
2,0.225,12,0.080978,-0.575821,0.051814,-0.030523,0.720652,0.692007,-0.029251,5.1e-05,0.003191,0.182814,-0.999188,0.003692,-0.014995,0.037213
2,0.225,12,0.081093,-0.57615,0.051895,0.007958,-0.700701,-0.713318,0.011535,-4.6e-05,0.0031,0.183146,-0.999857,0.005837,0.013655,0.008069
2,0.225,12,0.080962,-0.575782,0.051945,-0.060727,0.685088,0.724252,-0.049252,6.4e-05,0.003062,0.18277,0.998658,0.004231,0.050505,0.01067
2,0.225,12,0.081206,-0.576762,0.051843,-0.022893,0.709267,0.704505,-0.009438,-0.000125,0.003131,0.183765,-0.999761,-0.005709,0.00433,0.020648
2,0.225,12,0.08119,-0.576312,0.051905,-0.010182,-0.69277,-0.721076,-0.003951,-0.000134,0.003084,0.183313,0.999268,-0.007002,-0.037485,0.002994
2,0.225,12,0.081093,-0.57615,0.051895,0.007958,-0.700701,-0.713318,0.011535,-4.6e-05,0.0031,0.183146,-0.999857,0.005837,0.013655,0.008069
2,0.225,12,0.08119,-0.576312,0.051905,-0.010182,-0.69277,-0.721076,-0.003951,-0.000134,0.003084,0.183313,0.999268,-0.007002,-0.037485,0.002994
2,0.225,12,0.081024,-0.576268,0.051915,0.039026,-0.708641,-0.703241,0.041925,2.9e-05,0.003075,0.18326,-0.99932,0.006445,-0.029871,0.020645
2,0.225,12,0.081185,-0.575401,0.052135,0.023665,0.674641,0.737143,0.030329,-0.000181,0.002886,0.182396,0.997483,0.00326,-0.065541,0.026843
2,0.225,12,0.081187,-0.57544,0.051887,-0.027561,-0.698809,-0.714346,-0.024807,-0.000179,0.003132,0.182443,-0.997894,0.004327,0.064422,0.006179
2,0.225,12,0.081093,-0.57615,0.051895,0.007958,-0.700701,-0.713318,0.011535,-4.6e-05,0.0031,0.183146,-0.999857,0.005837,0.013655,0.008069
2,0.1875,13,0.081219,-0.576468,0.056857,-0.015857,0.663813,0.747656,-0.010546,0.000208,-0.004798,0.149205,0.999046,0.003752,0.010205,0.042297
2,0.1875,13,0.081226,-0.576833,0.05652,-0.044857,0.712465,0.699486,-0.033189,0.000207,-0.004473,0.149581,-0.998536,-0.007041,-0.046802,0.026191
2,0.1875,13,0.081072,-0.576171,0.056697,0.048402,-0.691877,-0.718787,0.048045,0.00035,-0.004627,0.148912,0.998215,-0.000936,0.059678,0.002095
2,0.1875,13,0.08143,-0.576682,0.056821,-0.0001,0.676649,0.736241,0.009749,-0.0,-0.004769,0.149424,0.999543,0.007246,-0.015233,0.025102
2,0.1875,13,0.081382,-0.577387,0.056596,-0.009897,0.713727,0.700336,0.00501,6e-05,-0.004568,0.150135,-0.999584,-0.010207,0.004894,0.026537
2,0.1875,13,0.081382,-0.577387,0.056596,-0.009897,0.713727,0.700336,0.00501,6e-05,-0.004568,0.150135,-0.999584,-0.010207,0.004894,0.026537
2,0.1875,13,0.08127,-0.577041,0.056652,-0.030789,0.694282,0.718781,-0.019458,0.000167,-0.004612,0.149785,0.999605,0.007362,0.027133,0.000289
2,0.1875,13,0.081305,-0.576211,0.056824,-0.00997,0.662247,0.749177,-0.007988,0.000118,-0.004756,0.148951,0.998999,0.001518,0.004194,0.044499
2,0.1875,13,0.081065,-0.576414,0.056711,-0.039378,0.673964,0.736912,-0.034395,0.000317,-0.004649,0.149153,0.99866,0.003217,0.043708,0.027523
2,0.1875,13,0.081295,-0.577314,0.056754,-0.011032,0.686144,0.727381,0.001234,0.000146,-0.004724,0.150056,0.999889,0.00861,-0.001457,0.012107
2,0.1875,13,0.081382,-0.577387,0.056596,-0.009897,0.713727,0.700336,0.00501,6e-05,-0.004568,0.150135,-0.999584,-0.010207,0.004894,0.026537
2,0.1875,13,0.081292,-0.576915,0.056676,-0.022193,0.699592,0.714098,-0.011922,0.000142,-0.004632,0.149659,-0.999831,-0.006746,-0.015713,0.006778
2,0.1875,13,0.081504,-0.576839,0.056701,0.023136,0.704617,0.708372,0.034492,-7.1e-05,-0.004654,0.149586,-0.998652,-0.00855,0.049129,0.01439
2,0.1875,13,0.081387,-0.577302,0.056675,0.005686,0.700047,0.713785,0.020328,5.4e-05,-0.004644,0.150047,-0.999559,-0.010554,0.026745,0.007357
2,0.1875,13,0.081168,-0.576573,0.056578,-0.029486,0.706832,0.70615,-0.029509,0.000217,-0.004522,0.149319,-0.999297,0.000529,-0.033178,0.017455
2,0.1875,13,0.081149,-0.576845,0.056652,-0.042185,0.693919,0.717953,-0.03522,0.000284,-0.004605,0.149588,-0.99892,-0.003947,-0.046288,-6e-06
2,0.1875,13,0.081295,-0.577277,0.056712,-0.023968,0.687059,0.726113,-0.011654,0.000146,-0.00468,0.15002,0.999768,0.008321,0.016803,0.01057
2,0.1875,13,0.081246,-0.57654,0.05673,0.017465,-0.681599,-0.731312,0.017363,0.000182,-0.004673,0.149282,0.999705,-0.000239,0.016095,0.018183
2,0.1875,13,0.081364,-0.57692,0.056583,-0.010248,0.718237,0.695721,-0.001911,7.1e-05,-0.004539,0.149669,-0.999442,-0.00542,-0.000171,0.032946
2,0.1875,13,0.081146,-0.576782,0.056715,-0.029802,0.672618,0.739136,-0.019365,0.000243,-0.004666,0.149522,0.999174,0.00739,0.026372,0.030007
2,0.1875,13,0.081105,-0.576378,0.056528,-0.05364,0.709335,0.701331,-0.04584,0.000276,-0.004466,0.149125,-0.997815,-0.004471,-0.061908,0.022656
2,0.1875,13,0.081153,-0.576492,0.056857,-0.02702,0.649626,0.759572,-0.017471,0.000274,-0.004798,0.149228,0.997864,0.006687,0.023054,0.060755
2,0.1875,13,0.081263,-0.576546,0.056773,-0.013309,0.680208,0.732863,-0.007224,0.000122,-0.004716,0.149287,0.999767,0.004573,0.006068,0.020221
2,0.1875,13,0.081481,-0.576934,0.056727,0.027723,0.695124,0.71724,0.040024,-4.6e-05,-0.004684,0.14968,-0.99837,-0.009451,0.05627,0.001408
2,0.1875,13,0.081123,-0.576392,0.056726,-0.034328,0.682263,0.729693,-0.029784,0.000302,-0.004664,0.149131,0.99918,0.002536,0.036857,0.016558
2,0.1875,13,0.081295,-0.577277,0.056712,-0.023968,0.687059,0.726113,-0.011654,0.000146,-0.00468,0.15002,0.999768,0.008321,0.016803,0.01057
2,0.1875,13,0.081152,-0.576699,0.056605,-0.039359,0.710302,0.702085,-0.03162,0.000235,-0.004553,0.149443,-0.998856,-0.00477,-0.041747,0.022823
2,0.1875,13,0.081183,-0.576834,0.05652,-0.044591,0.712456,0.699498,-0.033479,0.000207,-0.004473,0.149581,-0.998536,-0.007041,-0.046802,0.026191
2,0.1875,13,0.081169,-0.576363,0.056626,-0.030673,0.703519,0.709564,-0.025271,0.000212,-0.004564,0.149107,-0.99943,-0.003384,-0.031087,0.012732
2,0.1875,13,0.081404,-0.577071,0.056491,0.002277,0.736019,0.676796,0.014737,-1.1e-05,-0.004452,0.149823,-0.998016,-0.008856,0.020416,0.058905
2,0.1875,13,0.081419,-0.576587,0.056689,0.00974,0.695892,0.717835,0.018755,1e-05,-0.004633,0.149333,-0.999569,-0.006655,0.028568,0.001522
2,0.1875,13,0.08108,-0.576192,0.056612,-0.058887,0.70706,0.702506,-0.055537,0.000299,-0.004543,0.148935,-0.997169,-0.001166,-0.072426,0.020179
2,0.1875,13,0.081218,-0.576516,0.056757,-0.027296,0.685413,0.72727,-0.02329,0.000166,-0.004699,0.149256,0.999545,0.002677,0.02729,0.0126
2,0.1875,13,0.08117,-0.576572,0.056577,-0.033108,0.70689,0.706128,-0.024353,0.000215,-0.004522,0.149318,-0.999311,-0.005695,-0.032199,0.017564
2,0.1875,13,0.081398,-0.576739,0.056716,0.016525,0.69926,0.714199,0.026129,-1e-05,-0.004666,0.149483,-0.999206,-0.007592,0.03857,0.006461
2,0.1875,13,0.081056,-0.57629,0.056555,-0.055544,0.713229,0.696943,-0.049903,0.000324,-0.00449,0.149035,-0.997402,-0.002823,-0.066101,0.028493
2,0.1875,13,0.081193,-0.576165,0.056823,-0.023446,0.662558,0.74845,-0.017048,0.000229,-0.004753,0.148903,0.998829,0.004363,0.020183,0.043747
2,0.1875,13,0.081445,-0.576693,0.056672,0.01925,0.701317,0.712003,0.028897,-5.7e-05,-0.004621,0.14944,-0.999024,-0.007663,0.042453,0.009465
2,0.1875,13,0.081204,-0.57578,0.056962,-0.017045,0.640004,0.768138,-0.008252,0.000168,-0.004879,0.148514,0.997217,0.006885,0.009508,0.073625
2,0.1875,13,0.081198,-0.57672,0.056774,-0.023454,0.679534,0.733089,-0.016249,0.00019,-0.004723,0.149459,0.999576,0.005141,0.019636,0.020852
2,0.1875,13,0.080952,-0.576399,0.056646,-0.050718,0.695467,0.715187,-0.04755,0.00043,-0.004585,0.149139,-0.998132,-0.001378,-0.060999,0.003028
2,0.1875,13,0.081215,-0.576833,0.056838,-0.018788,0.670658,0.741453,-0.010617,0.000175,-0.004791,0.149571,0.999359,0.006051,0.012373,0.033043
2,0.15,14,0.079767,-0.579421,0.064151,-0.030973,0.723451,0.688922,-0.032352,0.002467,-0.008195,0.115134,-0.998365,0.006648,-0.01983,0.053201
2,0.15,14,0.080019,-0.579507,0.064193,0.002089,0.714226,0.699907,0.002671,0.002218,-0.008241,0.115231,-0.998825,0.003513,0.028323,0.039173
2,0.15,14,0.079876,-0.579532,0.064266,0.009794,-0.702563,-0.711433,0.013162,0.002362,-0.008316,0.115244,-0.999683,0.006463,0.00888,0.022642
2,0.15,14,0.079818,-0.579334,0.064307,0.024321,-0.698114,-0.71512,0.025483,0.002409,-0.008346,0.115042,-0.999793,0.005308,-0.010128,0.016845
2,0.15,14,0.07967,-0.579129,0.064257,-0.054948,0.708986,0.70102,-0.053767,0.002548,-0.008285,0.114832,-0.998047,0.005295,-0.051925,0.034307
2,0.15,14,0.079807,-0.579234,0.064152,0.019295,-0.723034,-0.690239,0.020504,0.002417,-0.008185,0.11495,-0.998621,0.006017,-0.003189,0.05206
2,0.15,14,0.079765,-0.579489,0.064185,0.022219,-0.722667,-0.690314,0.026912,0.002472,-0.008233,0.1152,-0.99858,0.008662,-0.009716,0.051655
2,0.15,14,0.07976,-0.579354,0.064367,-0.025754,0.697642,0.715595,-0.023576,0.002468,-0.008407,0.115055,-0.999815,0.002922,-0.009859,0.016236
2,0.15,14,0.079758,-0.579165,0.064443,0.037683,-0.692191,-0.719567,0.040926,0.00246,-0.008472,0.114862,-0.999467,0.007183,-0.030437,0.009374
2,0.15,14,0.080049,-0.579333,0.064208,-0.000472,0.724422,0.689289,0.009611,0.002179,-0.008246,0.115058,-0.998048,-0.002924,0.031159,0.054051
2,0.15,14,0.079906,-0.579433,0.064287,-0.011126,0.711794,0.702229,-0.010011,0.002327,-0.008331,0.115145,-0.999304,0.003584,0.010024,0.035752
2,0.15,14,0.079949,-0.579541,0.064209,-0.015246,0.717501,0.696389,-0.001298,0.00229,-0.00826,0.11526,-0.998926,-0.005375,0.012973,0.044148
2,0.15,14,0.079978,-0.579125,0.064328,-8.3e-05,0.707849,0.706349,0.004531,0.002239,-0.008354,0.114839,-0.99915,0.000443,0.028055,0.030187
2,0.15,14,0.079705,-0.579264,0.064306,-0.038856,0.712779,0.699271,-0.038153,0.002518,-0.008342,0.114966,-0.998816,0.005085,-0.029491,0.038342
2,0.15,14,0.0798,-0.579321,0.06415,-0.022922,0.730842,0.681824,-0.021436,0.002428,-0.008189,0.115036,-0.997948,0.004492,-0.00652,0.063546
2,0.15,14,0.079989,-0.579547,0.064255,0.004681,-0.713132,-0.700989,0.005972,0.00225,-0.008306,0.115265,-0.999128,0.005114,0.017476,0.037561
2,0.15,14,0.079757,-0.579064,0.064292,-0.032489,0.708371,0.70445,-0.030102,0.002457,-0.008315,0.11477,-0.999307,0.003433,-0.019299,0.031652
2,0.15,14,0.079842,-0.579435,0.064289,0.011871,-0.711454,-0.702522,0.012452,0.00239,-0.008334,0.115144,-0.999336,0.004835,0.007808,0.035265
2,0.15,14,0.080083,-0.579298,0.064367,0.014023,0.698335,0.715089,0.027899,0.002143,-0.008402,0.115015,-0.99834,-0.007195,0.054378,0.017537
2,0.15,14,0.079791,-0.579295,0.064359,0.03018,-0.699603,-0.713127,0.033083,0.002434,-0.008396,0.114998,-0.999599,0.006876,-0.019621,0.019228
2,0.15,14,0.079866,-0.579241,0.064549,-0.016126,0.672862,0.739561,-0.006839,0.002355,-0.008582,0.114937,0.999793,0.003507,-0.00874,0.018028
2,0.15,14,0.079871,-0.579274,0.064254,-0.02384,0.712041,0.701601,-0.013603,0.002354,-0.008289,0.114987,-0.99933,-0.002513,-0.001693,0.03648
2,0.15,14,0.079768,-0.579151,0.064443,0.029289,-0.692385,-0.720384,0.028156,0.002449,-0.008471,0.114849,-0.999831,0.003648,-0.015553,0.009088
2,0.15,14,0.079904,-0.579333,0.064423,0.008882,-0.69141,-0.722313,0.011676,0.002322,-0.008461,0.115037,-0.999903,0.005617,0.010616,0.007084
2,0.15,14,0.07976,-0.579229,0.064347,0.039391,-0.702251,-0.709769,0.038987,0.002461,-0.00838,0.114931,-0.99925,0.004953,-0.030396,0.023475
2,0.15,14,0.079908,-0.579432,0.064295,-0.015459,0.709462,0.70456,-0.004334,0.002325,-0.008339,0.115144,-0.999403,-0.0036,0.010781,0.032638
2,0.15,14,0.079813,-0.579237,0.064376,-0.027067,0.702675,0.710594,-0.023916,0.002409,-0.00841,0.114941,-0.999663,0.002446,-0.011073,0.023339
2,0.15,14,0.079935,-0.579472,0.064362,-0.015711,0.692452,0.721268,-0.005891,0.002299,-0.008408,0.115182,-0.99991,-0.003238,0.009614,0.008779
2,0.15,14,0.079674,-0.579246,0.064252,-0.040317,0.7188,0.693019,-0.03776,0.002549,-0.008286,0.11495,-0.998425,0.004014,-0.03032,0.047038
2,0.15,14,0.079819,-0.579292,0.064259,-0.01939,0.710534,0.703252,-0.01421,0.002406,-0.008295,0.115002,-0.999415,0.000926,0.001136,0.034173
2,0.15,14,0.079979,-0.579208,0.064446,-0.009416,0.692811,0.721057,-0.001175,0.002241,-0.008476,0.114915,-0.999803,-0.002338,0.017428,0.009187
2,0.15,14,0.079969,-0.57947,0.064418,-0.006819,0.693174,0.720732,0.003164,0.002264,-0.008464,0.115178,-0.999697,-0.003699,0.022292,0.009723
2,0.15,14,0.079769,-0.579518,0.064388,0.023392,-0.700926,-0.712459,0.023634,0.002467,-0.008437,0.115218,-0.99974,0.004698,-0.008196,0.020738
2,0.15,14,0.079906,-0.579433,0.064287,-0.011126,0.711794,0.702229,-0.010011,0.002327,-0.008331,0.115145,-0.999304,0.003584,0.010024,0.035752
2,0.15,14,0.079884,-0.579488,0.064161,-0.009741,0.729807,0.683526,-0.008912,0.002353,-0.008208,0.115206,-0.998018,0.004382,0.011675,0.061682
2,0.15,14,0.079733,-0.579318,0.064418,0.031651,-0.699378,-0.713368,0.031214,0.002492,-0.008456,0.115014,-0.999622,0.004499,-0.019406,0.018959
2,0.15,14,0.079706,-0.579317,0.064149,0.028805,-0.73811,-0.67325,0.033157,0.002522,-0.008188,0.115028,-0.996994,0.009255,-0.018904,0.074562
2,0.15,14,0.079684,-0.579429,0.064346,0.045058,-0.702903,-0.708445,0.044751,0.002547,-0.008391,0.115127,-0.998937,0.00529,-0.038488,0.024826
2,0.15,14,0.079908,-0.579433,0.064289,-0.012414,0.711543,0.702488,-0.007927,0.002325,-0.008333,0.115146,-0.999315,0.001175,0.010519,0.035454
2,0.15,15,0.078745,-0.581769,0.072395,0.021046,-0.729135,-0.683592,0.02493,0.000741,-0.008042,0.11181,-0.999516,0.004994,-0.007118,0.029856
2,0.15,15,0.078737,-0.582011,0.072466,0.025673,-0.730624,-0.681643,0.029876,0.000761,-0.008113,0.112053,-0.999369,0.005266,-0.013896,0.032272
2,0.15,15,0.078744,-0.581641,0.072537,0.031179,-0.719922,-0.692117,0.041404,0.000735,-0.008185,0.111683,-0.999475,0.009115,-0.025928,0.017176
2,0.15,15,0.078723,-0.581859,0.072375,-0.028278,0.742438,0.668588,-0.031252,0.000767,-0.008022,0.111899,-0.998603,0.004837,-0.016758,0.04987
2,0.15,15,0.078884,-0.58129,0.072544,0.002006,-0.704881,-0.709287,0.007118,0.000578,-0.008193,0.11134,0.999792,-0.005022,-0.019009,0.005437
2,0.15,15,0.078804,-0.581925,0.072526,0.020474,-0.714593,-0.698663,0.028401,0.000689,-0.008172,0.11197,-0.999892,0.007314,-0.009132,0.008847
2,0.15,15,0.078917,-0.582016,0.072406,0.008613,-0.731847,-0.681254,0.014776,0.000582,-0.008052,0.112066,-0.99938,0.006731,0.008847,0.033409
2,0.15,15,0.078964,-0.581701,0.072436,0.002295,0.733031,0.68018,0.00397,0.000519,-0.008083,0.111754,-0.998935,0.001278,0.02982,0.035176
2,0.15,15,0.078973,-0.581969,0.072455,0.000535,-0.726214,-0.687422,0.008002,0.000523,-0.008101,0.112022,-0.999471,0.007465,0.019366,0.025058
2,0.15,15,0.078817,-0.581847,0.072483,0.02509,-0.723413,-0.689289,0.03041,0.000673,-0.00813,0.111893,-0.999651,0.005788,-0.01384,0.021748
2,0.15,15,0.078804,-0.581587,0.072512,0.017668,-0.7184,-0.694981,0.024309,0.000673,-0.00816,0.111632,-0.999869,0.006551,-0.004259,0.01417
2,0.15,15,0.078798,-0.581762,0.072305,0.014617,-0.74371,-0.668072,0.019003,0.000688,-0.007953,0.111806,-0.998673,0.005909,0.001567,0.051135
2,0.15,15,0.078699,-0.581728,0.072478,0.036543,-0.721624,-0.68977,0.04627,0.000784,-0.008126,0.111768,-0.99921,0.008818,-0.033175,0.020038
2,0.15,15,0.079001,-0.581778,0.072612,-0.000235,-0.704983,-0.709209,0.00473,0.000485,-0.008258,0.111834,0.999726,-0.004928,-0.022283,0.005302
2,0.15,15,0.078887,-0.581897,0.072485,0.014199,-0.731325,-0.681537,0.021672,0.000606,-0.008131,0.111946,-0.999433,0.007624,1.8e-05,0.032803
2,0.15,15,0.078844,-0.581377,0.072659,0.014878,-0.699263,-0.714506,0.01707,0.000622,-0.008307,0.111426,0.999907,-0.002726,-0.002885,0.013068
2,0.15,15,0.07877,-0.581698,0.072538,0.028325,-0.721002,-0.691558,0.033175,0.000712,-0.008186,0.111742,-0.999652,0.005362,-0.018078,0.018443
2,0.15,15,0.078902,-0.581736,0.072319,0.003217,-0.740567,-0.67194,0.00682,0.000583,-0.007966,0.111785,-0.998751,0.005267,0.018259,0.046217
2,0.15,15,0.078919,-0.581718,0.072602,0.014193,-0.706021,-0.707867,0.016034,0.000564,-0.008249,0.111769,0.999981,-0.002722,-0.00409,0.00359
2,0.15,15,0.078921,-0.581716,0.072327,0.000143,-0.738386,-0.674379,0.000175,0.000563,-0.007974,0.111766,-0.998754,0.002675,0.025144,0.043026
2,0.15,15,0.078867,-0.581977,0.072536,0.011178,-0.720442,-0.693092,0.021496,0.000629,-0.008182,0.112025,-0.999812,0.009235,0.002309,0.016894
2,0.15,15,0.07902,-0.581603,0.072312,0.009786,0.74019,0.672212,0.01241,0.000459,-0.007959,0.111658,-0.998102,0.000904,0.041052,0.045905
2,0.15,15,0.078817,-0.58182,0.072483,0.016961,-0.716064,-0.697427,0.023673,0.000672,-0.00813,0.111865,-0.999915,0.006518,-0.003303,0.01079
2,0.15,15,0.078737,-0.581663,0.07261,0.034315,-0.709412,-0.702659,0.042743,0.000743,-0.008257,0.111705,-0.999547,0.007458,-0.029066,0.002323
2,0.15,15,0.078799,-0.581703,0.072491,0.018608,-0.71883,-0.694378,0.027869,0.000683,-0.008139,0.111748,-0.999827,0.008415,-0.007449,0.014849
2,0.15,15,0.079005,-0.581931,0.072347,-0.003889,-0.737991,-0.674787,-0.004187,0.00049,-0.007993,0.111985,-0.998611,0.00244,0.03108,0.042473
2,0.15,15,0.078709,-0.581689,0.07248,0.02725,-0.721048,-0.691443,0.03541,0.000773,-0.008127,0.111729,-0.999621,0.007703,-0.018905,0.018496
2,0.15,15,0.078951,-0.581892,0.07243,-0.020988,0.730526,0.682457,-0.012012,0.000542,-0.008076,0.111944,-0.999481,-0.004031,0.002077,0.031887
2,0.15,15,0.079117,-0.581411,0.072362,-0.024597,-0.738051,-0.673895,-0.023263,0.000351,-0.008009,0.111472,-0.997307,0.003673,0.059183,0.043161
2,0.15,15,0.078798,-0.581746,0.072335,-0.02434,0.743478,0.667872,-0.024384,0.000687,-0.007982,0.111789,-0.998644,0.002814,-0.00911,0.051176
2,0.15,15,0.078865,-0.581545,0.072635,-0.013593,0.694315,0.719462,-0.0108,0.000609,-0.008282,0.111594,0.999766,0.000964,-0.008244,0.019971
2,0.15,15,0.078698,-0.581731,0.072606,0.031339,-0.711724,-0.700745,0.037724,0.000786,-0.008253,0.111771,-0.999693,0.006103,-0.023409,0.005354
2,0.15,15,0.078845,-0.581613,0.072624,-0.019352,0.690871,0.722534,-0.016334,0.000632,-0.008272,0.111661,0.999697,0.001258,-0.000261,0.024585
2,0.15,15,0.078945,-0.581611,0.072611,0.006464,-0.708965,-0.705165,0.00838,0.000532,-0.008258,0.111664,-0.999884,0.002902,0.014962,0.000416
2,0.15,15,0.078935,-0.581605,0.072395,0.000398,-0.733713,-0.679441,0.004906,0.000543,-0.008042,0.111656,-0.9991,0.005656,0.02163,0.036058
2,0.15,15,0.078734,-0.581884,0.07243,0.024588,-0.729689,-0.682697,0.029589,0.000758,-0.008077,0.111925,-0.999424,0.005796,-0.012924,0.030852
2,0.15,15,0.078828,-0.581832,0.072538,0.013353,-0.716879,-0.69674,0.02144,0.000661,-0.008185,0.111878,-0.999901,0.007526,0.000825,0.011833
2,0.15,15,0.078804,-0.581587,0.072512,0.017668,-0.7184,-0.694981,0.024309,0.000673,-0.00816,0.111632,-0.999869,0.006551,-0.004259,0.01417
